segment,dt_ms,mode,rate,known,noisy,r_experimental_px,deviation_experimental_px,raw_truth_rmse,stable_truth_rmse,static_raw_jitter,static_stable_jitter,jitter_ratio,static_raw_diff_rms,static_stable_diff_rms,deviation_mean,deviation_p95,deviation_p99,deviation_max,lag_mean_px,lag_p95_px,lag_max_px,smoothing_calls,fallback_calls,fallback_reasons,wrong_correspondence,deleted_legal_measurements,unknown_leaks,raw_changed
0,7,translation,0,False,False,2,0.5,0.0,0.0,0.0,0.0,,0.0,0.0,0.0,0.0,0.0,0.0,0,0,0,31,1,{'NO_HISTORY': 1},0,0,0,0
1,7,translation,0.5,False,False,2,0.5,0.0,0.2862385964793317,,,,,,0.2266063690185547,0.42388916015625,0.42388916015625,0.42388916015625,0.2266063690185547,0.42388916015625,0.42388916015625,21,11,"{'NO_HISTORY': 1, 'SMOOTHING_DEVIATION': 10}",0,0,0,0
2,7,translation,1,False,False,2,0.5,0.0,0.0,,,,,,0.0,0.0,0.0,0.0,0,0,0,0,32,"{'NO_HISTORY': 1, 'SMOOTHING_DEVIATION': 31}",0,0,0,0
3,7,translation,2,False,False,2,0.5,0.0,0.0,,,,,,0.0,0.0,0.0,0.0,0,0,0,0,32,"{'NO_HISTORY': 1, 'SMOOTHING_DEVIATION': 31}",0,0,0,0
4,7,translation,4,False,False,2,0.5,0.0,0.0,,,,,,0.0,0.0,0.0,0.0,0,0,0,0,32,"{'NO_HISTORY': 1, 'SMOOTHING_DEVIATION': 31}",0,0,0,0
5,7,translation,8,False,False,2,0.5,0.0,0.0,,,,,,0.0,0.0,0.0,0.0,0,0,0,0,32,"{'NO_HISTORY': 1, 'SMOOTHING_DEVIATION': 31}",0,0,0,0
6,7,rotation,0,False,False,2,0.5,0.0,0.0,0.0,0.0,,0.0,0.0,0.0,0.0,0.0,0.0,,,,31,1,{'NO_HISTORY': 1},0,0,0,0
7,7,rotation,0.5,False,False,2,0.5,1.9485347758279063e-05,0.23898281685696546,,,,,,0.16898809683621469,0.33800676587911643,0.33801956142231304,0.33801956142231304,0.16898429352858715,0.33799561537491263,0.3380012369047665,16,16,"{'NO_HISTORY': 1, 'SMOOTHING_DEVIATION': 15}",0,0,0,0
8,7,rotation,2,False,False,2,0.5,2.1328854252288434e-05,2.1328854252288434e-05,,,,,,0.0,0.0,0.0,0.0,-1.4235539842591025e-06,2.721683632443022e-05,3.070401778399892e-05,0,32,"{'NO_HISTORY': 1, 'SMOOTHING_DEVIATION': 31}",0,0,0,0
9,7,rotation,5,False,False,2,0.5,1.9124847228278004e-05,1.9124847228278004e-05,,,,,,0.0,0.0,0.0,0.0,2.1765184062023765e-07,2.9584454096518122e-05,2.95844542084778e-05,0,32,"{'NO_HISTORY': 1, 'SMOOTHING_DEVIATION': 31}",0,0,0,0
10,7,translation,0,False,True,2,0.5,1.151179374980162,1.1268227150912653,1.0122420565016743,0.9827817681787059,0.9708960044351608,0.6165911242632021,0.603465204314776,0.05357334187449864,0.1954454446372748,0.2744915537177451,0.2745219201954371,-0.0005273818969726562,1,1.114990234375,28,4,"{'NO_HISTORY': 1, 'SMOOTHING_DEVIATION': 3}",0,0,0,0
11,7,translation,0.5,False,True,2,0.5,1.151179374980162,1.1736799016602462,,,,,,0.19391190683765136,0.42388916015625,0.4482282883643773,0.49120809448056496,0.19040393829345703,1.390625,1.56097412109375,18,14,"{'NO_HISTORY': 1, 'SMOOTHING_DEVIATION': 13}",0,0,0,0
12,7,translation,1,False,True,2,0.5,1.151179374980162,1.151179374980162,,,,,,0.0,0.0,0.0,0.0,-0.0015778541564941406,1,1.1370849609375,0,32,"{'NO_HISTORY': 1, 'SMOOTHING_DEVIATION': 31}",0,0,0,0
13,7,translation,2,False,True,2,0.5,1.151179374980162,1.151179374980162,,,,,,0.0,0.0,0.0,0.0,-0.0015778541564941406,1,1.1370849609375,0,32,"{'NO_HISTORY': 1, 'SMOOTHING_DEVIATION': 31}",0,0,0,0
14,7,translation,4,False,True,2,0.5,1.151179374980162,1.151179374980162,,,,,,0.0,0.0,0.0,0.0,-0.0015778541564941406,1,1.1370849609375,0,32,"{'NO_HISTORY': 1, 'SMOOTHING_DEVIATION': 31}",0,0,0,0
15,7,translation,8,False,True,2,0.5,1.151179374980162,1.151179374980162,,,,,,0.0,0.0,0.0,0.0,-0.0015778541564941406,1,1.1370849609375,0,32,"{'NO_HISTORY': 1, 'SMOOTHING_DEVIATION': 31}",0,0,0,0
16,7,rotation,0,False,True,2,0.5,1.151179374980162,1.1268227150912653,1.0122420565016743,0.9827817681787059,0.9708960044351608,0.6165911242632021,0.603465204314776,0.05357334187449864,0.1954454446372748,0.2744915537177451,0.2745219201954371,,,,28,4,"{'NO_HISTORY': 1, 'SMOOTHING_DEVIATION': 3}",0,0,0,0
17,7,rotation,0.5,False,True,2,0.5,1.1511762174519722,1.2513536117592678,,,,,,0.16866037875566486,0.33801106968823214,0.3462036585287404,0.361992657933743,0.7162396787257781,1.3977842393035274,1.4389901897808333,16,16,"{'NO_HISTORY': 1, 'SMOOTHING_DEVIATION': 15}",0,0,0,0
18,7,rotation,2,False,True,2,0.5,1.1511722597858918,1.1511722597858918,,,,,,0.0,0.0,0.0,0.0,0.715454049551143,1.224745336647978,1.2486550657840458,0,32,"{'NO_HISTORY': 1, 'SMOOTHING_DEVIATION': 31}",0,0,0,0
19,7,rotation,5,False,True,2,0.5,1.1511776798490547,1.1511776798490547,,,,,,0.0,0.0,0.0,0.0,0.4726718095248337,1.0908146174908213,1.1153189608153662,0,32,"{'NO_HISTORY': 1, 'SMOOTHING_DEVIATION': 31}",0,0,0,0
20,7,translation,0,True,False,2,0.5,0.0,0.0,0.0,0.0,,0.0,0.0,0.0,0.0,0.0,0.0,0,0,0,31,1,{'NO_HISTORY': 1},0,0,0,0
21,7,translation,0.5,True,False,2,0.5,0.0,0.2862385964793317,,,,,,0.2266063690185547,0.42388916015625,0.42388916015625,0.42388916015625,0.2266063690185547,0.42388916015625,0.42388916015625,21,11,"{'NO_HISTORY': 1, 'SMOOTHING_DEVIATION': 10}",0,0,0,0
22,7,translation,1,True,False,2,0.5,0.0,0.0,,,,,,0.0,0.0,0.0,0.0,0,0,0,0,32,"{'NO_HISTORY': 1, 'SMOOTHING_DEVIATION': 31}",0,0,0,0
23,7,translation,2,True,False,2,0.5,0.0,0.0,,,,,,0.0,0.0,0.0,0.0,0,0,0,0,32,"{'NO_HISTORY': 1, 'SMOOTHING_DEVIATION': 31}",0,0,0,0
24,7,translation,4,True,False,2,0.5,0.0,0.0,,,,,,0.0,0.0,0.0,0.0,0,0,0,0,32,"{'NO_HISTORY': 1, 'SMOOTHING_DEVIATION': 31}",0,0,0,0
25,7,translation,8,True,False,2,0.5,0.0,0.0,,,,,,0.0,0.0,0.0,0.0,0,0,0,0,32,"{'NO_HISTORY': 1, 'SMOOTHING_DEVIATION': 31}",0,0,0,0
26,7,rotation,0,True,False,2,0.5,0.0,0.0,0.0,0.0,,0.0,0.0,0.0,0.0,0.0,0.0,,,,31,1,{'NO_HISTORY': 1},0,0,0,0
27,7,rotation,0.5,True,False,2,0.5,1.9485347758279063e-05,0.23898281685696546,,,,,,0.16898809683621469,0.33800676587911643,0.33801956142231304,0.33801956142231304,0.16898429352858715,0.33799561537491263,0.3380012369047665,16,16,"{'NO_HISTORY': 1, 'SMOOTHING_DEVIATION': 15}",0,0,0,0
28,7,rotation,2,True,False,2,0.5,2.1328854252288434e-05,2.1328854252288434e-05,,,,,,0.0,0.0,0.0,0.0,-1.4235539842591025e-06,2.721683632443022e-05,3.070401778399892e-05,0,32,"{'NO_HISTORY': 1, 'SMOOTHING_DEVIATION': 31}",0,0,0,0
29,7,rotation,5,True,False,2,0.5,1.9124847228278004e-05,1.9124847228278004e-05,,,,,,0.0,0.0,0.0,0.0,2.1765184062023765e-07,2.9584454096518122e-05,2.95844542084778e-05,0,32,"{'NO_HISTORY': 1, 'SMOOTHING_DEVIATION': 31}",0,0,0,0
30,7,translation,0,True,True,2,0.5,1.151179374980162,1.1268227150912653,1.0122420565016743,0.9827817681787059,0.9708960044351608,0.6165911242632021,0.603465204314776,0.05357334187449864,0.1954454446372748,0.2744915537177451,0.2745219201954371,-0.0005273818969726562,1,1.114990234375,28,4,"{'NO_HISTORY': 1, 'SMOOTHING_DEVIATION': 3}",0,0,0,0
31,7,translation,0.5,True,True,2,0.5,1.151179374980162,1.1736799016602462,,,,,,0.19391190683765136,0.42388916015625,0.4482282883643773,0.49120809448056496,0.19040393829345703,1.390625,1.56097412109375,18,14,"{'NO_HISTORY': 1, 'SMOOTHING_DEVIATION': 13}",0,0,0,0
32,7,translation,1,True,True,2,0.5,1.151179374980162,1.151179374980162,,,,,,0.0,0.0,0.0,0.0,-0.0015778541564941406,1,1.1370849609375,0,32,"{'NO_HISTORY': 1, 'SMOOTHING_DEVIATION': 31}",0,0,0,0
33,7,translation,2,True,True,2,0.5,1.151179374980162,1.151179374980162,,,,,,0.0,0.0,0.0,0.0,-0.0015778541564941406,1,1.1370849609375,0,32,"{'NO_HISTORY': 1, 'SMOOTHING_DEVIATION': 31}",0,0,0,0
34,7,translation,4,True,True,2,0.5,1.151179374980162,1.151179374980162,,,,,,0.0,0.0,0.0,0.0,-0.0015778541564941406,1,1.1370849609375,0,32,"{'NO_HISTORY': 1, 'SMOOTHING_DEVIATION': 31}",0,0,0,0
35,7,translation,8,True,True,2,0.5,1.151179374980162,1.151179374980162,,,,,,0.0,0.0,0.0,0.0,-0.0015778541564941406,1,1.1370849609375,0,32,"{'NO_HISTORY': 1, 'SMOOTHING_DEVIATION': 31}",0,0,0,0
36,7,rotation,0,True,True,2,0.5,1.151179374980162,1.1268227150912653,1.0122420565016743,0.9827817681787059,0.9708960044351608,0.6165911242632021,0.603465204314776,0.05357334187449864,0.1954454446372748,0.2744915537177451,0.2745219201954371,,,,28,4,"{'NO_HISTORY': 1, 'SMOOTHING_DEVIATION': 3}",0,0,0,0
37,7,rotation,0.5,True,True,2,0.5,1.1511762174519722,1.2513536117592678,,,,,,0.16866037875566486,0.33801106968823214,0.3462036585287404,0.361992657933743,0.7162396787257781,1.3977842393035274,1.4389901897808333,16,16,"{'NO_HISTORY': 1, 'SMOOTHING_DEVIATION': 15}",0,0,0,0
38,7,rotation,2,True,True,2,0.5,1.1511722597858918,1.1511722597858918,,,,,,0.0,0.0,0.0,0.0,0.715454049551143,1.224745336647978,1.2486550657840458,0,32,"{'NO_HISTORY': 1, 'SMOOTHING_DEVIATION': 31}",0,0,0,0
39,7,rotation,5,True,True,2,0.5,1.1511776798490547,1.1511776798490547,,,,,,0.0,0.0,0.0,0.0,0.4726718095248337,1.0908146174908213,1.1153189608153662,0,32,"{'NO_HISTORY': 1, 'SMOOTHING_DEVIATION': 31}",0,0,0,0
40,7,translation,0,False,False,2,1,0.0,0.0,0.0,0.0,,0.0,0.0,0.0,0.0,0.0,0.0,0,0,0,31,1,{'NO_HISTORY': 1},0,0,0,0
41,7,translation,0.5,False,False,2,1,0.0,0.5765109953370299,,,,,,0.563690185546875,0.60552978515625,0.60552978515625,0.60552978515625,0.563690185546875,0.60552978515625,0.60552978515625,31,1,{'NO_HISTORY': 1},0,0,0,0
42,7,translation,1,False,False,2,1,0.0,0.5724489474578326,,,,,,0.45319366455078125,0.84771728515625,0.84771728515625,0.84771728515625,0.45319366455078125,0.84771728515625,0.84771728515625,21,11,"{'NO_HISTORY': 1, 'SMOOTHING_DEVIATION': 10}",0,0,0,0
43,7,translation,2,False,False,2,1,0.0,0.0,,,,,,0.0,0.0,0.0,0.0,0,0,0,0,32,"{'NO_HISTORY': 1, 'SMOOTHING_DEVIATION': 31}",0,0,0,0
44,7,translation,4,False,False,2,1,0.0,0.0,,,,,,0.0,0.0,0.0,0.0,0,0,0,0,32,"{'NO_HISTORY': 1, 'SMOOTHING_DEVIATION': 31}",0,0,0,0
45,7,translation,8,False,False,2,1,0.0,0.0,,,,,,0.0,0.0,0.0,0.0,0,0,0,0,32,"{'NO_HISTORY': 1, 'SMOOTHING_DEVIATION': 31}",0,0,0,0
46,7,rotation,0,False,False,2,1,0.0,0.0,0.0,0.0,,0.0,0.0,0.0,0.0,0.0,0.0,,,,31,1,{'NO_HISTORY': 1},0,0,0,0
47,7,rotation,0.5,False,False,2,1,1.9485347758279063e-05,0.7114155076025189,,,,,,0.6955980882933079,0.7472356600818065,0.7472435974657301,0.7472515391274995,0.695524985609689,0.7471395234265409,0.7471530592691309,31,1,{'NO_HISTORY': 1},0,0,0,0
48,7,rotation,2,False,False,2,1,2.1328854252288434e-05,2.1328854252288434e-05,,,,,,0.0,0.0,0.0,0.0,-1.4235539842591025e-06,2.721683632443022e-05,3.070401778399892e-05,0,32,"{'NO_HISTORY': 1, 'SMOOTHING_DEVIATION': 31}",0,0,0,0
49,7,rotation,5,False,False,2,1,1.9124847228278004e-05,1.9124847228278004e-05,,,,,,0.0,0.0,0.0,0.0,2.1765184062023765e-07,2.9584454096518122e-05,2.95844542084778e-05,0,32,"{'NO_HISTORY': 1, 'SMOOTHING_DEVIATION': 31}",0,0,0,0
50,7,translation,0,False,True,2,1,1.151179374980162,1.1268227150912653,1.0122420565016743,0.9827817681787059,0.9708960044351608,0.6165911242632021,0.603465204314776,0.05357334187449864,0.1954454446372748,0.2744915537177451,0.2745219201954371,-0.0005273818969726562,1,1.114990234375,28,4,"{'NO_HISTORY': 1, 'SMOOTHING_DEVIATION': 3}",0,0,0,0
51,7,translation,0.5,False,True,2,1,1.151179374980162,1.2271329940043108,,,,,,0.4499932869825442,0.7064101885953903,0.7898223382828442,0.8484374706038229,0.4452323913574219,1.587890625,1.71966552734375,28,4,"{'NO_HISTORY': 1, 'SMOOTHING_DEVIATION': 3}",0,0,0,0
52,7,translation,1,False,True,2,1,1.151179374980162,1.2688369568595501,,,,,,0.4123325486692663,0.8720335044867581,0.977433853508983,0.9933889822648486,0.4094672203063965,1.814453125,1.98480224609375,19,13,"{'NO_HISTORY': 1, 'SMOOTHING_DEVIATION': 12}",0,0,0,0
53,7,translation,2,False,True,2,1,1.151179374980162,1.151179374980162,,,,,,0.0,0.0,0.0,0.0,-0.0015778541564941406,1,1.1370849609375,0,32,"{'NO_HISTORY': 1, 'SMOOTHING_DEVIATION': 31}",0,0,0,0
54,7,translation,4,False,True,2,1,1.151179374980162,1.151179374980162,,,,,,0.0,0.0,0.0,0.0,-0.0015778541564941406,1,1.1370849609375,0,32,"{'NO_HISTORY': 1, 'SMOOTHING_DEVIATION': 31}",0,0,0,0
55,7,translation,8,False,True,2,1,1.151179374980162,1.151179374980162,,,,,,0.0,0.0,0.0,0.0,-0.0015778541564941406,1,1.1370849609375,0,32,"{'NO_HISTORY': 1, 'SMOOTHING_DEVIATION': 31}",0,0,0,0
56,7,rotation,0,False,True,2,1,1.151179374980162,1.1268227150912653,1.0122420565016743,0.9827817681787059,0.9708960044351608,0.6165911242632021,0.603465204314776,0.05357334187449864,0.1954454446372748,0.2744915537177451,0.2745219201954371,,,,28,4,"{'NO_HISTORY': 1, 'SMOOTHING_DEVIATION': 3}",0,0,0,0
57,7,rotation,0.5,False,True,2,1,1.1511762174519722,1.518489499283192,,,,,,0.6158742889648576,0.8937013953837601,0.9305916664969756,0.9305916664969756,1.1208214557846548,1.6448131379094555,1.726083527783056,29,3,"{'NO_HISTORY': 1, 'SMOOTHING_DEVIATION': 2}",0,0,0,0
58,7,rotation,2,False,True,2,1,1.1511722597858918,1.172413856637113,,,,,,0.03011305878488313,0.0,0.9756382383087442,0.9756738987733939,0.7349405431175101,1.2486550657840458,1.499264474573373,1,31,"{'NO_HISTORY': 1, 'SMOOTHING_DEVIATION': 30}",0,0,0,0
59,7,rotation,5,False,True,2,1,1.1511776798490547,1.1511776798490547,,,,,,0.0,0.0,0.0,0.0,0.4726718095248337,1.0908146174908213,1.1153189608153662,0,32,"{'NO_HISTORY': 1, 'SMOOTHING_DEVIATION': 31}",0,0,0,0
60,7,translation,0,True,False,2,1,0.0,0.0,0.0,0.0,,0.0,0.0,0.0,0.0,0.0,0.0,0,0,0,31,1,{'NO_HISTORY': 1},0,0,0,0
61,7,translation,0.5,True,False,2,1,0.0,0.5765109953370299,,,,,,0.563690185546875,0.60552978515625,0.60552978515625,0.60552978515625,0.563690185546875,0.60552978515625,0.60552978515625,31,1,{'NO_HISTORY': 1},0,0,0,0
62,7,translation,1,True,False,2,1,0.0,0.5724489474578326,,,,,,0.45319366455078125,0.84771728515625,0.84771728515625,0.84771728515625,0.45319366455078125,0.84771728515625,0.84771728515625,21,11,"{'NO_HISTORY': 1, 'SMOOTHING_DEVIATION': 10}",0,0,0,0
63,7,translation,2,True,False,2,1,0.0,0.0,,,,,,0.0,0.0,0.0,0.0,0,0,0,0,32,"{'NO_HISTORY': 1, 'SMOOTHING_DEVIATION': 31}",0,0,0,0
64,7,translation,4,True,False,2,1,0.0,0.0,,,,,,0.0,0.0,0.0,0.0,0,0,0,0,32,"{'NO_HISTORY': 1, 'SMOOTHING_DEVIATION': 31}",0,0,0,0
65,7,translation,8,True,False,2,1,0.0,0.0,,,,,,0.0,0.0,0.0,0.0,0,0,0,0,32,"{'NO_HISTORY': 1, 'SMOOTHING_DEVIATION': 31}",0,0,0,0
66,7,rotation,0,True,False,2,1,0.0,0.0,0.0,0.0,,0.0,0.0,0.0,0.0,0.0,0.0,,,,31,1,{'NO_HISTORY': 1},0,0,0,0
67,7,rotation,0.5,True,False,2,1,1.9485347758279063e-05,0.7114155076025189,,,,,,0.6955980882933079,0.7472356600818065,0.7472435974657301,0.7472515391274995,0.695524985609689,0.7471395234265409,0.7471530592691309,31,1,{'NO_HISTORY': 1},0,0,0,0
68,7,rotation,2,True,False,2,1,2.1328854252288434e-05,2.1328854252288434e-05,,,,,,0.0,0.0,0.0,0.0,-1.4235539842591025e-06,2.721683632443022e-05,3.070401778399892e-05,0,32,"{'NO_HISTORY': 1, 'SMOOTHING_DEVIATION': 31}",0,0,0,0
69,7,rotation,5,True,False,2,1,1.9124847228278004e-05,1.9124847228278004e-05,,,,,,0.0,0.0,0.0,0.0,2.1765184062023765e-07,2.9584454096518122e-05,2.95844542084778e-05,0,32,"{'NO_HISTORY': 1, 'SMOOTHING_DEVIATION': 31}",0,0,0,0
70,7,translation,0,True,True,2,1,1.151179374980162,1.1268227150912653,1.0122420565016743,0.9827817681787059,0.9708960044351608,0.6165911242632021,0.603465204314776,0.05357334187449864,0.1954454446372748,0.2744915537177451,0.2745219201954371,-0.0005273818969726562,1,1.114990234375,28,4,"{'NO_HISTORY': 1, 'SMOOTHING_DEVIATION': 3}",0,0,0,0
71,7,translation,0.5,True,True,2,1,1.151179374980162,1.2271329940043108,,,,,,0.4499932869825442,0.7064101885953903,0.7898223382828442,0.8484374706038229,0.4452323913574219,1.587890625,1.71966552734375,28,4,"{'NO_HISTORY': 1, 'SMOOTHING_DEVIATION': 3}",0,0,0,0
72,7,translation,1,True,True,2,1,1.151179374980162,1.2688369568595501,,,,,,0.4123325486692663,0.8720335044867581,0.977433853508983,0.9933889822648486,0.4094672203063965,1.814453125,1.98480224609375,19,13,"{'NO_HISTORY': 1, 'SMOOTHING_DEVIATION': 12}",0,0,0,0
73,7,translation,2,True,True,2,1,1.151179374980162,1.151179374980162,,,,,,0.0,0.0,0.0,0.0,-0.0015778541564941406,1,1.1370849609375,0,32,"{'NO_HISTORY': 1, 'SMOOTHING_DEVIATION': 31}",0,0,0,0
74,7,translation,4,True,True,2,1,1.151179374980162,1.151179374980162,,,,,,0.0,0.0,0.0,0.0,-0.0015778541564941406,1,1.1370849609375,0,32,"{'NO_HISTORY': 1, 'SMOOTHING_DEVIATION': 31}",0,0,0,0
75,7,translation,8,True,True,2,1,1.151179374980162,1.151179374980162,,,,,,0.0,0.0,0.0,0.0,-0.0015778541564941406,1,1.1370849609375,0,32,"{'NO_HISTORY': 1, 'SMOOTHING_DEVIATION': 31}",0,0,0,0
76,7,rotation,0,True,True,2,1,1.151179374980162,1.1268227150912653,1.0122420565016743,0.9827817681787059,0.9708960044351608,0.6165911242632021,0.603465204314776,0.05357334187449864,0.1954454446372748,0.2744915537177451,0.2745219201954371,,,,28,4,"{'NO_HISTORY': 1, 'SMOOTHING_DEVIATION': 3}",0,0,0,0
77,7,rotation,0.5,True,True,2,1,1.1511762174519722,1.518489499283192,,,,,,0.6158742889648576,0.8937013953837601,0.9305916664969756,0.9305916664969756,1.1208214557846548,1.6448131379094555,1.726083527783056,29,3,"{'NO_HISTORY': 1, 'SMOOTHING_DEVIATION': 2}",0,0,0,0
78,7,rotation,2,True,True,2,1,1.1511722597858918,1.172413856637113,,,,,,0.03011305878488313,0.0,0.9756382383087442,0.9756738987733939,0.7349405431175101,1.2486550657840458,1.499264474573373,1,31,"{'NO_HISTORY': 1, 'SMOOTHING_DEVIATION': 30}",0,0,0,0
79,7,rotation,5,True,True,2,1,1.1511776798490547,1.1511776798490547,,,,,,0.0,0.0,0.0,0.0,0.4726718095248337,1.0908146174908213,1.1153189608153662,0,32,"{'NO_HISTORY': 1, 'SMOOTHING_DEVIATION': 31}",0,0,0,0
80,7,translation,0,False,False,2,2,0.0,0.0,0.0,0.0,,0.0,0.0,0.0,0.0,0.0,0.0,0,0,0,31,1,{'NO_HISTORY': 1},0,0,0,0
81,7,translation,0.5,False,False,2,2,0.0,0.5765109953370299,,,,,,0.563690185546875,0.60552978515625,0.60552978515625,0.60552978515625,0.563690185546875,0.60552978515625,0.60552978515625,31,1,{'NO_HISTORY': 1},0,0,0,0
82,7,translation,1,False,False,2,2,0.0,1.1530029794400298,,,,,,1.1273612976074219,1.2110595703125,1.2110595703125,1.2110595703125,1.1273612976074219,1.2110595703125,1.2110595703125,31,1,{'NO_HISTORY': 1},0,0,0,0
83,7,translation,2,False,False,2,2,0.0,1.1448978949156652,,,,,,0.9063873291015625,1.6954345703125,1.6954345703125,1.6954345703125,0.9063873291015625,1.6954345703125,1.6954345703125,21,11,"{'NO_HISTORY': 1, 'SMOOTHING_DEVIATION': 10}",0,0,0,0
84,7,translation,4,False,False,2,2,0.0,0.0,,,,,,0.0,0.0,0.0,0.0,0,0,0,0,32,"{'NO_HISTORY': 1, 'SMOOTHING_DEVIATION': 31}",0,0,0,0
85,7,translation,8,False,False,2,2,0.0,0.0,,,,,,0.0,0.0,0.0,0.0,0,0,0,0,32,"{'NO_HISTORY': 1, 'SMOOTHING_DEVIATION': 31}",0,0,0,0
86,7,rotation,0,False,False,2,2,0.0,0.0,0.0,0.0,,0.0,0.0,0.0,0.0,0.0,0.0,,,,31,1,{'NO_HISTORY': 1},0,0,0,0
87,7,rotation,0.5,False,False,2,2,1.9485347758279063e-05,0.7114155076025189,,,,,,0.6955980882933079,0.7472356600818065,0.7472435974657301,0.7472515391274995,0.695524985609689,0.7471395234265409,0.7471530592691309,31,1,{'NO_HISTORY': 1},0,0,0,0
88,7,rotation,2,False,False,2,2,2.1328854252288434e-05,0.955909117429509,,,,,,0.6759302788915104,1.3518677432949657,1.3518832231364981,1.3518832231364981,0.6758258899869928,1.3516755954567454,1.3516814184851684,16,16,"{'NO_HISTORY': 1, 'SMOOTHING_DEVIATION': 15}",0,0,0,0
89,7,rotation,5,False,False,2,2,1.9124847228278004e-05,1.9124847228278004e-05,,,,,,0.0,0.0,0.0,0.0,2.1765184062023765e-07,2.9584454096518122e-05,2.95844542084778e-05,0,32,"{'NO_HISTORY': 1, 'SMOOTHING_DEVIATION': 31}",0,0,0,0
90,7,translation,0,False,True,2,2,1.151179374980162,1.0276606014389298,1.0122420565016743,0.8986130718176186,0.8877452443768644,0.6165911242632021,0.3243170269982797,0.2514625740931378,1.034198335762221,1.102402150630047,1.102402150630047,-0.0015387535095214844,1,1.11358642578125,31,1,{'NO_HISTORY': 1},0,0,0,0
91,7,translation,0.5,False,True,2,2,1.151179374980162,1.177511530364017,,,,,,0.6362291026609351,1.1727632287625585,1.58898108624516,1.643148810713645,0.5621404647827148,1.5875244140625,1.718994140625,31,1,{'NO_HISTORY': 1},0,0,0,0
92,7,translation,1,False,True,2,2,1.151179374980162,1.5051750814577407,,,,,,0.9821771359046095,1.424076358260211,1.9187780457801635,1.9860229295233338,0.9666647911071777,2.19219970703125,2.32440185546875,29,3,"{'NO_HISTORY': 1, 'SMOOTHING_DEVIATION': 2}",0,0,0,0
93,7,translation,2,False,True,2,2,1.151179374980162,1.5808912973464002,,,,,,0.8636486721292614,1.7207523180871729,1.910819843544532,1.9797959435740669,0.8521027565002441,2.65203857421875,2.83251953125,20,12,"{'NO_HISTORY': 1, 'SMOOTHING_DEVIATION': 11}",0,0,0,0
94,7,translation,4,False,True,2,2,1.151179374980162,1.151179374980162,,,,,,0.0,0.0,0.0,0.0,-0.0015778541564941406,1,1.1370849609375,0,32,"{'NO_HISTORY': 1, 'SMOOTHING_DEVIATION': 31}",0,0,0,0
95,7,translation,8,False,True,2,2,1.151179374980162,1.151179374980162,,,,,,0.0,0.0,0.0,0.0,-0.0015778541564941406,1,1.1370849609375,0,32,"{'NO_HISTORY': 1, 'SMOOTHING_DEVIATION': 31}",0,0,0,0
96,7,rotation,0,False,True,2,2,1.151179374980162,1.0276606014389298,1.0122420565016743,0.8986130718176186,0.8877452443768644,0.6165911242632021,0.3243170269982797,0.2514625740931378,1.034198335762221,1.102402150630047,1.102402150630047,,,,31,1,{'NO_HISTORY': 1},0,0,0,0
97,7,rotation,0.5,False,True,2,2,1.1511762174519722,1.5324389819330135,,,,,,0.7655694241821992,1.1100636434385664,1.4900605636567457,1.5215082448279338,1.229021064356283,1.6448131379094555,1.726083527783056,31,1,{'NO_HISTORY': 1},0,0,0,0
98,7,rotation,2,False,True,2,2,1.1511722597858918,1.7867779765679048,,,,,,0.6921989525267396,1.5704538180331482,1.6641101248288435,1.6641101248288435,1.3907530584526722,2.472527883445774,2.5764051136230743,16,16,"{'NO_HISTORY': 1, 'SMOOTHING_DEVIATION': 15}",0,0,0,0
99,7,rotation,5,False,True,2,2,1.1511776798490547,1.1511776798490547,,,,,,0.0,0.0,0.0,0.0,0.4726718095248337,1.0908146174908213,1.1153189608153662,0,32,"{'NO_HISTORY': 1, 'SMOOTHING_DEVIATION': 31}",0,0,0,0
100,7,translation,0,True,False,2,2,0.0,0.0,0.0,0.0,,0.0,0.0,0.0,0.0,0.0,0.0,0,0,0,31,1,{'NO_HISTORY': 1},0,0,0,0
101,7,translation,0.5,True,False,2,2,0.0,0.5765109953370299,,,,,,0.563690185546875,0.60552978515625,0.60552978515625,0.60552978515625,0.563690185546875,0.60552978515625,0.60552978515625,31,1,{'NO_HISTORY': 1},0,0,0,0
102,7,translation,1,True,False,2,2,0.0,1.1530029794400298,,,,,,1.1273612976074219,1.2110595703125,1.2110595703125,1.2110595703125,1.1273612976074219,1.2110595703125,1.2110595703125,31,1,{'NO_HISTORY': 1},0,0,0,0
103,7,translation,2,True,False,2,2,0.0,1.1448978949156652,,,,,,0.9063873291015625,1.6954345703125,1.6954345703125,1.6954345703125,0.9063873291015625,1.6954345703125,1.6954345703125,21,11,"{'NO_HISTORY': 1, 'SMOOTHING_DEVIATION': 10}",0,0,0,0
104,7,translation,4,True,False,2,2,0.0,0.0,,,,,,0.0,0.0,0.0,0.0,0,0,0,0,32,"{'NO_HISTORY': 1, 'SMOOTHING_DEVIATION': 31}",0,0,0,0
105,7,translation,8,True,False,2,2,0.0,0.0,,,,,,0.0,0.0,0.0,0.0,0,0,0,0,32,"{'NO_HISTORY': 1, 'SMOOTHING_DEVIATION': 31}",0,0,0,0
106,7,rotation,0,True,False,2,2,0.0,0.0,0.0,0.0,,0.0,0.0,0.0,0.0,0.0,0.0,,,,31,1,{'NO_HISTORY': 1},0,0,0,0
107,7,rotation,0.5,True,False,2,2,1.9485347758279063e-05,0.7114155076025189,,,,,,0.6955980882933079,0.7472356600818065,0.7472435974657301,0.7472515391274995,0.695524985609689,0.7471395234265409,0.7471530592691309,31,1,{'NO_HISTORY': 1},0,0,0,0
108,7,rotation,2,True,False,2,2,2.1328854252288434e-05,0.955909117429509,,,,,,0.6759302788915104,1.3518677432949657,1.3518832231364981,1.3518832231364981,0.6758258899869928,1.3516755954567454,1.3516814184851684,16,16,"{'NO_HISTORY': 1, 'SMOOTHING_DEVIATION': 15}",0,0,0,0
109,7,rotation,5,True,False,2,2,1.9124847228278004e-05,1.9124847228278004e-05,,,,,,0.0,0.0,0.0,0.0,2.1765184062023765e-07,2.9584454096518122e-05,2.95844542084778e-05,0,32,"{'NO_HISTORY': 1, 'SMOOTHING_DEVIATION': 31}",0,0,0,0
110,7,translation,0,True,True,2,2,1.151179374980162,1.0276606014389298,1.0122420565016743,0.8986130718176186,0.8877452443768644,0.6165911242632021,0.3243170269982797,0.2514625740931378,1.034198335762221,1.102402150630047,1.102402150630047,-0.0015387535095214844,1,1.11358642578125,31,1,{'NO_HISTORY': 1},0,0,0,0
111,7,translation,0.5,True,True,2,2,1.151179374980162,1.177511530364017,,,,,,0.6362291026609351,1.1727632287625585,1.58898108624516,1.643148810713645,0.5621404647827148,1.5875244140625,1.718994140625,31,1,{'NO_HISTORY': 1},0,0,0,0
112,7,translation,1,True,True,2,2,1.151179374980162,1.5051750814577407,,,,,,0.9821771359046095,1.424076358260211,1.9187780457801635,1.9860229295233338,0.9666647911071777,2.19219970703125,2.32440185546875,29,3,"{'NO_HISTORY': 1, 'SMOOTHING_DEVIATION': 2}",0,0,0,0
113,7,translation,2,True,True,2,2,1.151179374980162,1.5808912973464002,,,,,,0.8636486721292614,1.7207523180871729,1.910819843544532,1.9797959435740669,0.8521027565002441,2.65203857421875,2.83251953125,20,12,"{'NO_HISTORY': 1, 'SMOOTHING_DEVIATION': 11}",0,0,0,0
114,7,translation,4,True,True,2,2,1.151179374980162,1.151179374980162,,,,,,0.0,0.0,0.0,0.0,-0.0015778541564941406,1,1.1370849609375,0,32,"{'NO_HISTORY': 1, 'SMOOTHING_DEVIATION': 31}",0,0,0,0
115,7,translation,8,True,True,2,2,1.151179374980162,1.151179374980162,,,,,,0.0,0.0,0.0,0.0,-0.0015778541564941406,1,1.1370849609375,0,32,"{'NO_HISTORY': 1, 'SMOOTHING_DEVIATION': 31}",0,0,0,0
116,7,rotation,0,True,True,2,2,1.151179374980162,1.0276606014389298,1.0122420565016743,0.8986130718176186,0.8877452443768644,0.6165911242632021,0.3243170269982797,0.2514625740931378,1.034198335762221,1.102402150630047,1.102402150630047,,,,31,1,{'NO_HISTORY': 1},0,0,0,0
117,7,rotation,0.5,True,True,2,2,1.1511762174519722,1.5324389819330135,,,,,,0.7655694241821992,1.1100636434385664,1.4900605636567457,1.5215082448279338,1.229021064356283,1.6448131379094555,1.726083527783056,31,1,{'NO_HISTORY': 1},0,0,0,0
118,7,rotation,2,True,True,2,2,1.1511722597858918,1.7867779765679048,,,,,,0.6921989525267396,1.5704538180331482,1.6641101248288435,1.6641101248288435,1.3907530584526722,2.472527883445774,2.5764051136230743,16,16,"{'NO_HISTORY': 1, 'SMOOTHING_DEVIATION': 15}",0,0,0,0
119,7,rotation,5,True,True,2,2,1.1511776798490547,1.1511776798490547,,,,,,0.0,0.0,0.0,0.0,0.4726718095248337,1.0908146174908213,1.1153189608153662,0,32,"{'NO_HISTORY': 1, 'SMOOTHING_DEVIATION': 31}",0,0,0,0
120,7,translation,0,False,False,2,4,0.0,0.0,0.0,0.0,,0.0,0.0,0.0,0.0,0.0,0.0,0,0,0,31,1,{'NO_HISTORY': 1},0,0,0,0
121,7,translation,0.5,False,False,2,4,0.0,0.5765109953370299,,,,,,0.563690185546875,0.60552978515625,0.60552978515625,0.60552978515625,0.563690185546875,0.60552978515625,0.60552978515625,31,1,{'NO_HISTORY': 1},0,0,0,0
122,7,translation,1,False,False,2,4,0.0,1.1530029794400298,,,,,,1.1273612976074219,1.2110595703125,1.2110595703125,1.2110595703125,1.1273612976074219,1.2110595703125,1.2110595703125,31,1,{'NO_HISTORY': 1},0,0,0,0
123,7,translation,2,False,False,2,4,0.0,2.305995518534205,,,,,,2.2547130584716797,2.42205810546875,2.42205810546875,2.42205810546875,2.2547130584716797,2.42205810546875,2.42205810546875,31,1,{'NO_HISTORY': 1},0,0,0,0
124,7,translation,4,False,False,2,4,0.0,2.2897957898313304,,,,,,1.812774658203125,3.390869140625,3.390869140625,3.390869140625,1.812774658203125,3.390869140625,3.390869140625,21,11,"{'NO_HISTORY': 1, 'SMOOTHING_DEVIATION': 10}",0,0,0,0
125,7,translation,8,False,False,2,4,0.0,0.0,,,,,,0.0,0.0,0.0,0.0,0,0,0,0,32,"{'NO_HISTORY': 1, 'SMOOTHING_DEVIATION': 31}",0,0,0,0
126,7,rotation,0,False,False,2,4,0.0,0.0,0.0,0.0,,0.0,0.0,0.0,0.0,0.0,0.0,,,,31,1,{'NO_HISTORY': 1},0,0,0,0
127,7,rotation,0.5,False,False,2,4,1.9485347758279063e-05,0.7114155076025189,,,,,,0.6955980882933079,0.7472356600818065,0.7472435974657301,0.7472515391274995,0.695524985609689,0.7471395234265409,0.7471530592691309,31,1,{'NO_HISTORY': 1},0,0,0,0
128,7,rotation,2,False,False,2,4,2.1328854252288434e-05,2.8416808025904374,,,,,,2.7785695516288604,2.9841613743003723,2.9841700029119274,2.9841700029119274,2.7740452356938197,2.9788610176233057,2.9788671000948197,31,1,{'NO_HISTORY': 1},0,0,0,0
129,7,rotation,5,False,False,2,4,1.9124847228278004e-05,2.3891392243424643,,,,,,1.6893763121627479,3.37876603491595,3.378775145489922,3.378775145489922,1.6877686383967563,3.37555551140552,3.3755669312602565,16,16,"{'NO_HISTORY': 1, 'SMOOTHING_DEVIATION': 15}",0,0,0,0
130,7,translation,0,False,True,2,4,1.151179374980162,1.0276606014389298,1.0122420565016743,0.8986130718176186,0.8877452443768644,0.6165911242632021,0.3243170269982797,0.2514625740931378,1.034198335762221,1.102402150630047,1.102402150630047,-0.0015387535095214844,1,1.11358642578125,31,1,{'NO_HISTORY': 1},0,0,0,0
131,7,translation,0.5,False,True,2,4,1.151179374980162,1.177511530364017,,,,,,0.6362291026609351,1.1727632287625585,1.58898108624516,1.643148810713645,0.5621404647827148,1.5875244140625,1.718994140625,31,1,{'NO_HISTORY': 1},0,0,0,0
132,7,translation,1,False,True,2,4,1.151179374980162,1.5432688704858204,,,,,,1.161674478018953,1.7370236511494042,2.1710965799297437,2.1890279780789568,1.1258149147033691,2.1929931640625,2.324462890625,31,1,{'NO_HISTORY': 1},0,0,0,0
133,7,translation,2,False,True,2,4,1.151179374980162,2.5231124486552523,,,,,,2.2709480159273308,2.895367522162053,3.285944053817504,3.360125950115917,2.253176689147949,3.404052734375,3.53533935546875,31,1,{'NO_HISTORY': 1},0,0,0,0
134,7,translation,4,False,True,2,4,1.151179374980162,2.540067164308952,,,,,,1.8237701106773465,3.5097808722131414,3.911626215683666,3.9828122393389886,1.81170654296875,4.3262939453125,4.5279541015625,21,11,"{'NO_HISTORY': 1, 'SMOOTHING_DEVIATION': 10}",0,0,0,0
135,7,translation,8,False,True,2,4,1.151179374980162,1.151179374980162,,,,,,0.0,0.0,0.0,0.0,-0.0015778541564941406,1,1.1370849609375,0,32,"{'NO_HISTORY': 1, 'SMOOTHING_DEVIATION': 31}",0,0,0,0
136,7,rotation,0,False,True,2,4,1.151179374980162,1.0276606014389298,1.0122420565016743,0.8986130718176186,0.8877452443768644,0.6165911242632021,0.3243170269982797,0.2514625740931378,1.034198335762221,1.102402150630047,1.102402150630047,,,,31,1,{'NO_HISTORY': 1},0,0,0,0
137,7,rotation,0.5,False,True,2,4,1.1511762174519722,1.5324389819330135,,,,,,0.7655694241821992,1.1100636434385664,1.4900605636567457,1.5215082448279338,1.229021064356283,1.6448131379094555,1.726083527783056,31,1,{'NO_HISTORY': 1},0,0,0,0
138,7,rotation,2,False,True,2,4,1.1511722597858918,3.614896723181419,,,,,,2.7463278725851894,3.424024569881305,3.7761274788960537,3.80700300203455,3.4351723164924897,4.172452333106711,4.210579241294868,31,1,{'NO_HISTORY': 1},0,0,0,0
139,7,rotation,5,False,True,2,4,1.1511776798490547,2.937668514547691,,,,,,1.6888885919056318,3.378769052619717,3.3887238435305664,3.3923035634349104,2.159940317355885,4.444041090259675,4.475768189247244,16,16,"{'NO_HISTORY': 1, 'SMOOTHING_DEVIATION': 15}",0,0,0,0
140,7,translation,0,True,False,2,4,0.0,0.0,0.0,0.0,,0.0,0.0,0.0,0.0,0.0,0.0,0,0,0,31,1,{'NO_HISTORY': 1},0,0,0,0
141,7,translation,0.5,True,False,2,4,0.0,0.5765109953370299,,,,,,0.563690185546875,0.60552978515625,0.60552978515625,0.60552978515625,0.563690185546875,0.60552978515625,0.60552978515625,31,1,{'NO_HISTORY': 1},0,0,0,0
142,7,translation,1,True,False,2,4,0.0,1.1530029794400298,,,,,,1.1273612976074219,1.2110595703125,1.2110595703125,1.2110595703125,1.1273612976074219,1.2110595703125,1.2110595703125,31,1,{'NO_HISTORY': 1},0,0,0,0
143,7,translation,2,True,False,2,4,0.0,2.305995518534205,,,,,,2.2547130584716797,2.42205810546875,2.42205810546875,2.42205810546875,2.2547130584716797,2.42205810546875,2.42205810546875,31,1,{'NO_HISTORY': 1},0,0,0,0
144,7,translation,4,True,False,2,4,0.0,2.2897957898313304,,,,,,1.812774658203125,3.390869140625,3.390869140625,3.390869140625,1.812774658203125,3.390869140625,3.390869140625,21,11,"{'NO_HISTORY': 1, 'SMOOTHING_DEVIATION': 10}",0,0,0,0
145,7,translation,8,True,False,2,4,0.0,0.0,,,,,,0.0,0.0,0.0,0.0,0,0,0,0,32,"{'NO_HISTORY': 1, 'SMOOTHING_DEVIATION': 31}",0,0,0,0
146,7,rotation,0,True,False,2,4,0.0,0.0,0.0,0.0,,0.0,0.0,0.0,0.0,0.0,0.0,,,,31,1,{'NO_HISTORY': 1},0,0,0,0
147,7,rotation,0.5,True,False,2,4,1.9485347758279063e-05,0.7114155076025189,,,,,,0.6955980882933079,0.7472356600818065,0.7472435974657301,0.7472515391274995,0.695524985609689,0.7471395234265409,0.7471530592691309,31,1,{'NO_HISTORY': 1},0,0,0,0
148,7,rotation,2,True,False,2,4,2.1328854252288434e-05,2.8416808025904374,,,,,,2.7785695516288604,2.9841613743003723,2.9841700029119274,2.9841700029119274,2.7740452356938197,2.9788610176233057,2.9788671000948197,31,1,{'NO_HISTORY': 1},0,0,0,0
149,7,rotation,5,True,False,2,4,1.9124847228278004e-05,2.3891392243424643,,,,,,1.6893763121627479,3.37876603491595,3.378775145489922,3.378775145489922,1.6877686383967563,3.37555551140552,3.3755669312602565,16,16,"{'NO_HISTORY': 1, 'SMOOTHING_DEVIATION': 15}",0,0,0,0
150,7,translation,0,True,True,2,4,1.151179374980162,1.0276606014389298,1.0122420565016743,0.8986130718176186,0.8877452443768644,0.6165911242632021,0.3243170269982797,0.2514625740931378,1.034198335762221,1.102402150630047,1.102402150630047,-0.0015387535095214844,1,1.11358642578125,31,1,{'NO_HISTORY': 1},0,0,0,0
151,7,translation,0.5,True,True,2,4,1.151179374980162,1.177511530364017,,,,,,0.6362291026609351,1.1727632287625585,1.58898108624516,1.643148810713645,0.5621404647827148,1.5875244140625,1.718994140625,31,1,{'NO_HISTORY': 1},0,0,0,0
152,7,translation,1,True,True,2,4,1.151179374980162,1.5432688704858204,,,,,,1.161674478018953,1.7370236511494042,2.1710965799297437,2.1890279780789568,1.1258149147033691,2.1929931640625,2.324462890625,31,1,{'NO_HISTORY': 1},0,0,0,0
153,7,translation,2,True,True,2,4,1.151179374980162,2.5231124486552523,,,,,,2.2709480159273308,2.895367522162053,3.285944053817504,3.360125950115917,2.253176689147949,3.404052734375,3.53533935546875,31,1,{'NO_HISTORY': 1},0,0,0,0
154,7,translation,4,True,True,2,4,1.151179374980162,2.540067164308952,,,,,,1.8237701106773465,3.5097808722131414,3.911626215683666,3.9828122393389886,1.81170654296875,4.3262939453125,4.5279541015625,21,11,"{'NO_HISTORY': 1, 'SMOOTHING_DEVIATION': 10}",0,0,0,0
155,7,translation,8,True,True,2,4,1.151179374980162,1.151179374980162,,,,,,0.0,0.0,0.0,0.0,-0.0015778541564941406,1,1.1370849609375,0,32,"{'NO_HISTORY': 1, 'SMOOTHING_DEVIATION': 31}",0,0,0,0
156,7,rotation,0,True,True,2,4,1.151179374980162,1.0276606014389298,1.0122420565016743,0.8986130718176186,0.8877452443768644,0.6165911242632021,0.3243170269982797,0.2514625740931378,1.034198335762221,1.102402150630047,1.102402150630047,,,,31,1,{'NO_HISTORY': 1},0,0,0,0
157,7,rotation,0.5,True,True,2,4,1.1511762174519722,1.5324389819330135,,,,,,0.7655694241821992,1.1100636434385664,1.4900605636567457,1.5215082448279338,1.229021064356283,1.6448131379094555,1.726083527783056,31,1,{'NO_HISTORY': 1},0,0,0,0
158,7,rotation,2,True,True,2,4,1.1511722597858918,3.614896723181419,,,,,,2.7463278725851894,3.424024569881305,3.7761274788960537,3.80700300203455,3.4351723164924897,4.172452333106711,4.210579241294868,31,1,{'NO_HISTORY': 1},0,0,0,0
159,7,rotation,5,True,True,2,4,1.1511776798490547,2.937668514547691,,,,,,1.6888885919056318,3.378769052619717,3.3887238435305664,3.3923035634349104,2.159940317355885,4.444041090259675,4.475768189247244,16,16,"{'NO_HISTORY': 1, 'SMOOTHING_DEVIATION': 15}",0,0,0,0
160,14,translation,0,False,False,2,0.5,0.0,0.0,0.0,0.0,,0.0,0.0,0.0,0.0,0.0,0.0,0,0,0,31,1,{'NO_HISTORY': 1},0,0,0,0
161,14,translation,0.5,False,False,2,0.5,0.0,0.2083213800550117,,,,,,0.2047252655029297,0.21429443359375,0.21429443359375,0.21429443359375,0.2047252655029297,0.21429443359375,0.21429443359375,31,1,{'NO_HISTORY': 1},0,0,0,0
162,14,translation,1,False,False,2,0.5,0.0,0.4166452883691085,,,,,,0.4094524383544922,0.4285888671875,0.4285888671875,0.4285888671875,0.4094524383544922,0.4285888671875,0.4285888671875,31,1,{'NO_HISTORY': 1},0,0,0,0
163,14,translation,2,False,False,2,0.5,0.0,0.0,,,,,,0.0,0.0,0.0,0.0,0,0,0,0,32,"{'NO_HISTORY': 1, 'SMOOTHING_DEVIATION': 31}",0,0,0,0
164,14,translation,4,False,False,2,0.5,0.0,0.0,,,,,,0.0,0.0,0.0,0.0,0,0,0,0,32,"{'NO_HISTORY': 1, 'SMOOTHING_DEVIATION': 31}",0,0,0,0
165,14,translation,8,False,False,2,0.5,0.0,0.0,,,,,,0.0,0.0,0.0,0.0,0,0,0,0,32,"{'NO_HISTORY': 1, 'SMOOTHING_DEVIATION': 31}",0,0,0,0
166,14,rotation,0,False,False,2,0.5,0.0,0.0,0.0,0.0,,0.0,0.0,0.0,0.0,0.0,0.0,,,,31,1,{'NO_HISTORY': 1},0,0,0,0
167,14,rotation,0.5,False,False,2,0.5,1.9485347758279063e-05,0.2570849588004683,,,,,,0.2526489302014677,0.26447746694488655,0.2644806220720854,0.2644806220720854,0.252638748928397,0.264477578833227,0.26448005955015386,31,1,{'NO_HISTORY': 1},0,0,0,0
168,14,rotation,2,False,False,2,0.5,2.1328854252288434e-05,2.1328854252288434e-05,,,,,,0.0,0.0,0.0,0.0,-1.4235539842591025e-06,2.721683632443022e-05,3.070401778399892e-05,0,32,"{'NO_HISTORY': 1, 'SMOOTHING_DEVIATION': 31}",0,0,0,0
169,14,rotation,5,False,False,2,0.5,1.9124847228278004e-05,1.9124847228278004e-05,,,,,,0.0,0.0,0.0,0.0,2.1765184062023765e-07,2.9584454096518122e-05,2.95844542084778e-05,0,32,"{'NO_HISTORY': 1, 'SMOOTHING_DEVIATION': 31}",0,0,0,0
170,14,translation,0,False,True,2,0.5,1.151179374980162,1.1415649950383828,1.0122420565016743,1.0010484604045862,0.9889417792659462,0.6165911242632021,0.6095923756723369,0.02061000860541375,0.10280169051169351,0.14288246646655445,0.14291285388856506,-0.0012392997741699219,1,1.13507080078125,28,4,"{'NO_HISTORY': 1, 'SMOOTHING_DEVIATION': 3}",0,0,0,0
171,14,translation,0.5,False,True,2,0.5,1.151179374980162,1.1567637737674759,,,,,,0.17841566767019865,0.25296032289236947,0.34032023120711985,0.34326966413524457,0.17493724822998047,1.21044921875,1.349365234375,28,4,"{'NO_HISTORY': 1, 'SMOOTHING_DEVIATION': 3}",0,0,0,0
172,14,translation,1,False,True,2,0.5,1.151179374980162,1.195128476325317,,,,,,0.2767847745149815,0.4169921875,0.4201916127717135,0.420899792777444,0.2751927375793457,1.4169921875,1.5540771484375,24,8,"{'NO_HISTORY': 1, 'SMOOTHING_DEVIATION': 7}",0,0,0,0
173,14,translation,2,False,True,2,0.5,1.151179374980162,1.151179374980162,,,,,,0.0,0.0,0.0,0.0,-0.0015778541564941406,1,1.1370849609375,0,32,"{'NO_HISTORY': 1, 'SMOOTHING_DEVIATION': 31}",0,0,0,0
174,14,translation,4,False,True,2,0.5,1.151179374980162,1.151179374980162,,,,,,0.0,0.0,0.0,0.0,-0.0015778541564941406,1,1.1370849609375,0,32,"{'NO_HISTORY': 1, 'SMOOTHING_DEVIATION': 31}",0,0,0,0
175,14,translation,8,False,True,2,0.5,1.151179374980162,1.151179374980162,,,,,,0.0,0.0,0.0,0.0,-0.0015778541564941406,1,1.1370849609375,0,32,"{'NO_HISTORY': 1, 'SMOOTHING_DEVIATION': 31}",0,0,0,0
176,14,rotation,0,False,True,2,0.5,1.151179374980162,1.1415649950383828,1.0122420565016743,1.0010484604045862,0.9889417792659462,0.6165911242632021,0.6095923756723369,0.02061000860541375,0.10280169051169351,0.14288246646655445,0.14291285388856506,,,,28,4,"{'NO_HISTORY': 1, 'SMOOTHING_DEVIATION': 3}",0,0,0,0
177,14,rotation,0.5,False,True,2,0.5,1.1511762174519722,1.267707986116496,,,,,,0.22673022014544517,0.34040608961703384,0.35167633968574563,0.3694179895641423,0.7720684694048375,1.2908371283152074,1.3556003812920077,28,4,"{'NO_HISTORY': 1, 'SMOOTHING_DEVIATION': 3}",0,0,0,0
178,14,rotation,2,False,True,2,0.5,1.1511722597858918,1.1511722597858918,,,,,,0.0,0.0,0.0,0.0,0.715454049551143,1.224745336647978,1.2486550657840458,0,32,"{'NO_HISTORY': 1, 'SMOOTHING_DEVIATION': 31}",0,0,0,0
179,14,rotation,5,False,True,2,0.5,1.1511776798490547,1.1511776798490547,,,,,,0.0,0.0,0.0,0.0,0.4726718095248337,1.0908146174908213,1.1153189608153662,0,32,"{'NO_HISTORY': 1, 'SMOOTHING_DEVIATION': 31}",0,0,0,0
180,14,translation,0,True,False,2,0.5,0.0,0.0,0.0,0.0,,0.0,0.0,0.0,0.0,0.0,0.0,0,0,0,31,1,{'NO_HISTORY': 1},0,0,0,0
181,14,translation,0.5,True,False,2,0.5,0.0,0.2083213800550117,,,,,,0.2047252655029297,0.21429443359375,0.21429443359375,0.21429443359375,0.2047252655029297,0.21429443359375,0.21429443359375,31,1,{'NO_HISTORY': 1},0,0,0,0
182,14,translation,1,True,False,2,0.5,0.0,0.4166452883691085,,,,,,0.4094524383544922,0.4285888671875,0.4285888671875,0.4285888671875,0.4094524383544922,0.4285888671875,0.4285888671875,31,1,{'NO_HISTORY': 1},0,0,0,0
183,14,translation,2,True,False,2,0.5,0.0,0.0,,,,,,0.0,0.0,0.0,0.0,0,0,0,0,32,"{'NO_HISTORY': 1, 'SMOOTHING_DEVIATION': 31}",0,0,0,0
184,14,translation,4,True,False,2,0.5,0.0,0.0,,,,,,0.0,0.0,0.0,0.0,0,0,0,0,32,"{'NO_HISTORY': 1, 'SMOOTHING_DEVIATION': 31}",0,0,0,0
185,14,translation,8,True,False,2,0.5,0.0,0.0,,,,,,0.0,0.0,0.0,0.0,0,0,0,0,32,"{'NO_HISTORY': 1, 'SMOOTHING_DEVIATION': 31}",0,0,0,0
186,14,rotation,0,True,False,2,0.5,0.0,0.0,0.0,0.0,,0.0,0.0,0.0,0.0,0.0,0.0,,,,31,1,{'NO_HISTORY': 1},0,0,0,0
187,14,rotation,0.5,True,False,2,0.5,1.9485347758279063e-05,0.2570849588004683,,,,,,0.2526489302014677,0.26447746694488655,0.2644806220720854,0.2644806220720854,0.252638748928397,0.264477578833227,0.26448005955015386,31,1,{'NO_HISTORY': 1},0,0,0,0
188,14,rotation,2,True,False,2,0.5,2.1328854252288434e-05,2.1328854252288434e-05,,,,,,0.0,0.0,0.0,0.0,-1.4235539842591025e-06,2.721683632443022e-05,3.070401778399892e-05,0,32,"{'NO_HISTORY': 1, 'SMOOTHING_DEVIATION': 31}",0,0,0,0
189,14,rotation,5,True,False,2,0.5,1.9124847228278004e-05,1.9124847228278004e-05,,,,,,0.0,0.0,0.0,0.0,2.1765184062023765e-07,2.9584454096518122e-05,2.95844542084778e-05,0,32,"{'NO_HISTORY': 1, 'SMOOTHING_DEVIATION': 31}",0,0,0,0
190,14,translation,0,True,True,2,0.5,1.151179374980162,1.1415649950383828,1.0122420565016743,1.0010484604045862,0.9889417792659462,0.6165911242632021,0.6095923756723369,0.02061000860541375,0.10280169051169351,0.14288246646655445,0.14291285388856506,-0.0012392997741699219,1,1.13507080078125,28,4,"{'NO_HISTORY': 1, 'SMOOTHING_DEVIATION': 3}",0,0,0,0
191,14,translation,0.5,True,True,2,0.5,1.151179374980162,1.1567637737674759,,,,,,0.17841566767019865,0.25296032289236947,0.34032023120711985,0.34326966413524457,0.17493724822998047,1.21044921875,1.349365234375,28,4,"{'NO_HISTORY': 1, 'SMOOTHING_DEVIATION': 3}",0,0,0,0
192,14,translation,1,True,True,2,0.5,1.151179374980162,1.195128476325317,,,,,,0.2767847745149815,0.4169921875,0.4201916127717135,0.420899792777444,0.2751927375793457,1.4169921875,1.5540771484375,24,8,"{'NO_HISTORY': 1, 'SMOOTHING_DEVIATION': 7}",0,0,0,0
193,14,translation,2,True,True,2,0.5,1.151179374980162,1.151179374980162,,,,,,0.0,0.0,0.0,0.0,-0.0015778541564941406,1,1.1370849609375,0,32,"{'NO_HISTORY': 1, 'SMOOTHING_DEVIATION': 31}",0,0,0,0
194,14,translation,4,True,True,2,0.5,1.151179374980162,1.151179374980162,,,,,,0.0,0.0,0.0,0.0,-0.0015778541564941406,1,1.1370849609375,0,32,"{'NO_HISTORY': 1, 'SMOOTHING_DEVIATION': 31}",0,0,0,0
195,14,translation,8,True,True,2,0.5,1.151179374980162,1.151179374980162,,,,,,0.0,0.0,0.0,0.0,-0.0015778541564941406,1,1.1370849609375,0,32,"{'NO_HISTORY': 1, 'SMOOTHING_DEVIATION': 31}",0,0,0,0
196,14,rotation,0,True,True,2,0.5,1.151179374980162,1.1415649950383828,1.0122420565016743,1.0010484604045862,0.9889417792659462,0.6165911242632021,0.6095923756723369,0.02061000860541375,0.10280169051169351,0.14288246646655445,0.14291285388856506,,,,28,4,"{'NO_HISTORY': 1, 'SMOOTHING_DEVIATION': 3}",0,0,0,0
197,14,rotation,0.5,True,True,2,0.5,1.1511762174519722,1.267707986116496,,,,,,0.22673022014544517,0.34040608961703384,0.35167633968574563,0.3694179895641423,0.7720684694048375,1.2908371283152074,1.3556003812920077,28,4,"{'NO_HISTORY': 1, 'SMOOTHING_DEVIATION': 3}",0,0,0,0
198,14,rotation,2,True,True,2,0.5,1.1511722597858918,1.1511722597858918,,,,,,0.0,0.0,0.0,0.0,0.715454049551143,1.224745336647978,1.2486550657840458,0,32,"{'NO_HISTORY': 1, 'SMOOTHING_DEVIATION': 31}",0,0,0,0
199,14,rotation,5,True,True,2,0.5,1.1511776798490547,1.1511776798490547,,,,,,0.0,0.0,0.0,0.0,0.4726718095248337,1.0908146174908213,1.1153189608153662,0,32,"{'NO_HISTORY': 1, 'SMOOTHING_DEVIATION': 31}",0,0,0,0
200,14,translation,0,False,False,2,1,0.0,0.0,0.0,0.0,,0.0,0.0,0.0,0.0,0.0,0.0,0,0,0,31,1,{'NO_HISTORY': 1},0,0,0,0
201,14,translation,0.5,False,False,2,1,0.0,0.2083213800550117,,,,,,0.2047252655029297,0.21429443359375,0.21429443359375,0.21429443359375,0.2047252655029297,0.21429443359375,0.21429443359375,31,1,{'NO_HISTORY': 1},0,0,0,0
202,14,translation,1,False,False,2,1,0.0,0.4166452883691085,,,,,,0.4094524383544922,0.4285888671875,0.4285888671875,0.4285888671875,0.4094524383544922,0.4285888671875,0.4285888671875,31,1,{'NO_HISTORY': 1},0,0,0,0
203,14,translation,2,False,False,2,1,0.0,0.8332434944966378,,,,,,0.8188591003417969,0.85711669921875,0.85711669921875,0.85711669921875,0.8188591003417969,0.85711669921875,0.85711669921875,31,1,{'NO_HISTORY': 1},0,0,0,0
204,14,translation,4,False,False,2,1,0.0,0.0,,,,,,0.0,0.0,0.0,0.0,0,0,0,0,32,"{'NO_HISTORY': 1, 'SMOOTHING_DEVIATION': 31}",0,0,0,0
205,14,translation,8,False,False,2,1,0.0,0.0,,,,,,0.0,0.0,0.0,0.0,0,0,0,0,32,"{'NO_HISTORY': 1, 'SMOOTHING_DEVIATION': 31}",0,0,0,0
206,14,rotation,0,False,False,2,1,0.0,0.0,0.0,0.0,,0.0,0.0,0.0,0.0,0.0,0.0,,,,31,1,{'NO_HISTORY': 1},0,0,0,0
207,14,rotation,0.5,False,False,2,1,1.9485347758279063e-05,0.2570849588004683,,,,,,0.2526489302014677,0.26447746694488655,0.2644806220720854,0.2644806220720854,0.252638748928397,0.264477578833227,0.26448005955015386,31,1,{'NO_HISTORY': 1},0,0,0,0
208,14,rotation,2,False,False,2,1,2.1328854252288434e-05,0.6913380659801904,,,,,,0.5553022378560233,0.9624971529838021,0.9625011917825231,0.9625026997963395,0.5551641865142202,0.9621828576870517,0.9622032708344656,21,11,"{'NO_HISTORY': 1, 'SMOOTHING_DEVIATION': 10}",0,0,0,0
209,14,rotation,5,False,False,2,1,1.9124847228278004e-05,1.9124847228278004e-05,,,,,,0.0,0.0,0.0,0.0,2.1765184062023765e-07,2.9584454096518122e-05,2.95844542084778e-05,0,32,"{'NO_HISTORY': 1, 'SMOOTHING_DEVIATION': 31}",0,0,0,0
210,14,translation,0,False,True,2,1,1.151179374980162,1.097508197744476,1.0122420565016743,0.9616711005223414,0.9500406492157548,0.6165911242632021,0.4512945228656243,0.09641598548311571,0.5752819268082096,0.603813520692445,0.603813520692445,-0.0015730857849121094,1,1.13507080078125,31,1,{'NO_HISTORY': 1},0,0,0,0
211,14,translation,0.5,False,True,2,1,1.151179374980162,1.1168003422570292,,,,,,0.24677750173395446,0.5912516193992745,0.768555456376812,0.812002506536458,0.20314407348632812,1.21044921875,1.349365234375,31,1,{'NO_HISTORY': 1},0,0,0,0
212,14,translation,1,False,True,2,1,1.151179374980162,1.1821333590606422,,,,,,0.40727149248158445,0.555697677245856,0.9195651215057196,0.9707045761381543,0.3890690803527832,1.42474365234375,1.5635986328125,30,2,"{'NO_HISTORY': 1, 'SMOOTHING_DEVIATION': 1}",0,0,0,0
213,14,translation,2,False,True,2,1,1.151179374980162,1.3687947802966358,,,,,,0.705520724376774,0.8942347398483474,0.9807400598767674,0.9829905704931787,0.7034597396850586,1.85333251953125,1.9921875,28,4,"{'NO_HISTORY': 1, 'SMOOTHING_DEVIATION': 3}",0,0,0,0
214,14,translation,4,False,True,2,1,1.151179374980162,1.151179374980162,,,,,,0.0,0.0,0.0,0.0,-0.0015778541564941406,1,1.1370849609375,0,32,"{'NO_HISTORY': 1, 'SMOOTHING_DEVIATION': 31}",0,0,0,0
215,14,translation,8,False,True,2,1,1.151179374980162,1.151179374980162,,,,,,0.0,0.0,0.0,0.0,-0.0015778541564941406,1,1.1370849609375,0,32,"{'NO_HISTORY': 1, 'SMOOTHING_DEVIATION': 31}",0,0,0,0
216,14,rotation,0,False,True,2,1,1.151179374980162,1.097508197744476,1.0122420565016743,0.9616711005223414,0.9500406492157548,0.6165911242632021,0.4512945228656243,0.09641598548311571,0.5752819268082096,0.603813520692445,0.603813520692445,,,,31,1,{'NO_HISTORY': 1},0,0,0,0
217,14,rotation,0.5,False,True,2,1,1.1511762174519722,1.2476281624615435,,,,,,0.29433974613148645,0.5471487518154954,0.7198346133239137,0.7365531931561458,0.7957172383887114,1.283701954677279,1.353037635778742,31,1,{'NO_HISTORY': 1},0,0,0,0
218,14,rotation,2,False,True,2,1,1.1511722597858918,1.5979893855487088,,,,,,0.5347866428258223,0.9624910091198512,0.9929441022777683,0.9929441022777683,1.2350261490964816,2.094792146384312,2.2108292859956915,21,11,"{'NO_HISTORY': 1, 'SMOOTHING_DEVIATION': 10}",0,0,0,0
219,14,rotation,5,False,True,2,1,1.1511776798490547,1.1511776798490547,,,,,,0.0,0.0,0.0,0.0,0.4726718095248337,1.0908146174908213,1.1153189608153662,0,32,"{'NO_HISTORY': 1, 'SMOOTHING_DEVIATION': 31}",0,0,0,0
220,14,translation,0,True,False,2,1,0.0,0.0,0.0,0.0,,0.0,0.0,0.0,0.0,0.0,0.0,0,0,0,31,1,{'NO_HISTORY': 1},0,0,0,0
221,14,translation,0.5,True,False,2,1,0.0,0.2083213800550117,,,,,,0.2047252655029297,0.21429443359375,0.21429443359375,0.21429443359375,0.2047252655029297,0.21429443359375,0.21429443359375,31,1,{'NO_HISTORY': 1},0,0,0,0
222,14,translation,1,True,False,2,1,0.0,0.4166452883691085,,,,,,0.4094524383544922,0.4285888671875,0.4285888671875,0.4285888671875,0.4094524383544922,0.4285888671875,0.4285888671875,31,1,{'NO_HISTORY': 1},0,0,0,0
223,14,translation,2,True,False,2,1,0.0,0.8332434944966378,,,,,,0.8188591003417969,0.85711669921875,0.85711669921875,0.85711669921875,0.8188591003417969,0.85711669921875,0.85711669921875,31,1,{'NO_HISTORY': 1},0,0,0,0
224,14,translation,4,True,False,2,1,0.0,0.0,,,,,,0.0,0.0,0.0,0.0,0,0,0,0,32,"{'NO_HISTORY': 1, 'SMOOTHING_DEVIATION': 31}",0,0,0,0
225,14,translation,8,True,False,2,1,0.0,0.0,,,,,,0.0,0.0,0.0,0.0,0,0,0,0,32,"{'NO_HISTORY': 1, 'SMOOTHING_DEVIATION': 31}",0,0,0,0
226,14,rotation,0,True,False,2,1,0.0,0.0,0.0,0.0,,0.0,0.0,0.0,0.0,0.0,0.0,,,,31,1,{'NO_HISTORY': 1},0,0,0,0
227,14,rotation,0.5,True,False,2,1,1.9485347758279063e-05,0.2570849588004683,,,,,,0.2526489302014677,0.26447746694488655,0.2644806220720854,0.2644806220720854,0.252638748928397,0.264477578833227,0.26448005955015386,31,1,{'NO_HISTORY': 1},0,0,0,0
228,14,rotation,2,True,False,2,1,2.1328854252288434e-05,0.6913380659801904,,,,,,0.5553022378560233,0.9624971529838021,0.9625011917825231,0.9625026997963395,0.5551641865142202,0.9621828576870517,0.9622032708344656,21,11,"{'NO_HISTORY': 1, 'SMOOTHING_DEVIATION': 10}",0,0,0,0
229,14,rotation,5,True,False,2,1,1.9124847228278004e-05,1.9124847228278004e-05,,,,,,0.0,0.0,0.0,0.0,2.1765184062023765e-07,2.9584454096518122e-05,2.95844542084778e-05,0,32,"{'NO_HISTORY': 1, 'SMOOTHING_DEVIATION': 31}",0,0,0,0
230,14,translation,0,True,True,2,1,1.151179374980162,1.097508197744476,1.0122420565016743,0.9616711005223414,0.9500406492157548,0.6165911242632021,0.4512945228656243,0.09641598548311571,0.5752819268082096,0.603813520692445,0.603813520692445,-0.0015730857849121094,1,1.13507080078125,31,1,{'NO_HISTORY': 1},0,0,0,0
231,14,translation,0.5,True,True,2,1,1.151179374980162,1.1168003422570292,,,,,,0.24677750173395446,0.5912516193992745,0.768555456376812,0.812002506536458,0.20314407348632812,1.21044921875,1.349365234375,31,1,{'NO_HISTORY': 1},0,0,0,0
232,14,translation,1,True,True,2,1,1.151179374980162,1.1821333590606422,,,,,,0.40727149248158445,0.555697677245856,0.9195651215057196,0.9707045761381543,0.3890690803527832,1.42474365234375,1.5635986328125,30,2,"{'NO_HISTORY': 1, 'SMOOTHING_DEVIATION': 1}",0,0,0,0
233,14,translation,2,True,True,2,1,1.151179374980162,1.3687947802966358,,,,,,0.705520724376774,0.8942347398483474,0.9807400598767674,0.9829905704931787,0.7034597396850586,1.85333251953125,1.9921875,28,4,"{'NO_HISTORY': 1, 'SMOOTHING_DEVIATION': 3}",0,0,0,0
234,14,translation,4,True,True,2,1,1.151179374980162,1.151179374980162,,,,,,0.0,0.0,0.0,0.0,-0.0015778541564941406,1,1.1370849609375,0,32,"{'NO_HISTORY': 1, 'SMOOTHING_DEVIATION': 31}",0,0,0,0
235,14,translation,8,True,True,2,1,1.151179374980162,1.151179374980162,,,,,,0.0,0.0,0.0,0.0,-0.0015778541564941406,1,1.1370849609375,0,32,"{'NO_HISTORY': 1, 'SMOOTHING_DEVIATION': 31}",0,0,0,0
236,14,rotation,0,True,True,2,1,1.151179374980162,1.097508197744476,1.0122420565016743,0.9616711005223414,0.9500406492157548,0.6165911242632021,0.4512945228656243,0.09641598548311571,0.5752819268082096,0.603813520692445,0.603813520692445,,,,31,1,{'NO_HISTORY': 1},0,0,0,0
237,14,rotation,0.5,True,True,2,1,1.1511762174519722,1.2476281624615435,,,,,,0.29433974613148645,0.5471487518154954,0.7198346133239137,0.7365531931561458,0.7957172383887114,1.283701954677279,1.353037635778742,31,1,{'NO_HISTORY': 1},0,0,0,0
238,14,rotation,2,True,True,2,1,1.1511722597858918,1.5979893855487088,,,,,,0.5347866428258223,0.9624910091198512,0.9929441022777683,0.9929441022777683,1.2350261490964816,2.094792146384312,2.2108292859956915,21,11,"{'NO_HISTORY': 1, 'SMOOTHING_DEVIATION': 10}",0,0,0,0
239,14,rotation,5,True,True,2,1,1.1511776798490547,1.1511776798490547,,,,,,0.0,0.0,0.0,0.0,0.4726718095248337,1.0908146174908213,1.1153189608153662,0,32,"{'NO_HISTORY': 1, 'SMOOTHING_DEVIATION': 31}",0,0,0,0
240,14,translation,0,False,False,2,2,0.0,0.0,0.0,0.0,,0.0,0.0,0.0,0.0,0.0,0.0,0,0,0,31,1,{'NO_HISTORY': 1},0,0,0,0
241,14,translation,0.5,False,False,2,2,0.0,0.2083213800550117,,,,,,0.2047252655029297,0.21429443359375,0.21429443359375,0.21429443359375,0.2047252655029297,0.21429443359375,0.21429443359375,31,1,{'NO_HISTORY': 1},0,0,0,0
242,14,translation,1,False,False,2,2,0.0,0.4166452883691085,,,,,,0.4094524383544922,0.4285888671875,0.4285888671875,0.4285888671875,0.4094524383544922,0.4285888671875,0.4285888671875,31,1,{'NO_HISTORY': 1},0,0,0,0
243,14,translation,2,False,False,2,2,0.0,0.8332434944966378,,,,,,0.8188591003417969,0.85711669921875,0.85711669921875,0.85711669921875,0.8188591003417969,0.85711669921875,0.85711669921875,31,1,{'NO_HISTORY': 1},0,0,0,0
244,14,translation,4,False,False,2,2,0.0,1.6665316608265432,,,,,,1.6377620697021484,1.71429443359375,1.71429443359375,1.71429443359375,1.6377620697021484,1.71429443359375,1.71429443359375,31,1,{'NO_HISTORY': 1},0,0,0,0
245,14,translation,8,False,False,2,2,0.0,0.0,,,,,,0.0,0.0,0.0,0.0,0,0,0,0,32,"{'NO_HISTORY': 1, 'SMOOTHING_DEVIATION': 31}",0,0,0,0
246,14,rotation,0,False,False,2,2,0.0,0.0,0.0,0.0,,0.0,0.0,0.0,0.0,0.0,0.0,,,,31,1,{'NO_HISTORY': 1},0,0,0,0
247,14,rotation,0.5,False,False,2,2,1.9485347758279063e-05,0.2570849588004683,,,,,,0.2526489302014677,0.26447746694488655,0.2644806220720854,0.2644806220720854,0.252638748928397,0.264477578833227,0.26448005955015386,31,1,{'NO_HISTORY': 1},0,0,0,0
248,14,rotation,2,False,False,2,2,2.1328854252288434e-05,1.0279454214364445,,,,,,1.0102042522813242,1.0574125565709087,1.0574185967790894,1.0574185967790894,1.0096918709666172,1.0568586311624755,1.0568735554803723,31,1,{'NO_HISTORY': 1},0,0,0,0
249,14,rotation,5,False,False,2,2,1.9124847228278004e-05,1.3085847433489748,,,,,,0.9253089110837718,1.850639476353944,1.8506416755274107,1.8506416755274107,0.9244285083911543,1.8488970936464046,1.8489023929683348,16,16,"{'NO_HISTORY': 1, 'SMOOTHING_DEVIATION': 15}",0,0,0,0
250,14,translation,0,False,True,2,2,1.151179374980162,1.097508197744476,1.0122420565016743,0.9616711005223414,0.9500406492157548,0.6165911242632021,0.4512945228656243,0.09641598548311571,0.5752819268082096,0.603813520692445,0.603813520692445,-0.0015730857849121094,1,1.13507080078125,31,1,{'NO_HISTORY': 1},0,0,0,0
251,14,translation,0.5,False,True,2,2,1.151179374980162,1.1168003422570292,,,,,,0.24677750173395446,0.5912516193992745,0.768555456376812,0.812002506536458,0.20314407348632812,1.21044921875,1.349365234375,31,1,{'NO_HISTORY': 1},0,0,0,0
252,14,translation,1,False,True,2,2,1.151179374980162,1.1733485462532087,,,,,,0.43457598487261284,0.651856365989039,0.9707045761381543,1.0219427433365835,0.40785980224609375,1.42474365234375,1.5635986328125,31,1,{'NO_HISTORY': 1},0,0,0,0
253,14,translation,2,False,True,2,2,1.151179374980162,1.3770052224872444,,,,,,0.8300927705353581,1.0333072865844415,1.3859941446373858,1.4441537194023375,0.8173003196716309,1.85333251953125,1.9921875,31,1,{'NO_HISTORY': 1},0,0,0,0
254,14,translation,4,False,True,2,2,1.151179374980162,1.8954153229583788,,,,,,1.4099840095808818,1.749272008013124,1.8309188276115342,1.8400087788750783,1.4081645011901855,2.71044921875,2.849365234375,28,4,"{'NO_HISTORY': 1, 'SMOOTHING_DEVIATION': 3}",0,0,0,0
255,14,translation,8,False,True,2,2,1.151179374980162,1.151179374980162,,,,,,0.0,0.0,0.0,0.0,-0.0015778541564941406,1,1.1370849609375,0,32,"{'NO_HISTORY': 1, 'SMOOTHING_DEVIATION': 31}",0,0,0,0
256,14,rotation,0,False,True,2,2,1.151179374980162,1.097508197744476,1.0122420565016743,0.9616711005223414,0.9500406492157548,0.6165911242632021,0.4512945228656243,0.09641598548311571,0.5752819268082096,0.603813520692445,0.603813520692445,,,,31,1,{'NO_HISTORY': 1},0,0,0,0
257,14,rotation,0.5,False,True,2,2,1.1511762174519722,1.2476281624615435,,,,,,0.29433974613148645,0.5471487518154954,0.7198346133239137,0.7365531931561458,0.7957172383887114,1.283701954677279,1.353037635778742,31,1,{'NO_HISTORY': 1},0,0,0,0
258,14,rotation,2,False,True,2,2,1.1511722597858918,1.93271890121365,,,,,,1.0042086684587896,1.1949551381609538,1.5210122121382417,1.537863904882206,1.7066517166850068,2.277110590431205,2.304163374227936,31,1,{'NO_HISTORY': 1},0,0,0,0
259,14,rotation,5,False,True,2,2,1.1511776798490547,1.9893481340392607,,,,,,0.9218444286386885,1.8852367405281594,1.9985932463576035,1.9985932463576035,1.3912677026070412,2.8846191933804466,3.034901323828405,16,16,"{'NO_HISTORY': 1, 'SMOOTHING_DEVIATION': 15}",0,0,0,0
260,14,translation,0,True,False,2,2,0.0,0.0,0.0,0.0,,0.0,0.0,0.0,0.0,0.0,0.0,0,0,0,31,1,{'NO_HISTORY': 1},0,0,0,0
261,14,translation,0.5,True,False,2,2,0.0,0.2083213800550117,,,,,,0.2047252655029297,0.21429443359375,0.21429443359375,0.21429443359375,0.2047252655029297,0.21429443359375,0.21429443359375,31,1,{'NO_HISTORY': 1},0,0,0,0
262,14,translation,1,True,False,2,2,0.0,0.4166452883691085,,,,,,0.4094524383544922,0.4285888671875,0.4285888671875,0.4285888671875,0.4094524383544922,0.4285888671875,0.4285888671875,31,1,{'NO_HISTORY': 1},0,0,0,0
263,14,translation,2,True,False,2,2,0.0,0.8332434944966378,,,,,,0.8188591003417969,0.85711669921875,0.85711669921875,0.85711669921875,0.8188591003417969,0.85711669921875,0.85711669921875,31,1,{'NO_HISTORY': 1},0,0,0,0
264,14,translation,4,True,False,2,2,0.0,1.6665316608265432,,,,,,1.6377620697021484,1.71429443359375,1.71429443359375,1.71429443359375,1.6377620697021484,1.71429443359375,1.71429443359375,31,1,{'NO_HISTORY': 1},0,0,0,0
265,14,translation,8,True,False,2,2,0.0,0.0,,,,,,0.0,0.0,0.0,0.0,0,0,0,0,32,"{'NO_HISTORY': 1, 'SMOOTHING_DEVIATION': 31}",0,0,0,0
266,14,rotation,0,True,False,2,2,0.0,0.0,0.0,0.0,,0.0,0.0,0.0,0.0,0.0,0.0,,,,31,1,{'NO_HISTORY': 1},0,0,0,0
267,14,rotation,0.5,True,False,2,2,1.9485347758279063e-05,0.2570849588004683,,,,,,0.2526489302014677,0.26447746694488655,0.2644806220720854,0.2644806220720854,0.252638748928397,0.264477578833227,0.26448005955015386,31,1,{'NO_HISTORY': 1},0,0,0,0
268,14,rotation,2,True,False,2,2,2.1328854252288434e-05,1.0279454214364445,,,,,,1.0102042522813242,1.0574125565709087,1.0574185967790894,1.0574185967790894,1.0096918709666172,1.0568586311624755,1.0568735554803723,31,1,{'NO_HISTORY': 1},0,0,0,0
269,14,rotation,5,True,False,2,2,1.9124847228278004e-05,1.3085847433489748,,,,,,0.9253089110837718,1.850639476353944,1.8506416755274107,1.8506416755274107,0.9244285083911543,1.8488970936464046,1.8489023929683348,16,16,"{'NO_HISTORY': 1, 'SMOOTHING_DEVIATION': 15}",0,0,0,0
270,14,translation,0,True,True,2,2,1.151179374980162,1.097508197744476,1.0122420565016743,0.9616711005223414,0.9500406492157548,0.6165911242632021,0.4512945228656243,0.09641598548311571,0.5752819268082096,0.603813520692445,0.603813520692445,-0.0015730857849121094,1,1.13507080078125,31,1,{'NO_HISTORY': 1},0,0,0,0
271,14,translation,0.5,True,True,2,2,1.151179374980162,1.1168003422570292,,,,,,0.24677750173395446,0.5912516193992745,0.768555456376812,0.812002506536458,0.20314407348632812,1.21044921875,1.349365234375,31,1,{'NO_HISTORY': 1},0,0,0,0
272,14,translation,1,True,True,2,2,1.151179374980162,1.1733485462532087,,,,,,0.43457598487261284,0.651856365989039,0.9707045761381543,1.0219427433365835,0.40785980224609375,1.42474365234375,1.5635986328125,31,1,{'NO_HISTORY': 1},0,0,0,0
273,14,translation,2,True,True,2,2,1.151179374980162,1.3770052224872444,,,,,,0.8300927705353581,1.0333072865844415,1.3859941446373858,1.4441537194023375,0.8173003196716309,1.85333251953125,1.9921875,31,1,{'NO_HISTORY': 1},0,0,0,0
274,14,translation,4,True,True,2,2,1.151179374980162,1.8954153229583788,,,,,,1.4099840095808818,1.749272008013124,1.8309188276115342,1.8400087788750783,1.4081645011901855,2.71044921875,2.849365234375,28,4,"{'NO_HISTORY': 1, 'SMOOTHING_DEVIATION': 3}",0,0,0,0
275,14,translation,8,True,True,2,2,1.151179374980162,1.151179374980162,,,,,,0.0,0.0,0.0,0.0,-0.0015778541564941406,1,1.1370849609375,0,32,"{'NO_HISTORY': 1, 'SMOOTHING_DEVIATION': 31}",0,0,0,0
276,14,rotation,0,True,True,2,2,1.151179374980162,1.097508197744476,1.0122420565016743,0.9616711005223414,0.9500406492157548,0.6165911242632021,0.4512945228656243,0.09641598548311571,0.5752819268082096,0.603813520692445,0.603813520692445,,,,31,1,{'NO_HISTORY': 1},0,0,0,0
277,14,rotation,0.5,True,True,2,2,1.1511762174519722,1.2476281624615435,,,,,,0.29433974613148645,0.5471487518154954,0.7198346133239137,0.7365531931561458,0.7957172383887114,1.283701954677279,1.353037635778742,31,1,{'NO_HISTORY': 1},0,0,0,0
278,14,rotation,2,True,True,2,2,1.1511722597858918,1.93271890121365,,,,,,1.0042086684587896,1.1949551381609538,1.5210122121382417,1.537863904882206,1.7066517166850068,2.277110590431205,2.304163374227936,31,1,{'NO_HISTORY': 1},0,0,0,0
279,14,rotation,5,True,True,2,2,1.1511776798490547,1.9893481340392607,,,,,,0.9218444286386885,1.8852367405281594,1.9985932463576035,1.9985932463576035,1.3912677026070412,2.8846191933804466,3.034901323828405,16,16,"{'NO_HISTORY': 1, 'SMOOTHING_DEVIATION': 15}",0,0,0,0
280,14,translation,0,False,False,2,4,0.0,0.0,0.0,0.0,,0.0,0.0,0.0,0.0,0.0,0.0,0,0,0,31,1,{'NO_HISTORY': 1},0,0,0,0
281,14,translation,0.5,False,False,2,4,0.0,0.2083213800550117,,,,,,0.2047252655029297,0.21429443359375,0.21429443359375,0.21429443359375,0.2047252655029297,0.21429443359375,0.21429443359375,31,1,{'NO_HISTORY': 1},0,0,0,0
282,14,translation,1,False,False,2,4,0.0,0.4166452883691085,,,,,,0.4094524383544922,0.4285888671875,0.4285888671875,0.4285888671875,0.4094524383544922,0.4285888671875,0.4285888671875,31,1,{'NO_HISTORY': 1},0,0,0,0
283,14,translation,2,False,False,2,4,0.0,0.8332434944966378,,,,,,0.8188591003417969,0.85711669921875,0.85711669921875,0.85711669921875,0.8188591003417969,0.85711669921875,0.85711669921875,31,1,{'NO_HISTORY': 1},0,0,0,0
284,14,translation,4,False,False,2,4,0.0,1.6665316608265432,,,,,,1.6377620697021484,1.71429443359375,1.71429443359375,1.71429443359375,1.6377620697021484,1.71429443359375,1.71429443359375,31,1,{'NO_HISTORY': 1},0,0,0,0
285,14,translation,8,False,False,2,4,0.0,3.333061400417086,,,,,,3.275522232055664,3.4285888671875,3.4285888671875,3.4285888671875,3.275522232055664,3.4285888671875,3.4285888671875,31,1,{'NO_HISTORY': 1},0,0,0,0
286,14,rotation,0,False,False,2,4,0.0,0.0,0.0,0.0,,0.0,0.0,0.0,0.0,0.0,0.0,,,,31,1,{'NO_HISTORY': 1},0,0,0,0
287,14,rotation,0.5,False,False,2,4,1.9485347758279063e-05,0.2570849588004683,,,,,,0.2526489302014677,0.26447746694488655,0.2644806220720854,0.2644806220720854,0.252638748928397,0.264477578833227,0.26448005955015386,31,1,{'NO_HISTORY': 1},0,0,0,0
288,14,rotation,2,False,False,2,4,2.1328854252288434e-05,1.0279454214364445,,,,,,1.0102042522813242,1.0574125565709087,1.0574185967790894,1.0574185967790894,1.0096918709666172,1.0568586311624755,1.0568735554803723,31,1,{'NO_HISTORY': 1},0,0,0,0
289,14,rotation,5,False,False,2,4,1.9124847228278004e-05,2.564476291970096,,,,,,2.520254546762773,2.637626647761639,2.6376355343442386,2.6376355343442386,2.512310918827695,2.6289964982061536,2.6289980772758317,31,1,{'NO_HISTORY': 1},0,0,0,0
290,14,translation,0,False,True,2,4,1.151179374980162,1.097508197744476,1.0122420565016743,0.9616711005223414,0.9500406492157548,0.6165911242632021,0.4512945228656243,0.09641598548311571,0.5752819268082096,0.603813520692445,0.603813520692445,-0.0015730857849121094,1,1.13507080078125,31,1,{'NO_HISTORY': 1},0,0,0,0
291,14,translation,0.5,False,True,2,4,1.151179374980162,1.1168003422570292,,,,,,0.24677750173395446,0.5912516193992745,0.768555456376812,0.812002506536458,0.20314407348632812,1.21044921875,1.349365234375,31,1,{'NO_HISTORY': 1},0,0,0,0
292,14,translation,1,False,True,2,4,1.151179374980162,1.1733485462532087,,,,,,0.43457598487261284,0.651856365989039,0.9707045761381543,1.0219427433365835,0.40785980224609375,1.42474365234375,1.5635986328125,31,1,{'NO_HISTORY': 1},0,0,0,0
293,14,translation,2,False,True,2,4,1.151179374980162,1.3770052224872444,,,,,,0.8300927705353581,1.0333072865844415,1.3859941446373858,1.4441537194023375,0.8173003196716309,1.85333251953125,1.9921875,31,1,{'NO_HISTORY': 1},0,0,0,0
294,14,translation,4,False,True,2,4,1.151179374980162,1.9940941678905044,,,,,,1.643170603283732,1.8881138970469415,2.2316507100956278,2.2917323377620886,1.6361784934997559,2.71044921875,2.849365234375,31,1,{'NO_HISTORY': 1},0,0,0,0
295,14,translation,8,False,True,2,4,1.151179374980162,3.507547931346097,,,,,,3.278193323094619,3.585051442154469,3.937919346607489,3.990306224353512,3.2739319801330566,4.42474365234375,4.5635986328125,31,1,{'NO_HISTORY': 1},0,0,0,0
296,14,rotation,0,False,True,2,4,1.151179374980162,1.097508197744476,1.0122420565016743,0.9616711005223414,0.9500406492157548,0.6165911242632021,0.4512945228656243,0.09641598548311571,0.5752819268082096,0.603813520692445,0.603813520692445,,,,31,1,{'NO_HISTORY': 1},0,0,0,0
297,14,rotation,0.5,False,True,2,4,1.1511762174519722,1.2476281624615435,,,,,,0.29433974613148645,0.5471487518154954,0.7198346133239137,0.7365531931561458,0.7957172383887114,1.283701954677279,1.353037635778742,31,1,{'NO_HISTORY': 1},0,0,0,0
298,14,rotation,2,False,True,2,4,1.1511722597858918,1.93271890121365,,,,,,1.0042086684587896,1.1949551381609538,1.5210122121382417,1.537863904882206,1.7066517166850068,2.277110590431205,2.304163374227936,31,1,{'NO_HISTORY': 1},0,0,0,0
299,14,rotation,5,False,True,2,4,1.1511776798490547,3.2185946929685367,,,,,,2.4901499709830235,2.8137148147488293,3.2128589072009777,3.2277333678652886,2.952023528006915,3.650707417804378,3.6729391836461414,31,1,{'NO_HISTORY': 1},0,0,0,0
300,14,translation,0,True,False,2,4,0.0,0.0,0.0,0.0,,0.0,0.0,0.0,0.0,0.0,0.0,0,0,0,31,1,{'NO_HISTORY': 1},0,0,0,0
301,14,translation,0.5,True,False,2,4,0.0,0.2083213800550117,,,,,,0.2047252655029297,0.21429443359375,0.21429443359375,0.21429443359375,0.2047252655029297,0.21429443359375,0.21429443359375,31,1,{'NO_HISTORY': 1},0,0,0,0
302,14,translation,1,True,False,2,4,0.0,0.4166452883691085,,,,,,0.4094524383544922,0.4285888671875,0.4285888671875,0.4285888671875,0.4094524383544922,0.4285888671875,0.4285888671875,31,1,{'NO_HISTORY': 1},0,0,0,0
303,14,translation,2,True,False,2,4,0.0,0.8332434944966378,,,,,,0.8188591003417969,0.85711669921875,0.85711669921875,0.85711669921875,0.8188591003417969,0.85711669921875,0.85711669921875,31,1,{'NO_HISTORY': 1},0,0,0,0
304,14,translation,4,True,False,2,4,0.0,1.6665316608265432,,,,,,1.6377620697021484,1.71429443359375,1.71429443359375,1.71429443359375,1.6377620697021484,1.71429443359375,1.71429443359375,31,1,{'NO_HISTORY': 1},0,0,0,0
305,14,translation,8,True,False,2,4,0.0,3.333061400417086,,,,,,3.275522232055664,3.4285888671875,3.4285888671875,3.4285888671875,3.275522232055664,3.4285888671875,3.4285888671875,31,1,{'NO_HISTORY': 1},0,0,0,0
306,14,rotation,0,True,False,2,4,0.0,0.0,0.0,0.0,,0.0,0.0,0.0,0.0,0.0,0.0,,,,31,1,{'NO_HISTORY': 1},0,0,0,0
307,14,rotation,0.5,True,False,2,4,1.9485347758279063e-05,0.2570849588004683,,,,,,0.2526489302014677,0.26447746694488655,0.2644806220720854,0.2644806220720854,0.252638748928397,0.264477578833227,0.26448005955015386,31,1,{'NO_HISTORY': 1},0,0,0,0
308,14,rotation,2,True,False,2,4,2.1328854252288434e-05,1.0279454214364445,,,,,,1.0102042522813242,1.0574125565709087,1.0574185967790894,1.0574185967790894,1.0096918709666172,1.0568586311624755,1.0568735554803723,31,1,{'NO_HISTORY': 1},0,0,0,0
309,14,rotation,5,True,False,2,4,1.9124847228278004e-05,2.564476291970096,,,,,,2.520254546762773,2.637626647761639,2.6376355343442386,2.6376355343442386,2.512310918827695,2.6289964982061536,2.6289980772758317,31,1,{'NO_HISTORY': 1},0,0,0,0
310,14,translation,0,True,True,2,4,1.151179374980162,1.097508197744476,1.0122420565016743,0.9616711005223414,0.9500406492157548,0.6165911242632021,0.4512945228656243,0.09641598548311571,0.5752819268082096,0.603813520692445,0.603813520692445,-0.0015730857849121094,1,1.13507080078125,31,1,{'NO_HISTORY': 1},0,0,0,0
311,14,translation,0.5,True,True,2,4,1.151179374980162,1.1168003422570292,,,,,,0.24677750173395446,0.5912516193992745,0.768555456376812,0.812002506536458,0.20314407348632812,1.21044921875,1.349365234375,31,1,{'NO_HISTORY': 1},0,0,0,0
312,14,translation,1,True,True,2,4,1.151179374980162,1.1733485462532087,,,,,,0.43457598487261284,0.651856365989039,0.9707045761381543,1.0219427433365835,0.40785980224609375,1.42474365234375,1.5635986328125,31,1,{'NO_HISTORY': 1},0,0,0,0
313,14,translation,2,True,True,2,4,1.151179374980162,1.3770052224872444,,,,,,0.8300927705353581,1.0333072865844415,1.3859941446373858,1.4441537194023375,0.8173003196716309,1.85333251953125,1.9921875,31,1,{'NO_HISTORY': 1},0,0,0,0
314,14,translation,4,True,True,2,4,1.151179374980162,1.9940941678905044,,,,,,1.643170603283732,1.8881138970469415,2.2316507100956278,2.2917323377620886,1.6361784934997559,2.71044921875,2.849365234375,31,1,{'NO_HISTORY': 1},0,0,0,0
315,14,translation,8,True,True,2,4,1.151179374980162,3.507547931346097,,,,,,3.278193323094619,3.585051442154469,3.937919346607489,3.990306224353512,3.2739319801330566,4.42474365234375,4.5635986328125,31,1,{'NO_HISTORY': 1},0,0,0,0
316,14,rotation,0,True,True,2,4,1.151179374980162,1.097508197744476,1.0122420565016743,0.9616711005223414,0.9500406492157548,0.6165911242632021,0.4512945228656243,0.09641598548311571,0.5752819268082096,0.603813520692445,0.603813520692445,,,,31,1,{'NO_HISTORY': 1},0,0,0,0
317,14,rotation,0.5,True,True,2,4,1.1511762174519722,1.2476281624615435,,,,,,0.29433974613148645,0.5471487518154954,0.7198346133239137,0.7365531931561458,0.7957172383887114,1.283701954677279,1.353037635778742,31,1,{'NO_HISTORY': 1},0,0,0,0
318,14,rotation,2,True,True,2,4,1.1511722597858918,1.93271890121365,,,,,,1.0042086684587896,1.1949551381609538,1.5210122121382417,1.537863904882206,1.7066517166850068,2.277110590431205,2.304163374227936,31,1,{'NO_HISTORY': 1},0,0,0,0
319,14,rotation,5,True,True,2,4,1.1511776798490547,3.2185946929685367,,,,,,2.4901499709830235,2.8137148147488293,3.2128589072009777,3.2277333678652886,2.952023528006915,3.650707417804378,3.6729391836461414,31,1,{'NO_HISTORY': 1},0,0,0,0
320,28,translation,0,False,False,2,0.5,0.0,0.0,0.0,0.0,,0.0,0.0,0.0,0.0,0.0,0.0,0,0,0,31,1,{'NO_HISTORY': 1},0,0,0,0
321,28,translation,0.5,False,False,2,0.5,0.0,0.048512973599691867,,,,,,0.04774284362792969,0.0494384765625,0.0494384765625,0.0494384765625,0.04774284362792969,0.0494384765625,0.0494384765625,31,1,{'NO_HISTORY': 1},0,0,0,0
322,28,translation,1,False,False,2,0.5,0.0,0.09702384446224854,,,,,,0.09548377990722656,0.098876953125,0.098876953125,0.098876953125,0.09548377990722656,0.098876953125,0.098876953125,31,1,{'NO_HISTORY': 1},0,0,0,0
323,28,translation,2,False,False,2,0.5,0.0,0.19410227441398065,,,,,,0.19102096557617188,0.19781494140625,0.19781494140625,0.19781494140625,0.19102096557617188,0.19781494140625,0.19781494140625,31,1,{'NO_HISTORY': 1},0,0,0,0
324,28,translation,4,False,False,2,0.5,0.0,0.38820261923632665,,,,,,0.38204002380371094,0.3956298828125,0.3956298828125,0.3956298828125,0.38204002380371094,0.3956298828125,0.3956298828125,31,1,{'NO_HISTORY': 1},0,0,0,0
325,28,translation,8,False,False,2,0.5,0.0,0.0,,,,,,0.0,0.0,0.0,0.0,0,0,0,0,32,"{'NO_HISTORY': 1, 'SMOOTHING_DEVIATION': 31}",0,0,0,0
326,28,rotation,0,False,False,2,0.5,0.0,0.0,0.0,0.0,,0.0,0.0,0.0,0.0,0.0,0.0,,,,31,1,{'NO_HISTORY': 1},0,0,0,0
327,28,rotation,0.5,False,False,2,0.5,1.9485347758279063e-05,0.05988131719214792,,,,,,0.058932912391070076,0.06104968851654,0.06105889430962632,0.06105889430962632,0.058929899341021975,0.061047380373736505,0.061066585707936015,31,1,{'NO_HISTORY': 1},0,0,0,0
328,28,rotation,2,False,False,2,0.5,2.1328854252288434e-05,0.23950617693823656,,,,,,0.23570550822553243,0.24411057287267907,0.2441129134663437,0.2441129134663437,0.23565310093302905,0.2440662581713807,0.24406954579964854,31,1,{'NO_HISTORY': 1},0,0,0,0
329,28,rotation,5,False,False,2,0.5,1.9124847228278004e-05,1.9124847228278004e-05,,,,,,0.0,0.0,0.0,0.0,2.1765184062023765e-07,2.9584454096518122e-05,2.95844542084778e-05,0,32,"{'NO_HISTORY': 1, 'SMOOTHING_DEVIATION': 31}",0,0,0,0
330,28,translation,0,False,True,2,0.5,1.151179374980162,1.1365724813812719,1.0122420565016743,0.9981405283697972,0.9860690157642608,0.6165911242632021,0.5633909553497221,0.02270703700684225,0.1728270130720065,0.1811381229052443,0.1811381229052443,-0.0015802383422851562,1,1.1370849609375,31,1,{'NO_HISTORY': 1},0,0,0,0
331,28,translation,0.5,False,True,2,0.5,1.151179374980162,1.1375385083792653,,,,,,0.060611515208454494,0.17622384406525263,0.21708048278216238,0.22949089699240294,0.046175479888916016,1.0494384765625,1.1865234375,31,1,{'NO_HISTORY': 1},0,0,0,0
332,28,translation,1,False,True,2,0.5,1.151179374980162,1.140571127027271,,,,,,0.10437998317892005,0.18489724928801748,0.26325394923274165,0.27822553794495886,0.09392786026000977,1.098876953125,1.2359619140625,31,1,{'NO_HISTORY': 1},0,0,0,0
333,28,translation,2,False,True,2,0.5,1.151179374980162,1.152755515309377,,,,,,0.19522002755157383,0.2367990330094663,0.35815690890596824,0.3763068197759661,0.18943071365356445,1.19775390625,1.33489990234375,31,1,{'NO_HISTORY': 1},0,0,0,0
334,28,translation,4,False,True,2,0.5,1.151179374980162,1.2046668643026583,,,,,,0.3414286792815103,0.40280460611100366,0.4330607018026031,0.43459410120113995,0.3397645950317383,1.39556884765625,1.53265380859375,28,4,"{'NO_HISTORY': 1, 'SMOOTHING_DEVIATION': 3}",0,0,0,0
335,28,translation,8,False,True,2,0.5,1.151179374980162,1.151179374980162,,,,,,0.0,0.0,0.0,0.0,-0.0015778541564941406,1,1.1370849609375,0,32,"{'NO_HISTORY': 1, 'SMOOTHING_DEVIATION': 31}",0,0,0,0
336,28,rotation,0,False,True,2,0.5,1.151179374980162,1.1365724813812719,1.0122420565016743,0.9981405283697972,0.9860690157642608,0.6165911242632021,0.5633909553497221,0.02270703700684225,0.1728270130720065,0.1811381229052443,0.1811381229052443,,,,31,1,{'NO_HISTORY': 1},0,0,0,0
337,28,rotation,0.5,False,True,2,0.5,1.1511762174519722,1.1670127909305468,,,,,,0.07185828443120906,0.16188247151603777,0.20441790072152452,0.20930821293005514,0.6055214821507667,1.127390820202246,1.1630953069627104,31,1,{'NO_HISTORY': 1},0,0,0,0
338,28,rotation,2,False,True,2,0.5,1.1511722597858918,1.3024595920438269,,,,,,0.23598607637518573,0.2637686375274827,0.38736472460427324,0.3924273348395624,0.9469360268395624,1.4686448995286934,1.49268909211393,31,1,{'NO_HISTORY': 1},0,0,0,0
339,28,rotation,5,False,True,2,0.5,1.1511776798490547,1.1752571830493985,,,,,,0.025891244157664965,0.3945276288536756,0.4351695568919705,0.4351695568919705,0.497862037224058,1.098340195710817,1.5260618686988556,2,30,"{'NO_HISTORY': 1, 'SMOOTHING_DEVIATION': 29}",0,0,0,0
340,28,translation,0,True,False,2,0.5,0.0,0.0,0.0,0.0,,0.0,0.0,0.0,0.0,0.0,0.0,0,0,0,31,1,{'NO_HISTORY': 1},0,0,0,0
341,28,translation,0.5,True,False,2,0.5,0.0,0.048512973599691867,,,,,,0.04774284362792969,0.0494384765625,0.0494384765625,0.0494384765625,0.04774284362792969,0.0494384765625,0.0494384765625,31,1,{'NO_HISTORY': 1},0,0,0,0
342,28,translation,1,True,False,2,0.5,0.0,0.09702384446224854,,,,,,0.09548377990722656,0.098876953125,0.098876953125,0.098876953125,0.09548377990722656,0.098876953125,0.098876953125,31,1,{'NO_HISTORY': 1},0,0,0,0
343,28,translation,2,True,False,2,0.5,0.0,0.19410227441398065,,,,,,0.19102096557617188,0.19781494140625,0.19781494140625,0.19781494140625,0.19102096557617188,0.19781494140625,0.19781494140625,31,1,{'NO_HISTORY': 1},0,0,0,0
344,28,translation,4,True,False,2,0.5,0.0,0.38820261923632665,,,,,,0.38204002380371094,0.3956298828125,0.3956298828125,0.3956298828125,0.38204002380371094,0.3956298828125,0.3956298828125,31,1,{'NO_HISTORY': 1},0,0,0,0
345,28,translation,8,True,False,2,0.5,0.0,0.0,,,,,,0.0,0.0,0.0,0.0,0,0,0,0,32,"{'NO_HISTORY': 1, 'SMOOTHING_DEVIATION': 31}",0,0,0,0
346,28,rotation,0,True,False,2,0.5,0.0,0.0,0.0,0.0,,0.0,0.0,0.0,0.0,0.0,0.0,,,,31,1,{'NO_HISTORY': 1},0,0,0,0
347,28,rotation,0.5,True,False,2,0.5,1.9485347758279063e-05,0.05988131719214792,,,,,,0.058932912391070076,0.06104968851654,0.06105889430962632,0.06105889430962632,0.058929899341021975,0.061047380373736505,0.061066585707936015,31,1,{'NO_HISTORY': 1},0,0,0,0
348,28,rotation,2,True,False,2,0.5,2.1328854252288434e-05,0.23950617693823656,,,,,,0.23570550822553243,0.24411057287267907,0.2441129134663437,0.2441129134663437,0.23565310093302905,0.2440662581713807,0.24406954579964854,31,1,{'NO_HISTORY': 1},0,0,0,0
349,28,rotation,5,True,False,2,0.5,1.9124847228278004e-05,1.9124847228278004e-05,,,,,,0.0,0.0,0.0,0.0,2.1765184062023765e-07,2.9584454096518122e-05,2.95844542084778e-05,0,32,"{'NO_HISTORY': 1, 'SMOOTHING_DEVIATION': 31}",0,0,0,0
350,28,translation,0,True,True,2,0.5,1.151179374980162,1.1365724813812719,1.0122420565016743,0.9981405283697972,0.9860690157642608,0.6165911242632021,0.5633909553497221,0.02270703700684225,0.1728270130720065,0.1811381229052443,0.1811381229052443,-0.0015802383422851562,1,1.1370849609375,31,1,{'NO_HISTORY': 1},0,0,0,0
351,28,translation,0.5,True,True,2,0.5,1.151179374980162,1.1375385083792653,,,,,,0.060611515208454494,0.17622384406525263,0.21708048278216238,0.22949089699240294,0.046175479888916016,1.0494384765625,1.1865234375,31,1,{'NO_HISTORY': 1},0,0,0,0
352,28,translation,1,True,True,2,0.5,1.151179374980162,1.140571127027271,,,,,,0.10437998317892005,0.18489724928801748,0.26325394923274165,0.27822553794495886,0.09392786026000977,1.098876953125,1.2359619140625,31,1,{'NO_HISTORY': 1},0,0,0,0
353,28,translation,2,True,True,2,0.5,1.151179374980162,1.152755515309377,,,,,,0.19522002755157383,0.2367990330094663,0.35815690890596824,0.3763068197759661,0.18943071365356445,1.19775390625,1.33489990234375,31,1,{'NO_HISTORY': 1},0,0,0,0
354,28,translation,4,True,True,2,0.5,1.151179374980162,1.2046668643026583,,,,,,0.3414286792815103,0.40280460611100366,0.4330607018026031,0.43459410120113995,0.3397645950317383,1.39556884765625,1.53265380859375,28,4,"{'NO_HISTORY': 1, 'SMOOTHING_DEVIATION': 3}",0,0,0,0
355,28,translation,8,True,True,2,0.5,1.151179374980162,1.151179374980162,,,,,,0.0,0.0,0.0,0.0,-0.0015778541564941406,1,1.1370849609375,0,32,"{'NO_HISTORY': 1, 'SMOOTHING_DEVIATION': 31}",0,0,0,0
356,28,rotation,0,True,True,2,0.5,1.151179374980162,1.1365724813812719,1.0122420565016743,0.9981405283697972,0.9860690157642608,0.6165911242632021,0.5633909553497221,0.02270703700684225,0.1728270130720065,0.1811381229052443,0.1811381229052443,,,,31,1,{'NO_HISTORY': 1},0,0,0,0
357,28,rotation,0.5,True,True,2,0.5,1.1511762174519722,1.1670127909305468,,,,,,0.07185828443120906,0.16188247151603777,0.20441790072152452,0.20930821293005514,0.6055214821507667,1.127390820202246,1.1630953069627104,31,1,{'NO_HISTORY': 1},0,0,0,0
358,28,rotation,2,True,True,2,0.5,1.1511722597858918,1.3024595920438269,,,,,,0.23598607637518573,0.2637686375274827,0.38736472460427324,0.3924273348395624,0.9469360268395624,1.4686448995286934,1.49268909211393,31,1,{'NO_HISTORY': 1},0,0,0,0
359,28,rotation,5,True,True,2,0.5,1.1511776798490547,1.1752571830493985,,,,,,0.025891244157664965,0.3945276288536756,0.4351695568919705,0.4351695568919705,0.497862037224058,1.098340195710817,1.5260618686988556,2,30,"{'NO_HISTORY': 1, 'SMOOTHING_DEVIATION': 29}",0,0,0,0
360,28,translation,0,False,False,2,1,0.0,0.0,0.0,0.0,,0.0,0.0,0.0,0.0,0.0,0.0,0,0,0,31,1,{'NO_HISTORY': 1},0,0,0,0
361,28,translation,0.5,False,False,2,1,0.0,0.048512973599691867,,,,,,0.04774284362792969,0.0494384765625,0.0494384765625,0.0494384765625,0.04774284362792969,0.0494384765625,0.0494384765625,31,1,{'NO_HISTORY': 1},0,0,0,0
362,28,translation,1,False,False,2,1,0.0,0.09702384446224854,,,,,,0.09548377990722656,0.098876953125,0.098876953125,0.098876953125,0.09548377990722656,0.098876953125,0.098876953125,31,1,{'NO_HISTORY': 1},0,0,0,0
363,28,translation,2,False,False,2,1,0.0,0.19410227441398065,,,,,,0.19102096557617188,0.19781494140625,0.19781494140625,0.19781494140625,0.19102096557617188,0.19781494140625,0.19781494140625,31,1,{'NO_HISTORY': 1},0,0,0,0
364,28,translation,4,False,False,2,1,0.0,0.38820261923632665,,,,,,0.38204002380371094,0.3956298828125,0.3956298828125,0.3956298828125,0.38204002380371094,0.3956298828125,0.3956298828125,31,1,{'NO_HISTORY': 1},0,0,0,0
365,28,translation,8,False,False,2,1,0.0,0.7763527550195558,,,,,,0.7640285491943359,0.79119873046875,0.79119873046875,0.79119873046875,0.7640285491943359,0.79119873046875,0.79119873046875,31,1,{'NO_HISTORY': 1},0,0,0,0
366,28,rotation,0,False,False,2,1,0.0,0.0,0.0,0.0,,0.0,0.0,0.0,0.0,0.0,0.0,,,,31,1,{'NO_HISTORY': 1},0,0,0,0
367,28,rotation,0.5,False,False,2,1,1.9485347758279063e-05,0.05988131719214792,,,,,,0.058932912391070076,0.06104968851654,0.06105889430962632,0.06105889430962632,0.058929899341021975,0.061047380373736505,0.061066585707936015,31,1,{'NO_HISTORY': 1},0,0,0,0
368,28,rotation,2,False,False,2,1,2.1328854252288434e-05,0.23950617693823656,,,,,,0.23570550822553243,0.24411057287267907,0.2441129134663437,0.2441129134663437,0.23565310093302905,0.2440662581713807,0.24406954579964854,31,1,{'NO_HISTORY': 1},0,0,0,0
369,28,rotation,5,False,False,2,1,1.9124847228278004e-05,0.5984082127374003,,,,,,0.5889089882529254,0.6098641425341227,0.6098683855623506,0.6098683855623506,0.5881142644287538,0.6090499039399228,0.6090552032618531,31,1,{'NO_HISTORY': 1},0,0,0,0
370,28,translation,0,False,True,2,1,1.151179374980162,1.1365724813812719,1.0122420565016743,0.9981405283697972,0.9860690157642608,0.6165911242632021,0.5633909553497221,0.02270703700684225,0.1728270130720065,0.1811381229052443,0.1811381229052443,-0.0015802383422851562,1,1.1370849609375,31,1,{'NO_HISTORY': 1},0,0,0,0
371,28,translation,0.5,False,True,2,1,1.151179374980162,1.1375385083792653,,,,,,0.060611515208454494,0.17622384406525263,0.21708048278216238,0.22949089699240294,0.046175479888916016,1.0494384765625,1.1865234375,31,1,{'NO_HISTORY': 1},0,0,0,0
372,28,translation,1,False,True,2,1,1.151179374980162,1.140571127027271,,,,,,0.10437998317892005,0.18489724928801748,0.26325394923274165,0.27822553794495886,0.09392786026000977,1.098876953125,1.2359619140625,31,1,{'NO_HISTORY': 1},0,0,0,0
373,28,translation,2,False,True,2,1,1.151179374980162,1.152755515309377,,,,,,0.19522002755157383,0.2367990330094663,0.35815690890596824,0.3763068197759661,0.18943071365356445,1.19775390625,1.33489990234375,31,1,{'NO_HISTORY': 1},0,0,0,0
374,28,translation,4,False,True,2,1,1.151179374980162,1.2005143008213768,,,,,,0.38398368713622255,0.43459410120113995,0.5522230743885748,0.5732314906511353,0.38044118881225586,1.39556884765625,1.53265380859375,31,1,{'NO_HISTORY': 1},0,0,0,0
375,28,translation,8,False,True,2,1,1.151179374980162,1.3755132163451855,,,,,,0.7650040290506557,0.8302126478134335,0.9449697658400331,0.9681565424304052,0.7624597549438477,1.79119873046875,1.92828369140625,31,1,{'NO_HISTORY': 1},0,0,0,0
376,28,rotation,0,False,True,2,1,1.151179374980162,1.1365724813812719,1.0122420565016743,0.9981405283697972,0.9860690157642608,0.6165911242632021,0.5633909553497221,0.02270703700684225,0.1728270130720065,0.1811381229052443,0.1811381229052443,,,,31,1,{'NO_HISTORY': 1},0,0,0,0
377,28,rotation,0.5,False,True,2,1,1.1511762174519722,1.1670127909305468,,,,,,0.07185828443120906,0.16188247151603777,0.20441790072152452,0.20930821293005514,0.6055214821507667,1.127390820202246,1.1630953069627104,31,1,{'NO_HISTORY': 1},0,0,0,0
378,28,rotation,2,False,True,2,1,1.1511722597858918,1.3024595920438269,,,,,,0.23598607637518573,0.2637686375274827,0.38736472460427324,0.3924273348395624,0.9469360268395624,1.4686448995286934,1.49268909211393,31,1,{'NO_HISTORY': 1},0,0,0,0
379,28,rotation,5,False,True,2,1,1.1511776798490547,1.5021870003359972,,,,,,0.5821488563990689,0.625622945519198,0.7825640594446167,0.7869815438640918,1.0532642452442669,1.6801455323478711,1.6955047678905772,31,1,{'NO_HISTORY': 1},0,0,0,0
380,28,translation,0,True,False,2,1,0.0,0.0,0.0,0.0,,0.0,0.0,0.0,0.0,0.0,0.0,0,0,0,31,1,{'NO_HISTORY': 1},0,0,0,0
381,28,translation,0.5,True,False,2,1,0.0,0.048512973599691867,,,,,,0.04774284362792969,0.0494384765625,0.0494384765625,0.0494384765625,0.04774284362792969,0.0494384765625,0.0494384765625,31,1,{'NO_HISTORY': 1},0,0,0,0
382,28,translation,1,True,False,2,1,0.0,0.09702384446224854,,,,,,0.09548377990722656,0.098876953125,0.098876953125,0.098876953125,0.09548377990722656,0.098876953125,0.098876953125,31,1,{'NO_HISTORY': 1},0,0,0,0
383,28,translation,2,True,False,2,1,0.0,0.19410227441398065,,,,,,0.19102096557617188,0.19781494140625,0.19781494140625,0.19781494140625,0.19102096557617188,0.19781494140625,0.19781494140625,31,1,{'NO_HISTORY': 1},0,0,0,0
384,28,translation,4,True,False,2,1,0.0,0.38820261923632665,,,,,,0.38204002380371094,0.3956298828125,0.3956298828125,0.3956298828125,0.38204002380371094,0.3956298828125,0.3956298828125,31,1,{'NO_HISTORY': 1},0,0,0,0
385,28,translation,8,True,False,2,1,0.0,0.7763527550195558,,,,,,0.7640285491943359,0.79119873046875,0.79119873046875,0.79119873046875,0.7640285491943359,0.79119873046875,0.79119873046875,31,1,{'NO_HISTORY': 1},0,0,0,0
386,28,rotation,0,True,False,2,1,0.0,0.0,0.0,0.0,,0.0,0.0,0.0,0.0,0.0,0.0,,,,31,1,{'NO_HISTORY': 1},0,0,0,0
387,28,rotation,0.5,True,False,2,1,1.9485347758279063e-05,0.05988131719214792,,,,,,0.058932912391070076,0.06104968851654,0.06105889430962632,0.06105889430962632,0.058929899341021975,0.061047380373736505,0.061066585707936015,31,1,{'NO_HISTORY': 1},0,0,0,0
388,28,rotation,2,True,False,2,1,2.1328854252288434e-05,0.23950617693823656,,,,,,0.23570550822553243,0.24411057287267907,0.2441129134663437,0.2441129134663437,0.23565310093302905,0.2440662581713807,0.24406954579964854,31,1,{'NO_HISTORY': 1},0,0,0,0
389,28,rotation,5,True,False,2,1,1.9124847228278004e-05,0.5984082127374003,,,,,,0.5889089882529254,0.6098641425341227,0.6098683855623506,0.6098683855623506,0.5881142644287538,0.6090499039399228,0.6090552032618531,31,1,{'NO_HISTORY': 1},0,0,0,0
390,28,translation,0,True,True,2,1,1.151179374980162,1.1365724813812719,1.0122420565016743,0.9981405283697972,0.9860690157642608,0.6165911242632021,0.5633909553497221,0.02270703700684225,0.1728270130720065,0.1811381229052443,0.1811381229052443,-0.0015802383422851562,1,1.1370849609375,31,1,{'NO_HISTORY': 1},0,0,0,0
391,28,translation,0.5,True,True,2,1,1.151179374980162,1.1375385083792653,,,,,,0.060611515208454494,0.17622384406525263,0.21708048278216238,0.22949089699240294,0.046175479888916016,1.0494384765625,1.1865234375,31,1,{'NO_HISTORY': 1},0,0,0,0
392,28,translation,1,True,True,2,1,1.151179374980162,1.140571127027271,,,,,,0.10437998317892005,0.18489724928801748,0.26325394923274165,0.27822553794495886,0.09392786026000977,1.098876953125,1.2359619140625,31,1,{'NO_HISTORY': 1},0,0,0,0
393,28,translation,2,True,True,2,1,1.151179374980162,1.152755515309377,,,,,,0.19522002755157383,0.2367990330094663,0.35815690890596824,0.3763068197759661,0.18943071365356445,1.19775390625,1.33489990234375,31,1,{'NO_HISTORY': 1},0,0,0,0
394,28,translation,4,True,True,2,1,1.151179374980162,1.2005143008213768,,,,,,0.38398368713622255,0.43459410120113995,0.5522230743885748,0.5732314906511353,0.38044118881225586,1.39556884765625,1.53265380859375,31,1,{'NO_HISTORY': 1},0,0,0,0
395,28,translation,8,True,True,2,1,1.151179374980162,1.3755132163451855,,,,,,0.7650040290506557,0.8302126478134335,0.9449697658400331,0.9681565424304052,0.7624597549438477,1.79119873046875,1.92828369140625,31,1,{'NO_HISTORY': 1},0,0,0,0
396,28,rotation,0,True,True,2,1,1.151179374980162,1.1365724813812719,1.0122420565016743,0.9981405283697972,0.9860690157642608,0.6165911242632021,0.5633909553497221,0.02270703700684225,0.1728270130720065,0.1811381229052443,0.1811381229052443,,,,31,1,{'NO_HISTORY': 1},0,0,0,0
397,28,rotation,0.5,True,True,2,1,1.1511762174519722,1.1670127909305468,,,,,,0.07185828443120906,0.16188247151603777,0.20441790072152452,0.20930821293005514,0.6055214821507667,1.127390820202246,1.1630953069627104,31,1,{'NO_HISTORY': 1},0,0,0,0
398,28,rotation,2,True,True,2,1,1.1511722597858918,1.3024595920438269,,,,,,0.23598607637518573,0.2637686375274827,0.38736472460427324,0.3924273348395624,0.9469360268395624,1.4686448995286934,1.49268909211393,31,1,{'NO_HISTORY': 1},0,0,0,0
399,28,rotation,5,True,True,2,1,1.1511776798490547,1.5021870003359972,,,,,,0.5821488563990689,0.625622945519198,0.7825640594446167,0.7869815438640918,1.0532642452442669,1.6801455323478711,1.6955047678905772,31,1,{'NO_HISTORY': 1},0,0,0,0
400,28,translation,0,False,False,2,2,0.0,0.0,0.0,0.0,,0.0,0.0,0.0,0.0,0.0,0.0,0,0,0,31,1,{'NO_HISTORY': 1},0,0,0,0
401,28,translation,0.5,False,False,2,2,0.0,0.048512973599691867,,,,,,0.04774284362792969,0.0494384765625,0.0494384765625,0.0494384765625,0.04774284362792969,0.0494384765625,0.0494384765625,31,1,{'NO_HISTORY': 1},0,0,0,0
402,28,translation,1,False,False,2,2,0.0,0.09702384446224854,,,,,,0.09548377990722656,0.098876953125,0.098876953125,0.098876953125,0.09548377990722656,0.098876953125,0.098876953125,31,1,{'NO_HISTORY': 1},0,0,0,0
403,28,translation,2,False,False,2,2,0.0,0.19410227441398065,,,,,,0.19102096557617188,0.19781494140625,0.19781494140625,0.19781494140625,0.19102096557617188,0.19781494140625,0.19781494140625,31,1,{'NO_HISTORY': 1},0,0,0,0
404,28,translation,4,False,False,2,2,0.0,0.38820261923632665,,,,,,0.38204002380371094,0.3956298828125,0.3956298828125,0.3956298828125,0.38204002380371094,0.3956298828125,0.3956298828125,31,1,{'NO_HISTORY': 1},0,0,0,0
405,28,translation,8,False,False,2,2,0.0,0.7763527550195558,,,,,,0.7640285491943359,0.79119873046875,0.79119873046875,0.79119873046875,0.7640285491943359,0.79119873046875,0.79119873046875,31,1,{'NO_HISTORY': 1},0,0,0,0
406,28,rotation,0,False,False,2,2,0.0,0.0,0.0,0.0,,0.0,0.0,0.0,0.0,0.0,0.0,,,,31,1,{'NO_HISTORY': 1},0,0,0,0
407,28,rotation,0.5,False,False,2,2,1.9485347758279063e-05,0.05988131719214792,,,,,,0.058932912391070076,0.06104968851654,0.06105889430962632,0.06105889430962632,0.058929899341021975,0.061047380373736505,0.061066585707936015,31,1,{'NO_HISTORY': 1},0,0,0,0
408,28,rotation,2,False,False,2,2,2.1328854252288434e-05,0.23950617693823656,,,,,,0.23570550822553243,0.24411057287267907,0.2441129134663437,0.2441129134663437,0.23565310093302905,0.2440662581713807,0.24406954579964854,31,1,{'NO_HISTORY': 1},0,0,0,0
409,28,rotation,5,False,False,2,2,1.9124847228278004e-05,0.5984082127374003,,,,,,0.5889089882529254,0.6098641425341227,0.6098683855623506,0.6098683855623506,0.5881142644287538,0.6090499039399228,0.6090552032618531,31,1,{'NO_HISTORY': 1},0,0,0,0
410,28,translation,0,False,True,2,2,1.151179374980162,1.1365724813812719,1.0122420565016743,0.9981405283697972,0.9860690157642608,0.6165911242632021,0.5633909553497221,0.02270703700684225,0.1728270130720065,0.1811381229052443,0.1811381229052443,-0.0015802383422851562,1,1.1370849609375,31,1,{'NO_HISTORY': 1},0,0,0,0
411,28,translation,0.5,False,True,2,2,1.151179374980162,1.1375385083792653,,,,,,0.060611515208454494,0.17622384406525263,0.21708048278216238,0.22949089699240294,0.046175479888916016,1.0494384765625,1.1865234375,31,1,{'NO_HISTORY': 1},0,0,0,0
412,28,translation,1,False,True,2,2,1.151179374980162,1.140571127027271,,,,,,0.10437998317892005,0.18489724928801748,0.26325394923274165,0.27822553794495886,0.09392786026000977,1.098876953125,1.2359619140625,31,1,{'NO_HISTORY': 1},0,0,0,0
413,28,translation,2,False,True,2,2,1.151179374980162,1.152755515309377,,,,,,0.19522002755157383,0.2367990330094663,0.35815690890596824,0.3763068197759661,0.18943071365356445,1.19775390625,1.33489990234375,31,1,{'NO_HISTORY': 1},0,0,0,0
414,28,translation,4,False,True,2,2,1.151179374980162,1.2005143008213768,,,,,,0.38398368713622255,0.43459410120113995,0.5522230743885748,0.5732314906511353,0.38044118881225586,1.39556884765625,1.53265380859375,31,1,{'NO_HISTORY': 1},0,0,0,0
415,28,translation,8,False,True,2,2,1.151179374980162,1.3755132163451855,,,,,,0.7650040290506557,0.8302126478134335,0.9449697658400331,0.9681565424304052,0.7624597549438477,1.79119873046875,1.92828369140625,31,1,{'NO_HISTORY': 1},0,0,0,0
416,28,rotation,0,False,True,2,2,1.151179374980162,1.1365724813812719,1.0122420565016743,0.9981405283697972,0.9860690157642608,0.6165911242632021,0.5633909553497221,0.02270703700684225,0.1728270130720065,0.1811381229052443,0.1811381229052443,,,,31,1,{'NO_HISTORY': 1},0,0,0,0
417,28,rotation,0.5,False,True,2,2,1.1511762174519722,1.1670127909305468,,,,,,0.07185828443120906,0.16188247151603777,0.20441790072152452,0.20930821293005514,0.6055214821507667,1.127390820202246,1.1630953069627104,31,1,{'NO_HISTORY': 1},0,0,0,0
418,28,rotation,2,False,True,2,2,1.1511722597858918,1.3024595920438269,,,,,,0.23598607637518573,0.2637686375274827,0.38736472460427324,0.3924273348395624,0.9469360268395624,1.4686448995286934,1.49268909211393,31,1,{'NO_HISTORY': 1},0,0,0,0
419,28,rotation,5,False,True,2,2,1.1511776798490547,1.5021870003359972,,,,,,0.5821488563990689,0.625622945519198,0.7825640594446167,0.7869815438640918,1.0532642452442669,1.6801455323478711,1.6955047678905772,31,1,{'NO_HISTORY': 1},0,0,0,0
420,28,translation,0,True,False,2,2,0.0,0.0,0.0,0.0,,0.0,0.0,0.0,0.0,0.0,0.0,0,0,0,31,1,{'NO_HISTORY': 1},0,0,0,0
421,28,translation,0.5,True,False,2,2,0.0,0.048512973599691867,,,,,,0.04774284362792969,0.0494384765625,0.0494384765625,0.0494384765625,0.04774284362792969,0.0494384765625,0.0494384765625,31,1,{'NO_HISTORY': 1},0,0,0,0
422,28,translation,1,True,False,2,2,0.0,0.09702384446224854,,,,,,0.09548377990722656,0.098876953125,0.098876953125,0.098876953125,0.09548377990722656,0.098876953125,0.098876953125,31,1,{'NO_HISTORY': 1},0,0,0,0
423,28,translation,2,True,False,2,2,0.0,0.19410227441398065,,,,,,0.19102096557617188,0.19781494140625,0.19781494140625,0.19781494140625,0.19102096557617188,0.19781494140625,0.19781494140625,31,1,{'NO_HISTORY': 1},0,0,0,0
424,28,translation,4,True,False,2,2,0.0,0.38820261923632665,,,,,,0.38204002380371094,0.3956298828125,0.3956298828125,0.3956298828125,0.38204002380371094,0.3956298828125,0.3956298828125,31,1,{'NO_HISTORY': 1},0,0,0,0
425,28,translation,8,True,False,2,2,0.0,0.7763527550195558,,,,,,0.7640285491943359,0.79119873046875,0.79119873046875,0.79119873046875,0.7640285491943359,0.79119873046875,0.79119873046875,31,1,{'NO_HISTORY': 1},0,0,0,0
426,28,rotation,0,True,False,2,2,0.0,0.0,0.0,0.0,,0.0,0.0,0.0,0.0,0.0,0.0,,,,31,1,{'NO_HISTORY': 1},0,0,0,0
427,28,rotation,0.5,True,False,2,2,1.9485347758279063e-05,0.05988131719214792,,,,,,0.058932912391070076,0.06104968851654,0.06105889430962632,0.06105889430962632,0.058929899341021975,0.061047380373736505,0.061066585707936015,31,1,{'NO_HISTORY': 1},0,0,0,0
428,28,rotation,2,True,False,2,2,2.1328854252288434e-05,0.23950617693823656,,,,,,0.23570550822553243,0.24411057287267907,0.2441129134663437,0.2441129134663437,0.23565310093302905,0.2440662581713807,0.24406954579964854,31,1,{'NO_HISTORY': 1},0,0,0,0
429,28,rotation,5,True,False,2,2,1.9124847228278004e-05,0.5984082127374003,,,,,,0.5889089882529254,0.6098641425341227,0.6098683855623506,0.6098683855623506,0.5881142644287538,0.6090499039399228,0.6090552032618531,31,1,{'NO_HISTORY': 1},0,0,0,0
430,28,translation,0,True,True,2,2,1.151179374980162,1.1365724813812719,1.0122420565016743,0.9981405283697972,0.9860690157642608,0.6165911242632021,0.5633909553497221,0.02270703700684225,0.1728270130720065,0.1811381229052443,0.1811381229052443,-0.0015802383422851562,1,1.1370849609375,31,1,{'NO_HISTORY': 1},0,0,0,0
431,28,translation,0.5,True,True,2,2,1.151179374980162,1.1375385083792653,,,,,,0.060611515208454494,0.17622384406525263,0.21708048278216238,0.22949089699240294,0.046175479888916016,1.0494384765625,1.1865234375,31,1,{'NO_HISTORY': 1},0,0,0,0
432,28,translation,1,True,True,2,2,1.151179374980162,1.140571127027271,,,,,,0.10437998317892005,0.18489724928801748,0.26325394923274165,0.27822553794495886,0.09392786026000977,1.098876953125,1.2359619140625,31,1,{'NO_HISTORY': 1},0,0,0,0
433,28,translation,2,True,True,2,2,1.151179374980162,1.152755515309377,,,,,,0.19522002755157383,0.2367990330094663,0.35815690890596824,0.3763068197759661,0.18943071365356445,1.19775390625,1.33489990234375,31,1,{'NO_HISTORY': 1},0,0,0,0
434,28,translation,4,True,True,2,2,1.151179374980162,1.2005143008213768,,,,,,0.38398368713622255,0.43459410120113995,0.5522230743885748,0.5732314906511353,0.38044118881225586,1.39556884765625,1.53265380859375,31,1,{'NO_HISTORY': 1},0,0,0,0
435,28,translation,8,True,True,2,2,1.151179374980162,1.3755132163451855,,,,,,0.7650040290506557,0.8302126478134335,0.9449697658400331,0.9681565424304052,0.7624597549438477,1.79119873046875,1.92828369140625,31,1,{'NO_HISTORY': 1},0,0,0,0
436,28,rotation,0,True,True,2,2,1.151179374980162,1.1365724813812719,1.0122420565016743,0.9981405283697972,0.9860690157642608,0.6165911242632021,0.5633909553497221,0.02270703700684225,0.1728270130720065,0.1811381229052443,0.1811381229052443,,,,31,1,{'NO_HISTORY': 1},0,0,0,0
437,28,rotation,0.5,True,True,2,2,1.1511762174519722,1.1670127909305468,,,,,,0.07185828443120906,0.16188247151603777,0.20441790072152452,0.20930821293005514,0.6055214821507667,1.127390820202246,1.1630953069627104,31,1,{'NO_HISTORY': 1},0,0,0,0
438,28,rotation,2,True,True,2,2,1.1511722597858918,1.3024595920438269,,,,,,0.23598607637518573,0.2637686375274827,0.38736472460427324,0.3924273348395624,0.9469360268395624,1.4686448995286934,1.49268909211393,31,1,{'NO_HISTORY': 1},0,0,0,0
439,28,rotation,5,True,True,2,2,1.1511776798490547,1.5021870003359972,,,,,,0.5821488563990689,0.625622945519198,0.7825640594446167,0.7869815438640918,1.0532642452442669,1.6801455323478711,1.6955047678905772,31,1,{'NO_HISTORY': 1},0,0,0,0
440,28,translation,0,False,False,2,4,0.0,0.0,0.0,0.0,,0.0,0.0,0.0,0.0,0.0,0.0,0,0,0,31,1,{'NO_HISTORY': 1},0,0,0,0
441,28,translation,0.5,False,False,2,4,0.0,0.048512973599691867,,,,,,0.04774284362792969,0.0494384765625,0.0494384765625,0.0494384765625,0.04774284362792969,0.0494384765625,0.0494384765625,31,1,{'NO_HISTORY': 1},0,0,0,0
442,28,translation,1,False,False,2,4,0.0,0.09702384446224854,,,,,,0.09548377990722656,0.098876953125,0.098876953125,0.098876953125,0.09548377990722656,0.098876953125,0.098876953125,31,1,{'NO_HISTORY': 1},0,0,0,0
443,28,translation,2,False,False,2,4,0.0,0.19410227441398065,,,,,,0.19102096557617188,0.19781494140625,0.19781494140625,0.19781494140625,0.19102096557617188,0.19781494140625,0.19781494140625,31,1,{'NO_HISTORY': 1},0,0,0,0
444,28,translation,4,False,False,2,4,0.0,0.38820261923632665,,,,,,0.38204002380371094,0.3956298828125,0.3956298828125,0.3956298828125,0.38204002380371094,0.3956298828125,0.3956298828125,31,1,{'NO_HISTORY': 1},0,0,0,0
445,28,translation,8,False,False,2,4,0.0,0.7763527550195558,,,,,,0.7640285491943359,0.79119873046875,0.79119873046875,0.79119873046875,0.7640285491943359,0.79119873046875,0.79119873046875,31,1,{'NO_HISTORY': 1},0,0,0,0
446,28,rotation,0,False,False,2,4,0.0,0.0,0.0,0.0,,0.0,0.0,0.0,0.0,0.0,0.0,,,,31,1,{'NO_HISTORY': 1},0,0,0,0
447,28,rotation,0.5,False,False,2,4,1.9485347758279063e-05,0.05988131719214792,,,,,,0.058932912391070076,0.06104968851654,0.06105889430962632,0.06105889430962632,0.058929899341021975,0.061047380373736505,0.061066585707936015,31,1,{'NO_HISTORY': 1},0,0,0,0
448,28,rotation,2,False,False,2,4,2.1328854252288434e-05,0.23950617693823656,,,,,,0.23570550822553243,0.24411057287267907,0.2441129134663437,0.2441129134663437,0.23565310093302905,0.2440662581713807,0.24406954579964854,31,1,{'NO_HISTORY': 1},0,0,0,0
449,28,rotation,5,False,False,2,4,1.9124847228278004e-05,0.5984082127374003,,,,,,0.5889089882529254,0.6098641425341227,0.6098683855623506,0.6098683855623506,0.5881142644287538,0.6090499039399228,0.6090552032618531,31,1,{'NO_HISTORY': 1},0,0,0,0
450,28,translation,0,False,True,2,4,1.151179374980162,1.1365724813812719,1.0122420565016743,0.9981405283697972,0.9860690157642608,0.6165911242632021,0.5633909553497221,0.02270703700684225,0.1728270130720065,0.1811381229052443,0.1811381229052443,-0.0015802383422851562,1,1.1370849609375,31,1,{'NO_HISTORY': 1},0,0,0,0
451,28,translation,0.5,False,True,2,4,1.151179374980162,1.1375385083792653,,,,,,0.060611515208454494,0.17622384406525263,0.21708048278216238,0.22949089699240294,0.046175479888916016,1.0494384765625,1.1865234375,31,1,{'NO_HISTORY': 1},0,0,0,0
452,28,translation,1,False,True,2,4,1.151179374980162,1.140571127027271,,,,,,0.10437998317892005,0.18489724928801748,0.26325394923274165,0.27822553794495886,0.09392786026000977,1.098876953125,1.2359619140625,31,1,{'NO_HISTORY': 1},0,0,0,0
453,28,translation,2,False,True,2,4,1.151179374980162,1.152755515309377,,,,,,0.19522002755157383,0.2367990330094663,0.35815690890596824,0.3763068197759661,0.18943071365356445,1.19775390625,1.33489990234375,31,1,{'NO_HISTORY': 1},0,0,0,0
454,28,translation,4,False,True,2,4,1.151179374980162,1.2005143008213768,,,,,,0.38398368713622255,0.43459410120113995,0.5522230743885748,0.5732314906511353,0.38044118881225586,1.39556884765625,1.53265380859375,31,1,{'NO_HISTORY': 1},0,0,0,0
455,28,translation,8,False,True,2,4,1.151179374980162,1.3755132163451855,,,,,,0.7650040290506557,0.8302126478134335,0.9449697658400331,0.9681565424304052,0.7624597549438477,1.79119873046875,1.92828369140625,31,1,{'NO_HISTORY': 1},0,0,0,0
456,28,rotation,0,False,True,2,4,1.151179374980162,1.1365724813812719,1.0122420565016743,0.9981405283697972,0.9860690157642608,0.6165911242632021,0.5633909553497221,0.02270703700684225,0.1728270130720065,0.1811381229052443,0.1811381229052443,,,,31,1,{'NO_HISTORY': 1},0,0,0,0
457,28,rotation,0.5,False,True,2,4,1.1511762174519722,1.1670127909305468,,,,,,0.07185828443120906,0.16188247151603777,0.20441790072152452,0.20930821293005514,0.6055214821507667,1.127390820202246,1.1630953069627104,31,1,{'NO_HISTORY': 1},0,0,0,0
458,28,rotation,2,False,True,2,4,1.1511722597858918,1.3024595920438269,,,,,,0.23598607637518573,0.2637686375274827,0.38736472460427324,0.3924273348395624,0.9469360268395624,1.4686448995286934,1.49268909211393,31,1,{'NO_HISTORY': 1},0,0,0,0
459,28,rotation,5,False,True,2,4,1.1511776798490547,1.5021870003359972,,,,,,0.5821488563990689,0.625622945519198,0.7825640594446167,0.7869815438640918,1.0532642452442669,1.6801455323478711,1.6955047678905772,31,1,{'NO_HISTORY': 1},0,0,0,0
460,28,translation,0,True,False,2,4,0.0,0.0,0.0,0.0,,0.0,0.0,0.0,0.0,0.0,0.0,0,0,0,31,1,{'NO_HISTORY': 1},0,0,0,0
461,28,translation,0.5,True,False,2,4,0.0,0.048512973599691867,,,,,,0.04774284362792969,0.0494384765625,0.0494384765625,0.0494384765625,0.04774284362792969,0.0494384765625,0.0494384765625,31,1,{'NO_HISTORY': 1},0,0,0,0
462,28,translation,1,True,False,2,4,0.0,0.09702384446224854,,,,,,0.09548377990722656,0.098876953125,0.098876953125,0.098876953125,0.09548377990722656,0.098876953125,0.098876953125,31,1,{'NO_HISTORY': 1},0,0,0,0
463,28,translation,2,True,False,2,4,0.0,0.19410227441398065,,,,,,0.19102096557617188,0.19781494140625,0.19781494140625,0.19781494140625,0.19102096557617188,0.19781494140625,0.19781494140625,31,1,{'NO_HISTORY': 1},0,0,0,0
464,28,translation,4,True,False,2,4,0.0,0.38820261923632665,,,,,,0.38204002380371094,0.3956298828125,0.3956298828125,0.3956298828125,0.38204002380371094,0.3956298828125,0.3956298828125,31,1,{'NO_HISTORY': 1},0,0,0,0
465,28,translation,8,True,False,2,4,0.0,0.7763527550195558,,,,,,0.7640285491943359,0.79119873046875,0.79119873046875,0.79119873046875,0.7640285491943359,0.79119873046875,0.79119873046875,31,1,{'NO_HISTORY': 1},0,0,0,0
466,28,rotation,0,True,False,2,4,0.0,0.0,0.0,0.0,,0.0,0.0,0.0,0.0,0.0,0.0,,,,31,1,{'NO_HISTORY': 1},0,0,0,0
467,28,rotation,0.5,True,False,2,4,1.9485347758279063e-05,0.05988131719214792,,,,,,0.058932912391070076,0.06104968851654,0.06105889430962632,0.06105889430962632,0.058929899341021975,0.061047380373736505,0.061066585707936015,31,1,{'NO_HISTORY': 1},0,0,0,0
468,28,rotation,2,True,False,2,4,2.1328854252288434e-05,0.23950617693823656,,,,,,0.23570550822553243,0.24411057287267907,0.2441129134663437,0.2441129134663437,0.23565310093302905,0.2440662581713807,0.24406954579964854,31,1,{'NO_HISTORY': 1},0,0,0,0
469,28,rotation,5,True,False,2,4,1.9124847228278004e-05,0.5984082127374003,,,,,,0.5889089882529254,0.6098641425341227,0.6098683855623506,0.6098683855623506,0.5881142644287538,0.6090499039399228,0.6090552032618531,31,1,{'NO_HISTORY': 1},0,0,0,0
470,28,translation,0,True,True,2,4,1.151179374980162,1.1365724813812719,1.0122420565016743,0.9981405283697972,0.9860690157642608,0.6165911242632021,0.5633909553497221,0.02270703700684225,0.1728270130720065,0.1811381229052443,0.1811381229052443,-0.0015802383422851562,1,1.1370849609375,31,1,{'NO_HISTORY': 1},0,0,0,0
471,28,translation,0.5,True,True,2,4,1.151179374980162,1.1375385083792653,,,,,,0.060611515208454494,0.17622384406525263,0.21708048278216238,0.22949089699240294,0.046175479888916016,1.0494384765625,1.1865234375,31,1,{'NO_HISTORY': 1},0,0,0,0
472,28,translation,1,True,True,2,4,1.151179374980162,1.140571127027271,,,,,,0.10437998317892005,0.18489724928801748,0.26325394923274165,0.27822553794495886,0.09392786026000977,1.098876953125,1.2359619140625,31,1,{'NO_HISTORY': 1},0,0,0,0
473,28,translation,2,True,True,2,4,1.151179374980162,1.152755515309377,,,,,,0.19522002755157383,0.2367990330094663,0.35815690890596824,0.3763068197759661,0.18943071365356445,1.19775390625,1.33489990234375,31,1,{'NO_HISTORY': 1},0,0,0,0
474,28,translation,4,True,True,2,4,1.151179374980162,1.2005143008213768,,,,,,0.38398368713622255,0.43459410120113995,0.5522230743885748,0.5732314906511353,0.38044118881225586,1.39556884765625,1.53265380859375,31,1,{'NO_HISTORY': 1},0,0,0,0
475,28,translation,8,True,True,2,4,1.151179374980162,1.3755132163451855,,,,,,0.7650040290506557,0.8302126478134335,0.9449697658400331,0.9681565424304052,0.7624597549438477,1.79119873046875,1.92828369140625,31,1,{'NO_HISTORY': 1},0,0,0,0
476,28,rotation,0,True,True,2,4,1.151179374980162,1.1365724813812719,1.0122420565016743,0.9981405283697972,0.9860690157642608,0.6165911242632021,0.5633909553497221,0.02270703700684225,0.1728270130720065,0.1811381229052443,0.1811381229052443,,,,31,1,{'NO_HISTORY': 1},0,0,0,0
477,28,rotation,0.5,True,True,2,4,1.1511762174519722,1.1670127909305468,,,,,,0.07185828443120906,0.16188247151603777,0.20441790072152452,0.20930821293005514,0.6055214821507667,1.127390820202246,1.1630953069627104,31,1,{'NO_HISTORY': 1},0,0,0,0
478,28,rotation,2,True,True,2,4,1.1511722597858918,1.3024595920438269,,,,,,0.23598607637518573,0.2637686375274827,0.38736472460427324,0.3924273348395624,0.9469360268395624,1.4686448995286934,1.49268909211393,31,1,{'NO_HISTORY': 1},0,0,0,0
479,28,rotation,5,True,True,2,4,1.1511776798490547,1.5021870003359972,,,,,,0.5821488563990689,0.625622945519198,0.7825640594446167,0.7869815438640918,1.0532642452442669,1.6801455323478711,1.6955047678905772,31,1,{'NO_HISTORY': 1},0,0,0,0
