frame,raw_x,raw_y,ema_x,ema_y,ab_x,ab_y,kf_x,kf_y,kf1_x,kf1_y,oneeuro_x,oneeuro_y,kfs_x,kfs_y
0,915.08,420.48,915.08,420.48,915.08,420.48,915.08,420.48,915.08,420.48,915.08,420.48,915.08,420.48
1,949.07,420.54,926.976,420.501,915.08,420.48,946.784,420.536,974.035,420.584,945.05,420.533,944.93,420.533
2,960.5,420.5,938.71,420.501,938.873,420.522,963.149,420.516,984.254,420.526,958.129,420.505,962.07,420.517
3,972.5,420.5,950.536,420.5,960.81,420.519,976.074,420.508,993.696,420.51,970.223,420.501,975.649,420.51
4,982.5,421.5,961.724,420.85,980.116,420.513,986.755,421.124,1001.89,421.345,980.477,421.335,986.949,421.077
5,994.5,421.5,973.195,421.078,995.246,421.208,997.67,421.434,1011.43,421.684,992.256,421.474,998.36,421.38
6,1006.5,421.5,984.852,421.225,1008.66,421.614,1008.75,421.584,1021.67,421.803,1004.23,421.496,1009.87,421.55
7,1017.51,421.46,996.282,421.308,1020.94,421.794,1019.47,421.622,1031.7,421.784,1015.36,421.466,1021.03,421.631
8,1029,421.48,1007.73,421.368,1031.89,421.797,1030.29,421.625,1042.08,421.738,1026.8,421.478,1032.18,421.682
9,1040.5,421.5,1019.2,421.414,1042.54,421.745,1041.26,421.614,1052.79,421.688,1038.3,421.496,1043.34,421.714
10,1052.5,421.5,1030.86,421.444,1053.2,421.68,1052.64,421.59,1064.12,421.633,1050.23,421.499,1054.67,421.726
11,1063.06,421.8,1042.13,421.569,1064.4,421.612,1063.57,421.72,1074.88,421.79,1060.96,421.751,1065.66,421.825
12,1074.5,422,1053.46,421.72,1075,421.765,1074.68,421.899,1085.93,422.003,1072.32,421.96,1076.68,421.954
13,1086.5,422.5,1065.02,421.993,1085.93,421.989,1086.23,422.261,1097.57,422.447,1084.24,422.414,1087.91,422.203
14,1097.5,422.5,1076.39,422.17,1097.5,422.453,1097.53,422.474,1108.86,422.669,1095.35,422.486,1099,422.388
15,1108.5,422.5,1087.63,422.286,1108.79,422.694,1108.67,422.581,1119.94,422.748,1106.36,422.498,1109.98,422.522
16,1120.5,422.5,1099.13,422.361,1119.88,422.776,1120.23,422.619,1131.59,422.746,1118.24,422.5,1121.21,422.614
17,1131.5,422.5,1110.46,422.409,1131.54,422.762,1131.55,422.618,1142.89,422.704,1129.35,422.5,1132.33,422.672
18,1142.5,422.5,1121.68,422.441,1142.87,422.702,1142.69,422.598,1153.97,422.651,1140.36,422.5,1143.36,422.703
19,1153.5,422.5,1132.81,422.462,1153.96,422.632,1153.73,422.573,1164.93,422.601,1151.36,422.5,1154.35,422.715
20,1164.5,422.5,1143.9,422.475,1164.91,422.571,1164.71,422.548,1175.84,422.56,1162.36,422.5,1165.29,422.711
21,1175.5,422.5,1154.96,422.484,1175.8,422.526,1175.66,422.529,1186.74,422.531,1173.36,422.5,1176.21,422.698
22,1187.5,422.5,1166.35,422.489,1186.69,422.498,1187.14,422.515,1198.34,422.511,1185.24,422.5,1187.42,422.678
23,1198.5,422.5,1177.6,422.493,1198.3,422.485,1198.42,422.505,1209.65,422.5,1196.35,422.5,1198.57,422.654
24,1209.5,423,1188.77,422.671,1209.64,422.481,1209.57,422.759,1220.78,422.836,1207.36,422.919,1209.67,422.782
25,1221,423,1200.05,422.786,1220.78,422.833,1220.89,422.921,1232.13,423.024,1218.8,422.987,1220.88,422.882
26,1231.5,423,1211.06,422.861,1232.15,423.042,1231.8,423.012,1242.94,423.111,1229.42,422.998,1231.89,422.958
27,1243.5,423,1222.41,422.91,1242.95,423.139,1243.23,423.053,1254.46,423.135,1241.25,423,1243.17,423.014
28,1255.5,423,1233.99,422.941,1254.46,423.159,1255,423.065,1266.4,423.124,1253.23,423,1254.69,423.051
29,1265.5,423,1245.02,422.962,1266.43,423.137,1265.93,423.06,1277.18,423.099,1263.48,423,1265.79,423.075
30,1277.5,423,1256.39,422.975,1277.22,423.099,1277.35,423.047,1288.65,423.07,1275.26,423,1277.15,423.087
31,1289.5,423.5,1267.98,423.159,1288.68,423.06,1289.09,423.293,1300.53,423.386,1287.23,423.42,1288.72,423.243
32,1299.5,423.5,1279.01,423.278,1300.57,423.379,1300,423.445,1311.27,423.557,1297.48,423.487,1299.86,423.365
33,1311.5,423.5,1290.38,423.356,1311.3,423.562,1311.39,423.527,1322.7,423.63,1309.26,423.498,1311.24,423.457
34,1322.5,423.5,1301.62,423.406,1322.71,423.641,1322.6,423.562,1333.87,423.644,1320.35,423.5,1322.51,423.524
35,1334.5,424,1313.13,423.614,1333.87,423.653,1334.2,423.828,1345.58,423.968,1332.24,423.92,1334.01,423.721
36,1343.5,424,1323.76,423.749,1345.58,423.978,1344.5,423.985,1355.54,424.129,1341.61,423.987,1344.78,423.872
37,1349.5,424,1332.77,423.837,1355.51,424.145,1352.41,424.062,1362.46,424.186,1348.09,423.998,1354.02,423.985
38,1354.5,424,1340.37,423.894,1362.28,424.199,1358.33,424.089,1367.08,424.183,1353.32,424,1361.74,424.064
39,1360.5,424,1347.42,423.931,1366.61,424.187,1363.67,424.088,1371.34,424.151,1359.2,424,1368.56,424.116
40,1366.5,424,1354.1,423.955,1370.55,424.143,1368.83,424.073,1375.71,424.111,1365.18,424,1374.7,424.145
41,1371.5,424,1360.19,423.971,1374.71,424.093,1373.53,424.054,1379.72,424.074,1370.33,424,1380.06,424.159
42,1376.5,424,1365.9,423.981,1378.65,424.049,1378.05,424.036,1383.72,424.044,1375.36,424,1384.86,424.159
43,1360.5,424,1364.01,423.988,1382.69,424.017,1371.68,424.021,1373.55,424.022,1362.82,424,1382.9,424.151
44,1371.5,424,1366.63,423.992,1372.27,423.998,1372.48,424.011,1374.02,424.008,1369.99,424,1383.7,424.138
45,1380.5,424,1371.48,423.995,1372.41,423.989,1377.38,424.004,1379.98,424,1378.71,424,1386.34,424.121
117,1381.44,424.49,1381.44,424.49,1381.44,424.49,1381.44,424.49,1381.44,424.49,1381.44,424.49,1381.44,424.49
118,1370.5,424.5,1377.61,424.493,1381.44,424.49,1371.24,424.499,1362.46,424.507,1372.34,424.498,1371.83,424.499
119,1358.5,424.5,1370.92,424.496,1373.78,424.497,1359.28,424.501,1348.71,424.506,1360.72,424.5,1359.99,424.501
120,1374.5,424.5,1372.17,424.497,1360.9,424.501,1366.66,424.502,1363.73,424.505,1372.31,424.5,1366.19,424.502
121,1369.5,424.5,1371.24,424.498,1365.17,424.503,1367.31,424.502,1365.66,424.504,1370.05,424.5,1366.61,424.502
122,1363.5,424.5,1368.53,424.499,1365.68,424.503,1364.43,424.502,1362.38,424.503,1364.7,424.5,1363.95,424.502
123,1357.5,424.5,1364.67,424.499,1362.49,424.503,1359.73,424.501,1356.85,424.502,1358.81,424.5,1359.74,424.502
124,1352.5,424,1360.41,424.325,1356.9,424.502,1354.55,424.237,1350.95,424.154,1353.66,424.092,1355.11,424.294
125,1346.5,424,1355.54,424.211,1350.73,424.151,1348.63,424.074,1344.3,423.966,1347.8,424.017,1349.86,424.155
126,1341.5,424,1350.63,424.137,1343.79,423.946,1342.84,423.984,1338.06,423.882,1342.66,424.003,1344.57,424.06
127,1329.5,424,1343.23,424.089,1337.37,423.854,1333.62,423.943,1327.43,423.86,1331.64,424.001,1336.84,423.995
128,1319.5,424,1334.93,424.058,1326.58,423.837,1323.32,423.933,1315.83,423.873,1321.51,424,1328.06,423.952
129,1307.5,424,1325.33,424.038,1314.77,423.861,1311.51,423.939,1302.66,423.9,1309.74,424,1317.87,423.925
130,1296.5,424,1315.24,424.024,1301.41,423.901,1299.47,423.952,1289.61,423.929,1298.65,424,1306.95,423.91
131,1285.5,424,1304.83,424.016,1288.25,423.941,1287.48,423.966,1276.95,423.955,1287.64,424,1295.51,423.904
132,1273.5,424,1293.86,424.01,1275.62,423.973,1275.16,423.978,1264.07,423.975,1275.76,424,1283.4,423.904
133,1262.5,424,1282.89,424.007,1262.88,423.994,1263.26,423.988,1251.91,423.988,1264.65,424,1271.13,423.909
134,1250.5,424,1271.55,424.004,1250.93,424.006,1251.18,423.994,1239.6,423.997,1252.76,424,1258.49,423.918
135,1239.5,423.5,1260.33,423.828,1238.87,424.011,1239.55,423.739,1227.95,423.66,1241.65,423.581,1245.94,423.776
136,1228.5,423.5,1249.19,423.713,1227.47,423.661,1228.24,423.577,1216.73,423.472,1230.64,423.513,1233.52,423.662
137,1216.5,423.5,1237.75,423.639,1216.47,423.454,1216.61,423.487,1205.07,423.386,1218.76,423.502,1220.97,423.575
138,1206.41,423.31,1226.78,423.524,1204.98,423.36,1205.76,423.347,1194.44,423.234,1208.44,423.342,1208.92,423.452
139,1194.5,423.5,1215.48,423.515,1194.48,423.207,1194.47,423.372,1183.16,423.302,1196.73,423.475,1196.79,423.417
140,1184.01,423.01,1204.47,423.338,1183.27,423.285,1183.6,423.151,1172.43,423.034,1186.09,423.086,1185.03,423.248
141,1172.5,423,1193.28,423.22,1172.57,423.024,1172.46,423.016,1161.3,422.893,1174.69,423.014,1173.3,423.115
142,1160.5,423,1181.81,423.143,1161.45,422.883,1160.89,422.949,1149.59,422.843,1162.76,423.002,1161.44,423.016
143,1150.5,423,1170.85,423.093,1149.7,422.836,1150.06,422.925,1138.92,422.845,1152.52,423,1150.1,422.947
144,1139.07,422.88,1159.73,423.018,1138.99,422.846,1139,422.863,1127.88,422.789,1141.24,422.899,1138.75,422.864
145,1128.5,423,1148.8,423.012,1127.93,422.797,1128.2,422.899,1117.18,422.859,1130.59,422.984,1127.65,422.845
146,1117.29,422.62,1137.77,422.875,1117.23,422.874,1117.24,422.735,1106.24,422.657,1119.44,422.679,1116.57,422.723
147,1106.5,423,1126.83,422.919,1106.29,422.671,1106.37,422.835,1095.42,422.812,1108.61,422.948,1105.61,422.749
148,1095.27,422.53,1115.78,422.783,1095.46,422.826,1095.34,422.666,1084.36,422.597,1097.43,422.598,1094.62,422.637
149,1084.5,423,1104.83,422.859,1084.4,422.609,1084.43,422.806,1073.47,422.803,1086.61,422.934,1083.73,422.697
150,1073.03,422.78,1093.7,422.831,1073.5,422.814,1073.24,422.791,1062.21,422.785,1075.22,422.805,1072.7,422.687
151,1062.18,422.49,1082.67,422.712,1062.22,422.799,1062.2,422.632,1051.16,422.577,1064.3,422.541,1061.75,422.597
152,1050.5,422.5,1071.41,422.638,1051.15,422.585,1050.82,422.537,1039.67,422.47,1052.72,422.507,1050.59,422.532
153,1040.17,422.48,1060.48,422.582,1039.64,422.466,1039.93,422.475,1028.87,422.409,1042.23,422.484,1039.69,422.479
154,1029.26,422.11,1049.55,422.417,1028.83,422.399,1029.07,422.254,1018.07,422.139,1031.37,422.171,1028.8,422.33
155,1018.28,422.14,1038.61,422.32,1018.06,422.123,1018.18,422.14,1007.22,422.025,1020.41,422.145,1017.91,422.223
156,1007.28,422.06,1027.64,422.229,1007.22,422.003,1007.25,422.043,996.295,421.934,1009.41,422.074,1007.01,422.12
157,996.5,422,1016.74,422.149,996.317,421.915,996.401,421.968,985.48,421.87,998.607,422.012,996.16,422.027
158,985.51,421.64,1005.81,421.971,985.512,421.858,985.496,421.751,974.58,421.615,987.64,421.701,985.285,421.852
159,975.41,421.58,995.171,421.834,974.613,421.605,975.01,421.597,964.23,421.455,977.43,421.6,974.657,421.7
160,965.35,421.57,984.733,421.742,964.273,421.444,964.811,421.515,954.214,421.392,967.351,421.575,964.241,421.585
161,955.09,421.5,974.358,421.657,954.289,421.384,954.668,421.448,944.215,421.343,957.115,421.512,953.931,421.483
162,945.13,421.44,964.128,421.581,944.327,421.342,944.689,421.393,934.385,421.304,947.119,421.452,943.789,421.395
163,935.76,421.02,954.199,421.385,934.526,421.31,935.098,421.157,925.019,421.021,937.666,421.092,933.952,421.208
164,926.5,421,944.505,421.25,925.188,421.027,925.787,421.01,915.95,420.871,928.381,421.016,924.385,421.062
165,918.47,420.51,935.393,420.991,916.151,420.869,917.257,420.684,907.832,420.486,920.178,420.597,915.397,420.808
166,910.49,420.5,926.677,420.819,908.081,420.474,909.211,420.493,900.22,420.297,912.167,420.517,906.878,420.613
167,903.5,421,918.565,420.882,900.538,420.276,901.921,420.662,893.467,420.581,905.029,420.915,899.014,420.623
168,895.5,421,910.492,420.924,893.864,420.572,894.522,420.798,886.4,420.786,897.154,420.985,891.345,420.649
169,889.5,421,903.145,420.95,886.854,420.806,888.008,420.897,880.393,420.92,890.878,420.997,884.402,420.687
170,882.95,420.41,896.077,420.761,880.878,420.961,881.719,420.655,874.523,420.595,884.368,420.515,877.848,420.55
171,876.5,420.5,889.225,420.67,875.03,420.634,875.548,420.546,868.675,420.469,877.91,420.503,871.595,420.474
172,871,420.5,882.846,420.61,869.175,420.488,869.881,420.485,863.388,420.414,872.261,420.5,865.829,420.423
173,864.63,420.66,876.47,420.628,863.862,420.418,864.032,420.542,857.742,420.511,866.003,420.631,860.153,420.44
174,856.76,420.16,869.572,420.464,858.174,420.511,857.233,420.329,850.782,420.241,858.372,420.242,854.046,420.312
175,847.25,420.25,861.759,420.389,851.113,420.238,848.95,420.245,841.922,420.159,849.125,420.249,847.049,420.242
176,836.09,420.19,852.775,420.319,842.054,420.148,838.897,420.175,830.916,420.093,838.213,420.2,838.798,420.175
177,825.24,420.19,843.138,420.274,830.752,420.082,827.972,420.143,819.062,420.078,827.355,420.192,829.614,420.13
178,813.51,420.1,832.768,420.213,818.574,420.07,816.182,420.089,806.365,420.027,815.733,420.115,819.426,420.074
179,802.56,419.95,822.195,420.121,805.607,420.026,804.391,419.987,793.951,419.912,804.699,419.977,808.694,419.991
180,791.53,420,811.462,420.079,793.039,419.913,792.696,419.958,781.859,419.897,793.669,419.996,797.548,419.946
181,780.52,420.01,800.633,420.055,780.938,419.899,781.165,419.956,770.11,419.914,782.657,420.008,786.126,419.921
182,768.92,419.99,789.533,420.032,769.299,419.919,769.493,419.953,758.243,419.924,771.129,419.993,774.354,419.902
183,756.5,420,777.972,420.021,757.604,419.934,757.339,419.963,745.804,419.946,758.817,419.999,762.098,419.896
184,744.5,419.5,766.257,419.839,745.325,419.959,745.128,419.715,733.38,419.625,746.778,419.579,749.625,419.746
185,733.5,418.5,754.792,419.37,733.021,419.63,733.442,419.041,721.714,418.767,735.65,418.675,737.328,419.324
186,721.5,418,743.14,418.891,721.465,418.739,721.603,418.369,709.84,417.97,723.759,418.108,724.92,418.836
187,711.63,417.13,732.111,418.274,709.694,417.896,710.768,417.534,699.298,416.997,713.635,417.292,713.102,418.187
188,705.52,416.88,722.804,417.786,699.26,416.886,702.525,416.937,692.072,416.381,706.967,416.953,702.941,417.604
189,701.85,415.68,715.47,417.049,692.241,416.255,697.143,416.017,688.289,415.347,702.815,415.92,694.888,416.795
190,701.09,415.44,710.437,416.486,688.818,415.225,694.928,415.395,688.168,414.74,701.44,415.537,689.418,416.1
191,700.55,415.55,706.977,416.158,689.181,414.632,694.59,415.16,689.854,414.637,700.734,415.547,686.061,415.615
192,699.94,416.34,704.514,416.222,691.366,414.575,695.085,415.52,691.999,415.276,700.102,416.178,684.304,415.514
193,698.34,416.93,702.353,416.47,693.868,415.294,695.288,416.134,693.238,416.16,698.695,416.779,683.42,415.666
194,695.48,417.04,699.947,416.669,695.214,416.276,694.401,416.616,692.718,416.786,696.11,416.989,682.722,415.872
195,693.5,417.5,697.691,416.96,694.51,416.975,693.124,417.157,691.569,417.443,694.018,417.398,682.309,416.217
196,690.5,418.5,695.174,417.499,692.966,417.659,691.014,417.991,689.285,418.451,691.183,418.286,681.7,416.829
197,689.45,419.17,693.171,418.084,690.201,418.669,689.37,418.824,687.668,419.401,689.8,418.992,681.421,417.546
198,688.26,416.77,691.452,417.624,688.143,419.61,687.975,418.036,686.369,418.183,688.564,417.209,681.289,417.402
199,685.48,415.13,689.362,416.751,686.543,418.312,685.908,416.6,684.157,416.247,686.078,415.533,680.721,416.771
200,680.4,413.65,686.225,415.666,684.14,416.207,682.208,414.9,679.843,414.123,681.453,413.999,679.033,415.795
201,673.02,413.21,681.603,414.806,679.65,413.903,676.304,413.65,672.823,412.723,674.511,413.35,675.688,414.868
202,663.54,413.72,675.281,414.426,672.39,412.392,668.008,413.24,663.009,412.477,665.393,413.657,670.338,414.291
203,652.58,414.58,667.336,414.48,662.249,412.157,657.6,413.568,650.895,413.148,654.674,414.429,662.926,414.12
204,641.88,415.08,658.426,414.69,649.765,412.955,646.22,414.15,638.041,414.046,643.972,414.974,653.968,414.177
205,629.42,417.07,648.274,415.523,636.596,414.028,633.57,415.615,623.981,416.005,631.722,416.738,643.309,414.869
206,617.79,419.02,637.605,416.747,622.346,416.168,620.77,417.569,610.169,418.453,620.015,418.656,631.622,416.059
207,607,417,626.893,416.836,608.495,418.784,608.525,417.699,597.406,418.346,609.115,417.269,619.477,416.431
208,597.52,416.57,616.612,416.743,595.876,418.725,597.465,417.425,586.364,417.781,599.456,416.687,607.484,416.589
209,590.45,415.01,607.456,416.136,585.155,418.049,588.483,416.344,578.051,416.246,592.024,415.303,596.46,416.224
210,583.45,413.92,599.054,415.361,577.318,416.324,580.851,415.04,571.301,414.562,584.963,414.164,586.342,415.574
211,576.62,412.63,591.202,414.405,571.126,414.435,574.06,413.56,565.38,412.767,578.097,412.902,577.07,414.643
212,572.36,412.74,584.607,413.822,565.714,412.485,569,412.753,561.462,411.955,573.432,412.77,569.297,413.922
213,567.95,413.56,578.777,413.73,562.207,411.616,564.827,412.787,558.349,412.252,568.978,413.412,562.707,413.607
214,564.31,414.09,573.714,413.856,559.397,411.98,561.441,413.205,555.938,412.97,565.2,413.961,557.29,413.546
215,561.83,415.79,569.554,414.533,557.155,412.849,558.994,414.433,554.455,414.659,562.484,415.435,553.136,414.048
216,561.12,417.42,566.602,415.543,555.729,414.722,557.912,416.091,554.462,416.769,561.392,417.024,550.487,414.986
217,561.5,418,564.817,416.403,555.739,417.013,558.112,417.407,555.814,418.286,561.478,417.799,549.319,415.943
218,560.25,418.51,563.218,417.141,557.086,418.646,558.115,418.402,556.542,419.318,560.5,418.365,548.769,416.872
219,559.26,417.43,561.833,417.242,557.768,419.69,557.952,418.339,556.823,418.946,559.511,417.62,548.692,417.278
220,556.32,414.61,559.903,416.321,557.912,419.22,556.562,416.697,555.351,416.595,556.93,415.185,548.302,416.712
221,550.65,412.48,556.665,414.976,556.196,416.653,552.913,414.461,550.934,413.686,551.795,412.973,546.731,415.56
222,543.23,411.29,551.963,413.686,551.393,413.47,546.938,412.443,543.699,411.276,544.738,411.586,543.59,414.233
223,533.58,412,545.529,413.096,543.65,410.848,538.451,411.652,533.557,410.603,535.458,411.93,538.453,413.37
224,523.33,413.07,537.759,413.087,532.939,410.122,528.253,411.883,521.686,411.238,525.335,412.882,531.505,413.022
225,512.42,413.45,528.89,413.214,520.537,410.883,516.88,412.385,508.799,412.102,514.527,413.357,522.922,412.898
226,501.28,414.06,519.227,413.51,507.257,411.968,504.899,413.117,495.588,413.154,503.428,413.946,513.008,413.026
227,489.38,415.36,508.78,414.158,493.852,413.233,492.368,414.298,482.042,414.696,491.624,415.134,501.872,413.564
228,477.19,417.9,497.724,415.467,480.305,414.941,479.525,416.358,468.406,417.279,479.473,417.463,489.756,414.806
229,462.47,418.5,485.385,416.529,466.814,417.657,465.327,417.912,453.237,419.034,465.055,418.342,476.186,416.016
230,448.5,418,472.475,417.044,451.839,419.484,450.78,418.498,437.915,419.45,451.034,418.052,461.771,416.837
231,435.5,418,459.534,417.378,436.699,419.85,436.662,418.698,423.402,419.413,437.919,418.008,447.085,417.47
232,422.5,417.5,446.572,417.421,422.389,419.663,422.934,418.421,409.527,418.823,424.907,417.579,432.301,417.787
233,408.5,417.5,433.247,417.449,408.756,418.887,408.994,418.137,395.419,418.323,411.019,417.512,417.237,417.993
234,394.5,417.5,419.685,417.467,394.889,418.222,394.942,417.896,381.217,417.947,397.031,417.502,402.035,418.11
235,382.5,417.5,406.671,417.478,380.877,417.745,381.882,417.715,368.366,417.694,384.802,417.5,387.409,418.159
236,371.5,417.5,394.361,417.486,368.196,417.457,369.992,417.593,356.988,417.54,373.654,417.5,373.625,418.159
237,360.5,417.5,382.51,417.491,357.016,417.322,358.81,417.519,346.38,417.459,362.637,417.5,360.575,418.124
238,349.5,418,370.956,417.669,346.623,417.29,347.998,417.74,336.079,417.768,351.635,417.919,348.143,418.218
239,340,418.5,360.122,417.96,336.502,417.666,338.113,418.148,326.835,418.296,341.942,418.403,336.674,418.424
240,330.5,418.5,349.754,418.149,327.391,418.271,328.736,418.402,318.057,418.583,332.417,418.484,325.979,418.572
241,321.5,418.5,339.865,418.272,318.707,418.619,319.843,418.54,309.727,418.708,323.347,418.497,316.037,418.671
242,311.5,418.5,329.937,418.352,310.424,418.769,310.647,418.6,300.821,418.734,313.471,418.5,306.366,418.731
243,302.5,418.5,320.334,418.404,301.498,418.791,301.692,418.613,292.141,418.708,304.354,418.5,297.169,418.76
244,292.51,419,310.596,418.612,292.735,418.743,292.332,418.86,282.842,419.003,294.48,418.917,288.013,418.919
245,283.47,419,301.102,418.748,283.313,419.021,283.168,419.001,273.78,419.144,285.33,418.986,279.13,419.034
246,273.48,419,291.434,418.836,274.114,419.155,273.624,419.069,264.187,419.189,275.451,418.998,270.139,419.112
247,262.68,419.01,281.37,418.897,264.393,419.192,263.406,419.096,253.722,419.186,264.77,419.008,260.775,419.163
248,252.48,419.02,271.259,418.94,253.789,419.178,253.078,419.1,243.191,419.163,254.508,419.018,251.258,419.194
249,242.41,419.02,261.162,418.968,243.126,419.145,242.786,419.089,232.772,419.128,244.413,419.02,241.637,419.206
250,232.31,419.02,251.064,418.986,232.616,419.103,232.532,419.072,222.442,419.094,234.314,419.02,231.911,419.205
251,220.53,419.02,240.377,418.998,222.25,419.066,221.451,419.056,211.048,419.065,222.746,419.02,221.582,419.194
252,210.5,420,229.92,419.349,210.833,419.038,210.764,419.55,200.272,419.713,212.52,419.838,211.289,419.476
253,200.5,420,219.623,419.577,200.043,419.706,200.39,419.862,189.935,420.071,202.493,419.973,201.043,419.699
254,188.5,420,208.73,419.725,189.739,420.099,189.191,420.034,178.501,420.232,190.741,419.996,190.236,419.87
255,178.5,420,198.149,419.821,178.34,420.276,178.501,420.112,167.811,420.272,180.521,419.999,179.582,419.996
256,167.5,420,187.422,419.884,167.672,420.309,167.65,420.131,156.909,420.246,169.621,420,168.766,420.085
257,155.5,420,176.249,419.924,156.804,420.264,156.178,420.119,145.207,420.194,157.756,420,157.523,420.141
258,145.5,420,165.487,419.951,145.109,420.188,145.359,420.093,134.436,420.137,147.523,420,146.551,420.173
259,134.5,419,154.642,419.618,134.34,420.113,134.469,419.547,123.556,419.405,136.62,419.163,135.516,419.883
260,124.5,419,144.092,419.402,123.487,419.353,124.046,419.195,113.287,418.986,126.506,419.027,124.741,419.634
261,117.5,418.5,134.785,419.086,113.263,418.902,115.472,418.734,105.403,418.446,119.079,418.592,115.1,419.275
262,109.5,418,125.935,418.706,105.499,418.346,107.528,418.215,98.1283,417.854,111.161,418.103,106.085,418.833
263,103.5,418.5,118.083,418.634,98.4169,417.749,100.914,418.189,92.3932,417.934,104.878,418.429,98.1653,418.633
264,98.5,418.5,111.229,418.587,92.8925,417.851,95.5605,418.227,88.0381,418.065,99.6768,418.487,91.4145,418.486
265,93.5,419,105.024,418.732,88.7518,418.031,90.8709,418.55,84.2416,418.54,94.6431,418.905,85.5694,418.537
266,89.5,419,99.5904,418.826,85.1311,418.565,86.9688,418.779,81.1995,418.844,90.4722,418.982,80.7034,418.597
267,87.5,418.5,95.3588,418.712,82.1945,418.919,84.4672,418.666,79.7282,418.675,88.087,418.595,77.1723,418.508
268,85.5,418,91.9082,418.463,80.7873,418.762,82.7217,418.325,78.9266,418.224,86.014,418.118,74.6514,418.294
269,84.5,418,89.3153,418.301,80.0263,418.282,81.8172,418.108,78.9335,417.97,84.8081,418.024,73.165,418.129
270,84.5,418,87.63,418.195,80.0405,417.985,81.8205,417.986,79.8471,417.853,84.5643,418.005,72.7284,418.007
271,85.5,418,86.8845,418.127,80.9395,417.839,82.7789,417.929,81.7299,417.82,85.3081,418.001,73.3494,417.922
272,87.5,418,87.0999,418.083,82.8011,417.799,84.7225,417.914,84.6171,417.834,87.0617,418,75.0305,417.867
273,88.5,418,87.5899,418.054,85.6717,417.819,86.6309,417.92,87.1605,417.868,88.2071,418,77.1627,417.836
274,90.5,418,88.6085,418.035,88.1726,417.865,88.8925,417.936,89.9682,417.906,90.042,418,79.8531,417.823
275,94.5,418,90.6705,418.023,90.8886,417.915,92.3186,417.955,94.1353,417.939,93.6486,418,83.5032,417.823
276,98.5,418,93.4108,418.015,94.9688,417.957,96.399,417.971,98.9295,417.966,97.579,418,87.8399,417.833
277,103.5,418,96.942,418.01,99.7152,417.987,101.3,417.983,104.578,417.984,102.4,418,92.9406,417.848
278,109.5,418,101.337,418.006,105.345,418.004,107.131,417.992,111.214,417.995,108.21,418,98.8718,417.867
279,116.5,418,106.644,418.004,111.991,418.012,113.955,417.998,118.903,418.001,115.027,418,105.689,417.887
280,123.5,418,112.544,418.003,119.716,418.014,121.287,418.001,126.986,418.004,122,418,113.132,417.907
281,131.5,418,119.178,418.002,127.835,418.012,129.327,418.002,135.765,418.005,129.85,418,121.291,417.926
282,138.5,418.5,125.941,418.176,136.628,418.008,137.183,418.262,144.068,418.345,136.973,418.412,129.637,418.095
283,144.5,419,132.437,418.464,144.898,418.355,144.292,418.685,151.247,418.876,143.143,418.894,137.738,418.385
284,150.5,419,138.759,418.652,151.954,418.907,150.86,418.94,157.693,419.151,149.169,418.981,145.557,418.62
285,156.5,420,144.968,419.124,158.191,419.202,157.074,419.592,163.712,419.941,155.175,419.816,153.085,419.108
286,162.4,419.49,151.069,419.252,163.971,420.009,163.032,419.707,169.455,419.983,161.09,419.549,160.298,419.339
287,167.52,419.48,156.827,419.332,169.497,420.054,168.451,419.722,174.558,419.916,166.335,419.493,166.986,419.505
288,173.42,419.02,162.635,419.223,174.425,419.956,173.968,419.451,179.889,419.499,172.132,419.106,173.463,419.48
289,177.54,419.04,167.851,419.159,179.638,419.49,178.671,419.261,184.207,419.233,176.523,419.052,179.222,419.444
290,182.41,419.04,172.947,419.117,183.884,419.177,183.275,419.133,188.518,419.074,181.314,419.042,184.622,419.398
291,187.5,419.5,178.041,419.251,188.148,418.993,187.99,419.295,193.066,419.305,186.356,419.415,189.811,419.486
292,192.5,419,183.101,419.163,192.695,419.233,192.773,419.147,197.756,419.107,191.362,419.077,194.821,419.397
293,200.5,419,189.191,419.106,197.43,419.056,199.179,419.052,204.612,418.995,198.904,419.013,200.616,419.314
294,208.5,418,195.949,418.719,204.411,418.956,206.628,418.479,212.697,418.259,206.838,418.176,207.075,418.935
295,218.5,417,203.842,418.117,212.72,418.215,215.706,417.606,222.724,417.18,216.555,417.196,214.686,418.319
296,228.5,416.5,212.472,417.551,223.03,417.102,225.72,416.828,233.681,416.291,226.517,416.616,223.223,417.668
297,238.5,417.5,221.582,417.533,234.279,416.175,236.181,416.918,244.93,416.579,236.513,417.353,232.483,417.457
298,247.51,417.43,230.657,417.497,245.748,416.476,246.268,417.02,255.44,416.82,245.652,417.417,241.985,417.291
299,258.5,417,240.402,417.323,256.34,416.783,257.027,416.914,266.699,416.743,256.401,417.068,252.23,417.053
300,268.5,417,250.236,417.21,267.563,416.764,267.633,416.876,277.6,416.748,266.497,417.011,262.732,416.884
301,279.5,417.5,260.479,417.312,278.362,416.802,278.585,417.138,288.863,417.132,277.381,417.42,273.69,416.924
302,290.5,418.5,270.986,417.727,289.489,417.211,289.712,417.842,300.257,418.06,288.369,418.325,284.967,417.286
303,301.45,418.98,281.648,418.166,300.755,418.173,300.876,418.537,311.616,418.906,299.322,418.873,296.436,417.748
304,311.26,417.51,292.012,417.936,312.002,419.055,311.431,418.182,322.113,418.322,309.281,417.736,307.666,417.689
305,318.62,417.04,301.325,417.623,322.382,418.453,320.302,417.657,330.412,417.588,316.994,417.161,317.91,417.495
306,325.33,416.47,309.727,417.219,330.5,417.634,327.776,417.008,337.056,416.756,323.85,416.593,327.118,417.163
307,329.73,415.75,316.728,416.705,336.879,416.706,333.256,416.234,341.338,415.818,328.635,415.907,334.771,416.676
308,333.72,416.14,322.675,416.507,340.84,415.692,337.387,415.985,344.223,415.621,332.758,416.096,341.045,416.407
309,337.45,416.88,327.846,416.638,343.391,415.469,340.71,416.274,346.438,416.116,336.557,416.731,346.16,416.43
310,340.41,417.67,332.244,416.999,345.343,416.01,343.312,416.922,348.054,417.018,339.664,417.488,350.16,416.71
311,342.24,418.5,335.742,417.524,346.813,417.007,345.039,417.787,348.83,418.125,341.729,418.299,352.986,417.208
312,345.5,418,339.158,417.691,347.548,418.219,347.103,418.06,350.35,418.378,344.769,418.058,355.378,417.471
313,348.5,418,342.427,417.799,349.136,418.532,349.391,418.182,352.335,418.438,347.775,418.011,357.432,417.682
314,353.51,416.63,346.306,417.39,351.303,418.582,352.944,417.5,356.081,417.461,352.445,416.887,359.914,417.429
315,360.59,414.34,351.306,416.322,355.333,417.531,358.42,415.842,362.294,415.292,359.151,414.79,363.454,416.515
316,369.52,413.2,357.681,415.23,361.939,415.223,366.041,414.207,371.097,413.315,367.752,413.471,368.481,415.418
317,378.51,413.26,364.971,414.54,371.223,413.094,374.942,413.287,381.21,412.385,376.685,413.296,374.766,414.555
318,388.47,413.79,373.196,414.278,381.818,412.093,384.975,413.114,392.43,412.443,386.507,413.708,382.366,414.047
319,399.19,414.88,382.294,414.488,393.426,412.197,395.936,413.707,404.497,413.434,397.113,414.688,391.235,414.011
320,410.5,415.57,392.166,414.867,405.742,413.33,407.61,414.542,417.153,414.618,408.335,415.427,401.266,414.242
321,423.47,416.86,403.122,415.565,418.507,414.69,420.429,415.781,431.004,416.224,421.096,416.635,412.677,414.864
322,435.5,416.6,414.455,415.927,432.367,416.449,433.336,416.419,444.647,416.924,433.211,416.606,424.846,415.324
323,448.5,417,426.37,416.303,445.939,417.229,446.645,416.963,458.586,417.48,446.107,416.938,437.829,415.833
324,461.5,417.5,438.666,416.722,459.737,417.773,460.097,417.491,472.514,418.011,459.096,417.412,451.381,416.4
325,474.5,418.5,451.208,417.344,473.488,418.24,473.544,418.265,486.286,418.865,472.096,418.33,465.299,417.157
326,488.2,418.5,464.155,417.749,487.067,419.026,487.279,418.676,500.334,419.216,485.715,418.474,479.636,417.755
327,500.47,418.5,476.865,418.012,500.932,419.314,500.404,418.845,513.482,419.268,498.141,418.496,493.797,418.211
328,512.71,418.5,489.411,418.183,513.908,419.295,513.081,418.87,526.032,419.168,510.402,418.499,507.727,418.543
329,526.27,418.52,502.312,418.301,526.276,419.126,526.156,418.832,539.146,419.024,523.81,418.517,521.807,418.779
330,538.37,419,514.932,418.545,539.239,418.931,538.743,419.011,551.606,419.199,536.064,418.923,535.521,419.075
331,549.52,418.99,527.038,418.701,551.596,419.087,550.524,419.091,563.046,419.245,547.346,418.979,548.607,419.274
332,560.45,418.99,538.732,418.802,562.935,419.141,561.7,419.113,573.797,419.225,558.319,418.988,561.086,419.397
333,570.5,418.99,549.851,418.868,573.572,419.137,572.087,419.103,583.645,419.177,568.486,418.99,572.793,419.462
334,580.53,418.99,560.589,418.911,583.301,419.106,582.03,419.08,593.078,419.123,578.534,418.99,583.87,419.482
335,590.51,418.99,571.061,418.938,592.627,419.067,591.746,419.054,602.375,419.076,588.522,418.99,594.437,419.47
336,600.43,418.99,581.34,418.956,601.856,419.033,601.366,419.031,611.677,419.039,598.451,418.99,604.601,419.436
337,609.56,418.99,591.217,418.968,611.145,419.007,610.579,419.013,620.543,419.013,607.687,418.99,614.23,419.389
338,619.34,418.99,601.06,418.976,620.038,418.99,619.919,419.001,629.687,418.997,617.394,418.99,623.659,419.335
339,627.52,419,610.321,418.984,629.235,418.982,628.563,418.998,637.976,418.995,625.781,418.998,632.48,419.283
340,635.61,419,619.172,418.99,637.58,418.987,636.749,418.997,645.775,418.995,633.913,419,640.818,419.231
341,643.61,419,627.725,418.993,645.404,418.991,644.652,418.997,653.325,418.995,641.932,419,648.778,419.183
342,651.56,419,636.068,418.996,652.957,418.996,652.409,418.998,660.793,418.997,649.891,419,656.462,419.14
343,659.34,419,644.213,418.997,660.429,418.999,660.039,418.998,668.185,418.998,657.697,419,663.917,419.103
344,665.65,419,651.716,418.998,667.837,419,666.87,418.999,674.602,418.999,664.227,419,670.782,419.071
345,673.33,419.02,659.281,419.006,674.259,419.001,673.942,419.01,681.466,419.013,671.737,419.017,677.624,419.051
346,679.53,419.01,666.368,419.007,681.124,419.015,680.462,419.011,687.669,419.014,678.131,419.011,684.045,419.033
347,685.61,419.01,673.103,419.008,687.338,419.016,686.601,419.012,693.471,419.014,684.26,419.01,690.123,419.019
348,691.63,419.01,679.587,419.009,693.139,419.016,692.516,419.012,699.085,419.013,690.297,419.01,695.946,419.009
349,697.63,419.04,685.902,419.02,698.748,419.014,698.331,419.027,704.662,419.033,696.303,419.035,701.595,419.011
350,703.29,419.05,691.988,419.03,704.329,419.034,703.95,419.042,710.057,419.05,702.017,419.047,707.038,419.017
351,707.84,419.04,697.536,419.034,709.741,419.052,708.907,419.045,714.651,419.052,706.754,419.041,712.012,419.02
352,713.32,419.08,703.061,419.05,714.342,419.053,713.961,419.066,719.487,419.078,712.114,419.073,716.919,419.035
353,717.79,419.09,708.216,419.064,719.179,419.079,718.607,419.084,723.856,419.098,716.729,419.087,721.504,419.051
354,722.5,419.32,713.215,419.154,723.554,419.1,723.153,419.213,728.18,419.263,721.423,419.276,725.931,419.134
355,726.5,419.39,717.865,419.236,727.886,419.269,727.309,419.329,732.061,419.399,725.539,419.369,730.047,419.223
356,730.5,419.38,722.287,419.287,731.775,419.413,731.251,419.389,735.749,419.457,729.559,419.378,733.94,419.291
357,733.72,419.42,726.289,419.333,735.464,419.473,734.697,419.438,738.862,419.499,732.918,419.412,737.448,419.355
358,737.43,419.44,730.188,419.371,738.57,419.513,738.119,419.468,742.051,419.52,736.567,419.435,740.82,419.409
359,740.5,420,733.797,419.591,741.75,419.528,741.246,419.769,744.924,419.899,739.739,419.891,743.922,419.618
360,743.62,419.7,737.235,419.629,744.625,419.91,744.248,419.796,747.712,419.894,742.868,419.737,746.848,419.693
361,746.5,420,740.478,419.759,747.421,419.909,747.083,419.949,750.35,420.064,745.793,419.949,749.59,419.837
362,749.44,419.5,743.615,419.668,750.075,420.077,749.878,419.771,752.995,419.794,748.731,419.587,752.229,419.793
363,752.5,419.5,746.725,419.609,752.745,419.795,752.738,419.642,755.775,419.616,751.768,419.517,754.849,419.748
364,756.5,419,750.146,419.396,755.561,419.595,756.151,419.297,759.306,419.171,755.6,419.098,757.764,419.551
365,761.76,417.99,754.211,418.904,759.157,419.126,760.579,418.558,764.135,418.239,760.623,418.195,761.325,419.078
366,769.5,417.07,759.562,418.262,764.105,418.16,766.918,417.633,771.351,417.122,767.944,417.267,766.178,418.412
367,778.17,416.68,766.075,417.708,771.529,416.998,774.888,416.893,780.436,416.31,776.418,416.781,772.367,417.759
368,788.46,417.03,773.91,417.471,780.903,416.159,784.598,416.684,791.459,416.219,786.464,416.989,780.107,417.354
369,798.6,417.83,782.551,417.597,792.247,416.089,795.162,417.054,803.191,416.853,796.593,417.691,789.017,417.297
370,810.4,417.62,792.298,417.605,804.26,416.802,806.93,417.251,816.137,417.175,808.182,417.631,799.311,417.223
371,820.47,417.65,802.158,417.621,817.394,417.217,818.384,417.421,828.301,417.423,818.443,417.647,810.122,417.201
372,830.58,417.64,812.106,417.627,829.611,417.526,829.483,417.536,839.772,417.573,828.572,417.641,821.266,417.206
373,841.46,417.67,822.38,417.642,840.969,417.698,840.647,417.623,851.212,417.676,839.356,417.665,832.822,417.242
374,853.32,418.2,833.209,417.838,852.186,417.794,852.305,417.948,863.215,418.087,851.083,418.114,844.926,417.45
375,865.55,418.77,844.528,418.164,863.951,418.188,864.426,418.441,875.717,418.692,863.253,418.666,857.511,417.808
376,878.5,418.5,856.418,418.282,876.268,418.786,877.161,418.592,888.907,418.811,876.112,418.526,870.631,418.026
377,891.5,419,868.697,418.533,889.349,418.893,890.252,418.909,902.422,419.159,889.096,418.926,884.13,418.355
378,904.5,420,881.228,419.046,902.819,419.218,903.5,419.595,916.01,419.983,902.096,419.832,897.866,418.921
379,916.5,420,893.573,419.38,916.39,420.037,916.264,419.992,928.855,420.382,914.212,419.973,911.425,419.373
380,928.5,420,905.798,419.597,929.198,420.439,928.671,420.184,941.203,420.512,926.225,419.996,924.778,419.72
381,940.5,420,917.943,419.738,941.462,420.552,940.838,420.246,953.256,420.49,938.226,419.999,937.917,419.977
382,952.5,420.5,930.038,420.005,953.402,420.498,952.864,420.495,965.158,420.741,950.227,420.42,950.845,420.308
383,963.06,420.51,941.596,420.182,965.191,420.722,964.07,420.621,976.02,420.829,960.964,420.495,963.142,420.553
384,974.5,420.5,953.112,420.293,975.94,420.796,975.232,420.658,986.934,420.813,972.315,420.499,975.174,420.717
385,986.5,420.5,964.798,420.365,986.746,420.769,986.709,420.65,998.34,420.753,984.236,420.5,987.161,420.82
386,998.5,421,976.594,420.588,998.1,420.702,998.423,420.881,1010.08,421.025,996.228,420.92,999.117,421.027
387,1010.5,421.5,988.461,420.907,1009.86,420.978,1010.3,421.271,1022.02,421.492,1008.23,421.408,1011.05,421.322
388,1022.5,421.5,1000.37,421.114,1021.86,421.47,1022.27,421.496,1034.07,421.719,1020.23,421.485,1022.98,421.536
389,1033.43,421.48,1011.94,421.242,1033.99,421.722,1033.74,421.595,1045.44,421.778,1031.29,421.481,1034.58,421.677
390,1044.5,421.5,1023.34,421.333,1045.41,421.79,1044.95,421.634,1056.5,421.772,1042.36,421.497,1045.96,421.771
391,1056.5,421.5,1034.95,421.391,1056.47,421.776,1056.5,421.631,1068.04,421.724,1054.24,421.5,1057.45,421.823
392,1067.05,421.83,1046.18,421.545,1068.01,421.714,1067.53,421.779,1078.91,421.89,1064.96,421.776,1068.6,421.941
393,1078.5,422,1057.49,421.704,1078.86,421.871,1078.7,421.947,1090.01,422.076,1076.31,421.964,1079.76,422.07
394,1090.1,421.98,1068.91,421.801,1089.94,422.06,1090.06,422.026,1101.39,422.139,1087.88,421.977,1090.99,422.15
395,1101,422,1080.14,421.87,1101.31,422.129,1101.19,422.067,1112.45,422.157,1098.87,421.996,1102.07,422.202
396,1112.5,422.5,1091.47,422.091,1112.38,422.147,1112.48,422.335,1123.75,422.481,1110.3,422.419,1113.23,422.38
397,1122.5,422.5,1102.33,422.234,1123.69,422.477,1123.1,422.491,1134.17,422.64,1120.48,422.487,1123.99,422.51
398,1133.5,422.42,1113.24,422.299,1134.11,422.647,1133.82,422.526,1144.78,422.639,1131.38,422.431,1134.75,422.576
399,1141.66,422.34,1123.19,422.313,1144.7,422.646,1143.16,422.484,1153.61,422.549,1139.9,422.356,1144.65,422.589
400,1149.49,422.34,1132.39,422.323,1153.46,422.545,1151.47,422.44,1161.25,422.471,1147.83,422.343,1153.76,422.585
401,1155.5,422.5,1140.48,422.385,1160.97,422.453,1158.27,422.486,1167.1,422.521,1154.12,422.472,1161.71,422.618
402,1161.5,422.5,1147.84,422.425,1166.63,422.496,1164.2,422.51,1172.12,422.542,1160.17,422.495,1168.74,422.635
403,1167.5,422.5,1154.72,422.451,1171.44,422.519,1169.72,422.52,1176.89,422.545,1166.17,422.499,1175.07,422.639
404,1173.5,423,1161.29,422.643,1176.05,422.526,1175.13,422.781,1181.74,422.88,1172.17,422.909,1180.9,422.787
405,1179.5,423,1167.67,422.768,1180.85,422.875,1180.58,422.942,1186.82,423.061,1178.17,422.984,1186.4,422.901
406,1185.5,423,1173.91,422.849,1185.98,423.074,1186.14,423.029,1192.16,423.138,1184.17,422.997,1191.68,422.986
407,1191.5,423,1180.06,422.902,1191.45,423.159,1191.82,423.067,1197.74,423.153,1190.17,422.999,1196.85,423.045
408,1196.5,423,1185.82,422.936,1197.19,423.17,1197.1,423.074,1202.81,423.135,1195.33,423,1201.69,423.085
409,1200.5,422.5,1190.96,422.784,1202.43,423.141,1201.61,422.806,1206.95,422.763,1199.52,422.594,1206,422.955
410,1205.66,421.51,1196.1,422.338,1206.66,422.748,1206.28,422.113,1211.41,421.866,1204.53,421.71,1210.28,422.541
411,1212.35,420.88,1201.79,421.828,1211.15,421.81,1211.9,421.354,1217.18,420.946,1210.95,421.029,1215.05,422.006
412,1220.64,420.38,1208.39,421.321,1216.99,420.839,1218.97,420.652,1224.82,420.151,1218.96,420.492,1220.74,421.423
413,1231.62,420.46,1216.52,421.02,1224.78,420.012,1228.35,420.311,1235.31,419.861,1229.54,420.465,1228.04,420.986
414,1243.67,421.22,1226.02,421.09,1235.53,419.728,1239.64,420.566,1247.97,420.337,1241.41,421.099,1236.97,420.885
415,1256.41,421.54,1236.66,421.247,1248.56,420.265,1252.35,420.961,1262.05,420.929,1254.05,421.471,1247.41,420.929
416,1267.72,421.54,1247.53,421.35,1263.02,420.948,1264.99,421.246,1275.63,421.314,1265.52,421.529,1258.59,420.993
417,1279.24,421.57,1258.63,421.427,1276.84,421.408,1277.5,421.447,1288.72,421.557,1277.03,421.563,1270.35,421.075
418,1289.49,421.63,1269.43,421.498,1289.99,421.685,1289.12,421.595,1300.47,421.717,1287.44,421.619,1282.13,421.176
419,1300.46,421.9,1280.29,421.639,1301.59,421.843,1300.47,421.812,1311.81,421.964,1298.34,421.854,1294.04,421.353
420,1311.96,422.32,1291.37,421.877,1312.65,422.068,1311.89,422.148,1323.26,422.359,1309.77,422.245,1306.17,421.632
421,1324.49,422.66,1302.97,422.151,1323.79,422.441,1323.9,422.515,1335.47,422.774,1322.16,422.594,1318.73,421.966
422,1337.56,423.02,1315.07,422.455,1335.77,422.841,1336.55,422.902,1348.47,423.201,1335.15,422.954,1331.75,422.345
423,1345.5,423,1325.72,422.646,1348.65,423.257,1346.93,423.097,1358.36,423.364,1343.73,422.992,1343.53,422.638
424,1352.5,423.5,1335.09,422.945,1358.43,423.404,1355.32,423.434,1365.79,423.723,1350.96,423.411,1353.96,423.013
425,1358.5,424,1343.29,423.314,1365.63,423.746,1362.01,423.867,1371.29,424.201,1357.14,423.894,1362.97,423.452
426,1364.26,424.06,1350.63,423.575,1370.81,424.218,1367.64,424.128,1375.77,424.439,1362.97,424.03,1370.76,423.804
427,1370.5,424,1357.58,423.724,1374.97,424.453,1373.04,424.211,1380.31,424.451,1369.14,424.005,1377.73,424.045
428,1376.5,423.5,1364.2,423.646,1379.27,424.449,1378.33,423.958,1384.98,424.042,1375.17,423.591,1384.03,424.058
429,1362.5,424,1363.61,423.77,1383.87,424.008,1373.32,424.02,1376.29,424.097,1364.55,423.934,1383.76,424.19
430,1374.5,424,1367.42,423.85,1374.9,424.035,1375.36,424.047,1378.04,424.108,1372.81,423.989,1386.1,424.272
462,1374.5,424,1374.5,424,1374.5,424,1374.5,424,1374.5,424,1374.5,424,1374.5,424
463,1364.5,424,1371,424,1374.5,424,1365.17,424,1357.16,424,1366.21,424,1365.72,424
464,1377.5,424,1373.27,424,1367.5,424,1373.52,424,1374.74,424,1375.63,424,1373.11,424
465,1372.5,424,1373,424,1372.5,424,1373.18,424,1373.74,424,1373.11,424,1372.94,424
466,1366.5,424,1370.73,424,1372.5,424,1369.25,424,1368.2,424,1367.71,424,1369.41,424
467,1360.49,424.05,1367.14,424.018,1368.3,424,1363.8,424.029,1361.31,424.038,1361.8,424.041,1364.46,424.025
468,1355.5,424,1363.07,424.011,1361.63,424.035,1358.16,424.017,1354.67,424.02,1356.66,424.008,1359.32,424.017
469,1349.5,424,1358.32,424.007,1354.58,424.02,1351.94,424.01,1347.6,424.009,1350.8,424.001,1353.67,424.012
470,1343.5,424,1353.13,424.005,1347.03,424.009,1345.46,424.004,1340.45,424.002,1344.82,424,1347.72,424.008
471,1335.5,424,1346.96,424.003,1339.56,424.002,1337.88,424.001,1332.06,423.999,1337.12,424,1340.87,424.006
472,1323.5,424,1338.75,424.002,1331.01,423.998,1327.62,423.999,1320.4,423.997,1325.7,424,1332.03,424.004
473,1312.5,424,1329.56,424.001,1319.23,423.996,1316.3,423.999,1307.79,423.997,1314.64,424,1322.12,424.002
474,1301.5,424,1319.74,424.001,1306.5,423.996,1304.53,423.999,1294.99,423.997,1303.64,424,1311.44,424.001
475,1289.5,424,1309.16,424.001,1293.63,423.997,1292.14,423.999,1281.7,423.998,1291.76,424,1299.89,424
476,1278.5,424,1298.43,424,1280.37,423.998,1280.04,423.999,1269.08,423.999,1280.65,424,1288.01,424
477,1267.5,423.5,1287.6,423.825,1267.87,423.999,1268.26,423.74,1257.04,423.658,1269.64,423.581,1275.94,423.846
478,1256.49,423.61,1276.71,423.75,1256.04,423.65,1256.75,423.633,1245.44,423.543,1258.63,423.605,1263.76,423.755
479,1244.5,423.5,1265.44,423.662,1244.71,423.522,1244.95,423.521,1233.49,423.424,1246.76,423.517,1251.26,423.651
480,1233.5,423.5,1254.26,423.606,1233.01,423.399,1233.5,423.463,1222.03,423.379,1235.65,423.503,1238.87,423.57
481,1221.5,423.5,1242.79,423.569,1221.76,423.357,1221.76,423.442,1210.21,423.377,1223.76,423.5,1226.32,423.511
482,1210.5,423.5,1231.49,423.545,1210.08,423.365,1210.36,423.441,1198.86,423.396,1212.65,423.5,1213.98,423.469
483,1198.5,423,1219.94,423.354,1198.83,423.396,1198.67,423.191,1187.11,423.081,1200.76,423.08,1201.56,423.289
484,1188.5,423,1208.94,423.23,1187.13,423.082,1187.83,423.039,1176.5,422.917,1190.52,423.013,1189.72,423.149
485,1177.5,422.5,1197.94,422.975,1176.56,422.909,1177.02,422.7,1165.85,422.51,1179.62,422.584,1178.07,422.891
486,1169.21,421.45,1187.88,422.441,1165.96,422.49,1167.59,421.96,1156.97,421.596,1170.99,421.643,1167.41,422.372
487,1161.79,420.47,1178.75,421.751,1157.17,421.548,1159.47,421.012,1149.64,420.464,1163.39,420.675,1157.83,421.665
488,1157.23,420.33,1171.22,421.254,1149.98,420.371,1153.58,420.394,1144.99,419.824,1158.37,420.394,1149.98,421.066
489,1153.55,420.66,1165.03,421.046,1145.56,419.705,1149.43,420.258,1142.24,419.824,1154.47,420.609,1143.78,420.711
490,1150.4,420.93,1159.91,421.005,1143.11,419.727,1146.47,420.398,1140.62,420.145,1151.19,420.868,1139.03,420.543
491,1146.41,420.97,1155.19,420.993,1141.77,420.114,1143.62,420.573,1138.71,420.455,1147.32,420.951,1135.1,420.459
492,1141.6,420.79,1150.43,420.922,1140.03,420.499,1140.21,420.629,1135.77,420.566,1142.67,420.82,1131.51,420.373
493,1137.27,420.66,1145.82,420.83,1137.07,420.659,1136.55,420.615,1132.36,420.567,1138.28,420.69,1128.22,420.295
494,1132.52,420.68,1141.17,420.778,1133.46,420.675,1132.44,420.626,1128.28,420.597,1133.6,420.682,1124.97,420.266
495,1129.22,421.02,1136.99,420.862,1129.1,420.694,1128.77,420.816,1124.76,420.856,1130.06,420.955,1122.1,420.371
496,1127.5,421.5,1133.67,421.086,1125.29,420.938,1126.18,421.19,1122.62,421.336,1128.01,421.392,1119.95,420.625
497,1125.5,422,1130.81,421.406,1122.97,421.413,1124.11,421.68,1121.02,421.934,1126,421.879,1118.25,420.999
498,1123.5,422.5,1128.25,421.789,1121.31,422.018,1122.31,422.228,1119.62,422.574,1124,422.377,1116.84,421.464
499,1121.5,422.5,1125.89,422.038,1119.92,422.667,1120.6,422.536,1118.22,422.87,1122,422.475,1115.6,421.843
500,1120.5,422.5,1124,422.199,1118.54,422.958,1119.4,422.678,1117.4,422.952,1120.8,422.495,1114.75,422.141
501,1119.5,422.5,1122.43,422.305,1117.75,423.012,1118.49,422.718,1116.83,422.918,1119.77,422.499,1114.15,422.368
502,1118.29,422.86,1120.98,422.499,1117.2,422.936,1117.59,422.888,1116.16,423.078,1118.59,422.787,1113.65,422.642
503,1116.53,422.35,1119.42,422.447,1116.54,423.063,1116.35,422.701,1114.99,422.772,1116.94,422.438,1113.02,422.689
504,1112.59,421.97,1117.03,422.28,1115.32,422.729,1113.75,422.356,1111.99,422.296,1113.42,422.059,1111.56,422.589
505,1106.53,421.53,1113.36,422.017,1112.2,422.22,1109.16,421.899,1106.51,421.714,1107.79,421.626,1108.76,422.353
506,1099.32,421.19,1108.44,421.728,1106.48,421.608,1102.78,421.442,1098.96,421.171,1100.82,421.267,1104.5,422.042
507,1090.46,420.73,1102.15,421.379,1098.58,421.048,1094.55,420.943,1089.34,420.6,1092.23,420.822,1098.57,421.64
508,1081.74,420.96,1095.01,421.232,1088.57,420.474,1085.4,420.787,1078.94,420.503,1083.53,420.936,1091.37,421.383
509,1072.03,421.17,1086.96,421.21,1077.85,420.4,1075.36,420.849,1067.77,420.674,1073.96,421.131,1082.89,421.245
510,1063.27,421.37,1078.67,421.266,1066.46,420.622,1065.44,421.035,1057.11,420.974,1065.09,421.329,1073.76,421.206
511,1053.4,421.83,1069.83,421.464,1055.75,420.982,1055.19,421.418,1046.26,421.497,1055.35,421.746,1063.85,421.327
512,1041.54,421.8,1059.93,421.581,1044.99,421.562,1043.81,421.654,1034.11,421.783,1043.76,421.791,1052.79,421.429
513,1030.48,421.98,1049.62,421.721,1032.99,421.884,1032.23,421.885,1021.93,422.046,1032.63,421.949,1041.14,421.574
514,1018.12,421.91,1038.59,421.787,1020.96,422.155,1019.96,421.975,1009.04,422.114,1020.42,421.916,1028.71,421.675
515,1006.09,421.93,1027.22,421.837,1008.19,422.206,1007.51,422.019,996.108,422.127,1008.37,421.928,1015.85,421.764
516,994.14,421.86,1015.64,421.845,995.377,422.186,995.088,421.989,983.365,422.053,996.408,421.871,1002.74,421.813
517,982.5,422,1004.04,421.899,982.745,422.076,982.917,422.026,971.053,422.082,984.73,421.979,989.632,421.893
518,970.97,421.85,992.467,421.882,970.561,422.076,971.01,421.962,959.133,421.98,973.182,421.871,976.624,421.908
519,959.3,421.47,980.858,421.738,958.785,421.956,959.22,421.715,947.37,421.65,961.526,421.534,963.724,421.8
520,947.88,421.02,969.316,421.487,947.165,421.608,947.634,421.323,935.868,421.155,950.077,421.103,951.04,421.571
521,937.29,421.23,958.107,421.397,935.788,421.092,936.606,421.194,925.072,421.038,939.381,421.209,938.826,421.446
522,926.49,421,947.041,421.258,925.105,420.966,925.807,421.018,914.505,420.856,928.594,421.034,926.96,421.278
523,915.47,421.09,935.991,421.199,914.641,420.795,915.006,420.977,903.862,420.853,917.604,421.081,915.326,421.174
524,905.18,421.05,925.207,421.147,904.064,420.814,904.545,420.955,893.617,420.864,907.225,421.055,904.108,421.084
525,893.81,420.88,914.218,421.054,893.854,420.85,893.717,420.872,882.82,420.783,895.98,420.908,892.901,420.969
526,883.35,420.78,903.414,420.958,883.055,420.789,883.095,420.781,872.285,420.692,885.421,420.801,881.968,420.853
527,872.48,420.79,892.587,420.899,872.485,420.707,872.386,420.743,861.608,420.669,874.591,420.792,871.128,420.772
528,861.29,420.51,881.633,420.763,861.764,420.688,861.443,420.587,850.613,420.487,863.446,420.556,860.252,420.631
529,849.69,420.48,870.453,420.664,850.713,420.502,850.134,420.483,839.153,420.383,851.902,420.492,849.212,420.518
530,838.52,420.12,859.277,420.474,839.183,420.39,838.825,420.246,827.74,420.103,840.685,420.18,838.157,420.327
531,827.39,420.16,848.116,420.364,827.701,420.1,827.558,420.132,816.417,419.998,829.545,420.163,827.098,420.196
532,816.26,420.09,836.967,420.268,816.332,419.987,816.335,420.046,805.168,419.926,818.414,420.102,816.034,420.081
533,805.08,420.36,825.806,420.3,805.069,419.916,805.122,420.151,793.94,420.103,807.24,420.318,804.946,420.084
534,794.27,420,814.769,420.195,793.849,420.104,794.111,420.05,782.983,419.984,796.384,420.052,793.949,419.991
535,783.06,420.28,803.671,420.225,782.918,419.998,783.023,420.138,771.908,420.121,785.219,420.243,782.905,420.012
536,772.38,419.5,792.719,419.971,771.876,420.141,772.153,419.799,761.114,419.68,774.477,419.621,771.98,419.804
537,761.5,419,781.792,419.631,761.116,419.694,761.314,419.328,750.339,419.098,763.615,419.101,761.089,419.491
538,752.49,417.89,771.536,419.022,750.373,419.082,751.455,418.471,740.831,418.044,754.362,418.094,750.791,418.91
539,744.12,416.96,761.941,418.3,740.92,417.983,742.537,417.482,732.451,416.877,745.873,417.154,741.169,418.169
540,738.5,416.87,753.736,417.8,732.648,416.763,735.588,416.874,726.492,416.268,739.834,416.921,732.918,417.562
541,733.56,416.99,746.675,417.516,726.873,416.13,730.158,416.642,722.217,416.155,734.72,416.977,725.968,417.139
542,729.67,417.23,740.723,417.416,722.852,416.045,726.082,416.712,719.361,416.401,730.626,417.182,720.348,416.91
543,725.87,417.63,735.524,417.491,720.261,416.36,722.737,417.038,717.079,416.927,726.775,417.545,715.773,416.889
544,721.8,417.62,730.721,417.536,718.187,416.971,719.528,417.287,714.642,417.289,722.743,417.606,711.884,416.91
545,717.51,417.53,726.097,417.534,715.838,417.402,716.13,417.414,711.713,417.456,718.496,417.544,708.397,416.935
546,713.5,417.5,721.688,417.522,712.852,417.598,712.64,417.479,708.516,417.528,714.447,417.508,705.231,416.975
547,709.5,418,717.422,417.689,709.484,417.661,709.026,417.773,705.063,417.899,710.438,417.907,702.249,417.182
548,706.5,418.5,713.599,417.973,705.803,418.01,705.808,418.211,702.08,418.435,707.262,418.385,699.644,417.522
549,703.5,419.5,710.065,418.508,702.602,418.533,702.816,418.987,699.32,419.386,704.228,419.284,697.28,418.113
550,700.5,419.5,706.717,418.855,699.681,419.488,699.932,419.445,696.629,419.863,701.224,419.458,695.052,418.598
551,699.36,418.97,704.142,418.895,696.884,419.968,698.045,419.4,695.189,419.671,699.736,419.069,693.442,418.823
552,695.6,418.11,701.152,418.62,695.411,419.743,695.402,418.861,692.613,418.877,696.393,418.294,691.49,418.725
553,689.35,417.29,697.022,418.155,692.832,418.874,690.921,418.054,687.598,417.811,690.627,417.472,688.45,418.376
554,680.42,416.6,691.211,417.611,687.721,417.713,683.875,417.183,679.378,416.741,682.167,416.749,683.668,417.866
555,670.25,416.23,683.875,417.127,679.241,416.565,674.644,416.476,668.655,415.951,672.229,416.316,677.078,417.331
556,659.25,416.59,675.256,416.939,668.117,415.739,663.777,416.282,656.25,415.862,661.366,416.545,668.788,417.011
557,647.69,417.31,665.608,417.069,655.282,415.676,651.81,416.613,642.883,416.429,649.891,417.187,659.001,416.984
558,637.51,417.98,655.774,417.388,641.566,416.331,640.096,417.233,630.291,417.303,639.548,417.849,648.497,417.186
559,626.31,418.56,645.461,417.798,628.807,417.324,628.226,417.955,617.769,418.23,628.457,418.445,637.203,417.545
560,614.66,418.99,634.681,418.215,616.328,418.357,616.157,418.624,605.192,419.024,616.876,418.902,625.225,417.979
561,602.71,419.01,623.491,418.493,603.93,419.216,603.904,419.017,592.533,419.414,604.971,418.993,612.698,418.34
562,590.7,419,612.014,418.671,591.512,419.614,591.583,419.199,579.912,419.529,592.973,418.999,599.802,418.624
563,578.5,419,600.284,418.786,579.135,419.685,579.18,419.255,567.278,419.498,580.798,419,586.636,418.842
564,565.5,418.5,588.11,418.686,566.72,419.584,566.356,418.98,554.163,419.06,567.894,418.578,573.092,418.85
565,553.5,418,575.996,418.446,553.769,419.066,553.819,418.51,541.518,418.417,555.787,418.092,559.616,418.685
566,541.5,418,563.923,418.29,541.239,418.344,541.509,418.201,529.205,418.039,543.775,418.015,546.266,418.534
567,529.35,418.5,551.822,418.363,529.026,417.914,529.28,418.278,517,418.192,531.641,418.423,533.028,418.553
568,517.59,418.99,539.841,418.583,516.91,418.067,517.306,418.606,505.122,418.65,519.836,418.899,520.046,418.712
569,507.41,418.99,528.49,418.725,505.108,418.572,506.309,418.826,494.499,418.926,509.455,418.975,507.785,418.837
570,497.36,418.98,517.595,418.814,494.577,418.909,495.983,418.954,484.641,419.063,499.363,418.979,496.176,418.93
571,487.31,418.51,506.995,418.708,484.843,419.086,486.025,418.776,475.12,418.794,489.307,418.588,485.104,418.854
572,477.31,418.51,496.605,418.639,475.445,418.825,476.256,418.647,465.709,418.619,479.3,418.523,474.473,418.783
573,467.34,418.52,486.362,418.597,466.119,418.631,466.555,418.567,456.274,418.523,469.326,418.52,464.193,418.722
574,457.43,418.95,476.236,418.721,456.715,418.517,456.874,418.745,446.782,418.77,459.407,418.879,454.191,418.8
575,447.39,418.52,466.14,418.65,447.201,418.762,447.097,418.64,437.105,418.625,449.383,418.579,444.349,418.731
576,435.69,418.51,455.482,418.601,437.462,418.621,436.371,418.565,426.148,418.531,437.895,418.521,434.103,418.669
577,425.5,419,444.989,418.741,426.388,418.523,425.812,418.774,415.482,418.817,427.541,418.921,423.957,418.766
578,413.5,419,433.968,418.832,415.578,418.815,414.454,418.912,403.801,418.984,415.747,418.987,413.33,418.847
579,403.5,419,423.304,418.89,403.758,418.997,403.645,418.992,392.942,419.067,405.522,418.998,402.902,418.91
580,391.5,418.52,412.173,418.761,392.796,419.089,392.194,418.784,381.255,418.769,393.744,418.596,392.028,418.814
581,381.35,418.53,401.385,418.68,381.056,418.781,381.305,418.645,370.381,418.591,383.391,418.541,381.346,418.734
582,369.57,418.52,390.25,418.624,370.17,418.582,369.961,418.554,358.905,418.489,371.79,418.523,370.331,418.665
583,359.46,418.56,379.473,418.602,358.717,418.465,359.193,418.526,348.228,418.472,361.493,418.554,359.551,418.621
584,348.39,418.54,368.594,418.58,348.084,418.446,348.312,418.507,337.373,418.465,350.521,418.542,348.677,418.581
585,337.48,418.54,357.704,418.566,337.294,418.445,337.429,418.504,326.508,418.473,339.603,418.54,337.778,418.551
586,326.4,418.55,346.748,418.56,326.481,418.463,326.452,418.513,315.513,418.495,328.544,418.548,326.808,418.533
587,315.5,419,335.811,418.714,315.518,418.495,315.506,418.757,304.566,418.822,317.623,418.926,315.838,418.658
588,304.44,419,324.831,418.814,304.583,418.837,304.5,418.914,293.539,419.008,306.581,418.988,304.822,418.763
589,293.52,419,313.872,418.879,293.557,419.04,293.529,419.004,282.565,419.096,295.646,418.998,293.816,418.848
590,282.51,419.01,302.895,418.925,282.577,419.134,282.536,419.052,271.563,419.13,284.645,419.008,282.792,418.919
591,272.5,419.5,292.257,419.126,271.568,419.161,272.049,419.322,261.229,419.461,274.509,419.419,272.062,419.122
592,261.5,419.5,281.492,419.257,261.245,419.487,261.369,419.481,250.594,419.626,263.62,419.487,261.273,419.283
593,251.5,419.5,270.995,419.342,250.635,419.653,251.064,419.561,240.436,419.686,253.506,419.498,250.736,419.407
594,241.5,419.5,260.672,419.397,240.503,419.705,240.988,419.589,230.534,419.684,243.491,419.5,240.402,419.498
595,231.5,419.5,250.462,419.433,230.636,419.69,231.035,419.588,220.739,419.653,233.49,419.5,230.227,419.561
596,221.5,419.5,240.325,419.457,220.875,419.645,221.134,419.573,210.963,419.613,223.489,419.5,220.173,419.602
597,213.5,419.5,230.936,419.472,211.12,419.593,212.279,419.554,202.522,419.575,215.219,419.5,210.813,419.625
598,203.5,419.5,221.334,419.482,202.718,419.549,203.029,419.536,193.433,419.545,205.454,419.5,201.4,419.635
599,195.5,419.5,212.292,419.488,193.674,419.517,194.505,419.522,185.247,419.523,197.215,419.5,192.527,419.634
600,187.5,419.5,203.615,419.492,185.517,419.497,186.415,419.511,177.525,419.509,189.181,419.5,184.077,419.627
601,180.5,419.5,195.525,419.495,177.835,419.488,179.068,419.504,170.665,419.5,182.032,419.5,176.247,419.615
602,173.5,419.5,187.816,419.497,171.027,419.486,172.135,419.5,164.195,419.496,175.01,419.5,168.894,419.601
603,166.5,419.5,180.355,419.498,164.618,419.488,165.391,419.498,157.828,419.495,168.006,419.5,161.892,419.585
604,160.5,419.5,173.406,419.499,158.289,419.491,159.214,419.498,152.088,419.495,161.855,419.5,155.437,419.57
605,154.5,419.5,166.789,419.499,152.567,419.494,153.339,419.498,146.607,419.496,155.831,419.5,149.387,419.556
606,149.5,419,160.738,419.324,147.093,419.497,148.108,419.239,141.849,419.156,150.668,419.092,143.926,419.391
607,145.5,419,155.405,419.211,142.337,419.149,143.743,419.075,138.081,418.967,146.477,419.017,139.203,419.256
608,142.5,418,150.888,418.787,138.592,418.945,140.373,418.465,135.434,418.199,143.267,418.196,135.336,418.844
609,142.5,418,147.952,418.512,136.001,418.154,139.099,418.096,135.315,417.797,142.659,418.041,133.022,418.513
610,143.97,417.14,146.558,418.032,136.005,417.728,139.804,417.456,137.436,417.05,143.705,417.322,132.357,417.994
611,146.5,417.5,146.538,417.845,138.335,416.967,142.137,417.283,141.251,416.951,145.948,417.465,133.276,417.697
612,148.5,418,147.225,417.9,142.398,416.873,145.011,417.495,145.31,417.334,147.993,417.894,135.221,417.632
613,152.5,418,149.071,417.935,146.65,417.302,149.039,417.679,150.514,417.627,151.64,417.98,138.492,417.606
614,155.5,417,151.321,417.608,151.946,417.656,153.1,417.302,155.391,417.147,154.754,417.189,142.419,417.305
615,158.56,417.17,153.855,417.454,156.805,417.201,157.034,417.159,159.843,417.008,157.822,417.174,146.773,417.131
616,164.5,417,157.581,417.295,161.115,417.053,162.258,417.004,165.829,416.852,163.278,417.032,152.231,416.96
617,169.5,417,161.752,417.192,166.917,416.883,167.733,416.929,171.904,416.801,168.349,417.006,158.197,416.843
618,176.5,417.17,166.914,417.184,172.835,416.822,174.287,416.992,179.21,416.925,175.049,417.141,165.074,416.822
619,183.5,417,172.719,417.12,180.027,416.946,181.435,416.964,187.059,416.908,182.003,417.025,172.591,416.774
620,191.5,417.5,179.292,417.253,187.817,416.933,189.362,417.215,195.712,417.257,189.851,417.418,180.831,416.904
621,199.57,417.43,186.39,417.315,196.449,417.291,197.713,417.347,204.694,417.416,197.889,417.428,189.582,417.005
622,209.5,417.5,194.478,417.38,205.424,417.462,207.187,417.46,214.954,417.543,207.56,417.488,199.218,417.119
623,218.5,417.5,202.886,417.422,215.692,417.59,216.793,417.521,225.14,417.597,216.65,417.498,209.204,417.218
624,228.5,417.5,211.851,417.449,225.887,417.637,226.883,417.547,235.779,417.607,226.529,417.5,219.684,417.302
625,238.5,416.5,221.178,417.117,236.508,417.632,237.19,417.033,246.532,416.912,236.514,416.666,230.484,417.068
626,248.55,416.71,230.758,416.975,247.216,416.904,247.578,416.807,257.25,416.654,246.555,416.703,241.479,416.938
627,260.5,416.5,241.168,416.808,257.862,416.606,258.936,416.574,269.138,416.395,258.265,416.532,253.137,416.772
628,271.5,417,251.784,416.875,269.688,416.33,270.363,416.709,280.952,416.629,269.353,416.924,264.984,416.794
629,282.5,417.5,262.535,417.094,281.463,416.577,281.755,417.081,292.597,417.143,280.364,417.406,276.918,416.972
630,293.5,417.5,273.373,417.236,293.058,417.135,293.065,417.328,304.055,417.449,291.365,417.485,288.862,417.124
631,305.5,417.5,284.617,417.328,304.444,417.487,304.805,417.476,316.031,417.605,303.242,417.498,301.068,417.249
632,317.5,417.5,296.126,417.389,316.348,417.665,316.793,417.55,328.259,417.662,315.228,417.5,313.445,417.35
633,328.5,417.5,307.457,417.428,328.531,417.722,328.384,417.578,339.89,417.664,326.349,417.5,325.618,417.428
634,339.5,417.5,318.672,417.453,340.116,417.705,339.688,417.579,351.13,417.638,337.363,417.5,337.587,417.486
635,350.5,418,329.812,417.644,351.285,417.656,350.803,417.826,362.142,417.944,348.365,417.919,349.362,417.679
636,362.5,418,341.253,417.769,362.213,417.95,362.328,417.973,373.725,418.1,360.242,417.987,361.266,417.83
637,373.5,418,352.539,417.85,373.734,418.107,373.608,418.048,384.969,418.159,371.35,417.998,372.96,417.945
638,385.5,418.5,364.076,418.077,384.948,418.164,385.244,418.336,396.692,418.503,383.241,418.42,384.776,418.179
639,397.44,418.5,375.753,418.225,396.665,418.51,397.08,418.501,408.65,418.667,395.175,418.487,396.667,418.359
640,409.36,418.51,387.516,418.325,408.649,418.681,409.018,418.586,420.704,418.726,407.097,418.506,408.608,418.495
641,420.5,419,399.06,418.561,420.743,418.737,420.598,418.868,432.251,419.053,418.333,418.92,420.346,418.739
642,431.61,418.5,410.453,418.54,432.311,419.063,431.918,418.766,443.466,418.861,429.458,418.568,431.901,418.771
643,443.33,418.5,421.96,418.526,443.51,418.863,443.396,418.674,454.921,418.71,441.104,418.511,443.49,418.779
644,452.52,418,432.656,418.342,454.934,418.691,453.676,418.342,464.809,418.261,450.607,418.086,454.342,418.618
645,460.44,417.48,442.38,418.04,464.758,418.216,462.543,417.856,472.961,417.648,458.743,417.585,464.208,418.315
646,466.52,416.97,450.829,417.666,472.766,417.572,469.621,417.296,478.986,416.977,465.124,417.08,472.724,417.905
647,471.47,417.28,458.053,417.531,478.561,416.874,475.088,417.134,483.224,416.865,470.299,417.243,479.83,417.665
648,475.65,417.47,464.212,417.509,482.515,416.762,479.296,417.179,486.193,417.008,474.643,417.427,485.605,417.535
649,480.71,417.99,469.986,417.678,485.209,416.942,483.349,417.517,489.35,417.507,479.586,417.886,490.638,417.599
650,485.5,418.49,475.416,417.962,488.187,417.502,487.353,418.017,492.725,418.168,484.4,418.378,495.073,417.816
651,490.37,418.5,480.65,418.15,491.533,418.229,491.503,418.34,496.49,418.545,489.261,418.477,499.135,418.006
652,494.41,418.96,485.466,418.434,495.408,418.652,495.411,418.76,500.057,419.033,493.437,418.869,502.728,418.304
653,498.37,418.99,489.982,418.628,499.166,419.155,499.182,419.011,503.552,419.277,497.434,418.967,505.994,418.555
654,501.5,418.99,494.014,418.755,502.866,419.389,502.488,419.128,506.522,419.347,500.715,418.986,508.816,418.753
655,504.42,418.99,497.656,418.837,506.008,419.426,505.432,419.162,509.123,419.322,503.699,418.989,511.281,418.903
656,506.46,418.5,500.737,418.719,508.721,419.357,507.742,418.896,510.997,418.922,505.913,418.597,513.256,418.863
657,508.67,418.5,503.514,418.642,510.646,418.906,509.79,418.703,512.665,418.66,508.124,418.519,514.943,418.817
658,512.23,418.51,506.564,418.596,512.318,418.6,512.439,418.582,515.243,418.515,511.439,418.512,516.868,418.77
659,515.44,419.06,509.671,418.758,514.916,418.433,515.345,418.798,518.181,418.819,514.668,418.954,518.939,418.891
660,513.6,419.49,511.046,419.015,517.925,418.751,515.805,419.167,517.892,419.299,513.817,419.381,519.637,419.115
661,503.13,418.96,508.275,418.995,517.645,419.272,510.236,419.123,509.908,419.199,504.933,419.031,516.623,419.13
662,488.23,418.53,501.26,418.833,509.366,419.205,498.665,418.852,494.793,418.819,490.782,418.607,509.287,419.001
663,478.54,418.52,493.308,418.723,493.55,418.822,486.363,418.664,479.833,418.582,480.559,418.534,500.124,418.883
664,473.36,418.51,486.326,418.649,477.795,418.565,476.476,418.544,468.887,418.451,474.667,418.514,491.032,418.778
665,469.4,418.5,480.402,418.597,466.44,418.42,469.153,418.476,461.648,418.39,470.394,418.503,482.567,418.688
666,463.28,418.48,474.409,418.556,459.375,418.359,462.495,418.437,455.257,418.366,464.572,418.484,474.119,418.61
667,453.56,418.44,467.112,418.515,453.563,418.343,454.377,418.404,446.861,418.345,455.419,418.447,464.713,418.536
668,442.43,418.17,458.473,418.394,445.797,418.334,444.563,418.254,436.323,418.167,444.547,418.215,454.195,418.398
669,432.82,417.9,449.495,418.221,435.675,418.162,434.506,418.028,425.693,417.897,434.775,417.953,443.331,418.207
670,423.35,417.53,440.344,417.979,425.238,417.888,424.478,417.707,415.282,417.515,425.265,417.601,432.337,417.946
671,411.42,417.38,430.221,417.77,414.907,417.495,413.279,417.445,403.451,417.232,413.643,417.415,420.583,417.697
672,399.26,417.3,419.384,417.605,403.079,417.2,401.278,417.267,390.764,417.065,401.547,417.318,408.223,417.482
673,387.27,416.95,408.144,417.376,390.321,417.033,388.952,417.005,377.868,416.784,389.544,417.009,395.502,417.217
674,375.53,416.91,396.729,417.213,377.337,416.758,376.655,416.849,365.188,416.649,377.772,416.926,382.645,417.006
675,364.5,416.02,385.449,416.795,364.614,416.63,364.831,416.323,353.252,416.019,366.65,416.167,369.968,416.584
676,351.5,415.5,373.567,416.342,352.714,416,352.343,415.75,340.478,415.362,353.877,415.605,356.904,416.102
677,338.5,414.5,361.293,415.697,340.022,415.324,339.452,414.915,327.263,414.386,340.901,414.673,343.574,415.431
678,326.5,414,349.116,415.103,326.871,414.322,326.867,414.186,314.553,413.593,328.787,414.107,330.38,414.763
679,315.5,413.51,337.35,414.546,314.221,413.506,315.044,413.55,302.885,412.944,317.652,413.607,317.648,414.108
680,308.5,413.5,327.253,414.18,302.652,412.854,305.797,413.232,294.556,412.717,310.1,413.519,306.544,413.618
681,305.5,413.5,319.639,413.942,294.537,412.652,300.232,413.123,290.781,412.736,306.38,413.504,298.006,413.271
682,307.5,413.5,315.39,413.787,291.172,412.721,299.452,413.132,292.735,412.87,307.273,413.501,293.064,413.041
683,316.5,413.5,315.779,413.687,293.755,412.911,305.06,413.197,302.23,413.038,314.9,413.5,293.12,412.905
684,326.5,413.5,319.531,413.621,304.096,413.124,314.817,413.277,315.955,413.194,324.564,413.5,297.43,412.842
685,336.5,414,325.47,413.754,318.747,413.306,326.611,413.612,331.108,413.66,334.518,413.917,305.003,412.985
686,348.5,414,333.531,413.84,334.623,413.785,340.128,413.836,347.47,413.94,346.26,413.987,315.584,413.138
687,359.5,414,342.62,413.896,351.337,414.068,353.709,413.971,363.018,414.085,357.352,413.998,328.028,413.29
688,371.43,414.5,352.703,414.107,366.826,414.196,367.381,414.3,378.066,414.482,369.18,414.42,341.977,413.585
689,383.62,414.79,363.524,414.346,381.456,414.571,380.946,414.642,392.539,414.873,381.326,414.731,356.946,413.927
690,395.65,415.48,374.768,414.743,395.299,414.947,394.153,415.188,406.254,415.519,393.371,415.361,372.43,414.42
691,407.64,415.51,386.273,415.012,408.306,415.587,406.973,415.514,419.301,415.844,405.367,415.486,388.078,414.828
692,419.65,415.78,397.955,415.28,420.671,415.906,419.482,415.811,431.867,416.13,417.375,415.733,403.653,415.231
693,431.39,416.06,409.657,415.553,432.654,416.176,431.62,416.094,443.927,416.401,429.148,416.008,418.907,415.625
694,443.36,416.47,421.453,415.874,444.263,416.427,443.633,416.437,455.847,416.756,441.094,416.396,433.822,416.047
695,454.16,417.22,432.901,416.345,455.872,416.767,454.972,416.997,466.911,417.391,452.035,417.086,447.99,416.591
696,464.63,417.48,444.006,416.742,466.734,417.402,465.728,417.437,477.293,417.847,462.563,417.415,461.36,417.082
697,474.1,416.86,454.539,416.784,476.979,417.865,475.637,417.335,486.681,417.583,472.171,416.953,473.718,417.256
698,480.88,416.05,463.758,416.527,486.261,417.586,483.672,416.788,493.767,416.785,479.346,416.209,484.402,417.11
699,486.21,415.05,471.616,416.01,493.216,416.734,489.848,415.885,498.707,415.599,484.958,415.261,493.273,416.649
700,489.82,414.33,477.988,415.422,497.957,415.471,494.098,414.941,501.503,414.447,488.897,414.507,500.173,416.025
701,492.18,414.45,482.955,415.082,500.505,414.252,496.668,414.448,502.549,413.955,491.535,414.461,505.148,415.538
702,494.5,415.4,486.996,415.193,501.294,413.741,498.374,414.704,502.939,414.447,493.917,415.215,508.631,415.429
703,495.94,415.85,490.126,415.423,501.49,414.293,499.309,415.175,502.729,415.147,495.533,415.722,510.749,415.489
704,496.87,416.71,492.487,415.873,501.198,415.105,499.69,415.958,502.153,416.186,496.599,416.51,511.724,415.811
705,496.68,417.95,493.954,416.6,500.651,416.262,499.314,417.101,500.881,417.617,496.664,417.657,511.561,416.46
706,496.19,418.52,494.737,417.272,499.489,417.798,498.448,418.085,499.248,418.749,496.287,418.343,510.513,417.163
707,495.68,418.38,495.067,417.66,498.003,418.996,497.398,418.558,497.614,419.161,495.806,418.372,508.873,417.681
708,495.43,418.14,495.194,417.828,496.54,419.401,496.481,418.632,496.341,419.068,495.508,418.188,506.959,418.006
709,494.5,417.5,494.951,417.713,495.462,419.232,495.386,418.255,494.944,418.435,494.706,417.641,504.736,418.045
710,493.35,417,494.391,417.464,494.265,418.481,494.117,417.691,493.415,417.636,493.625,417.13,502.298,417.892
711,492.5,417,493.729,417.301,492.909,417.559,492.94,417.306,492.088,417.148,492.731,417.027,499.871,417.738
712,492.5,417,493.299,417.196,491.724,416.986,492.302,417.071,491.517,416.888,492.548,417.006,497.792,417.592
713,494.5,417,493.719,417.127,491.287,416.703,493.064,416.946,492.767,416.782,494.108,417.001,496.673,417.459
714,496.5,417,494.693,417.083,492.711,416.62,494.703,416.895,495.017,416.766,496.023,417,496.387,417.342
715,500.5,417,496.725,417.054,495.181,416.655,497.861,416.887,499.071,416.797,499.645,417,497.409,417.243
716,503.5,417,499.096,417.035,499.479,416.741,501.368,416.902,503.302,416.845,502.753,417,499.195,417.161
717,506.5,417,501.688,417.023,503.933,416.836,504.961,416.925,507.418,416.893,505.772,417,501.577,417.095
718,509.97,417.44,504.586,417.169,508.173,416.917,508.742,417.177,511.616,417.234,509.163,417.355,504.549,417.178
719,512.5,417.5,507.356,417.285,512.388,417.281,512.075,417.372,515.094,417.473,511.846,417.472,507.673,417.268
720,515.25,417.76,510.119,417.451,515.782,417.537,515.175,417.622,518.22,417.77,514.585,417.704,510.938,417.422
721,518.16,418.22,512.933,417.72,518.748,417.84,518.189,418.003,521.224,418.225,517.464,418.119,514.323,417.686
722,521.4,418.41,515.897,417.962,521.569,418.297,521.315,418.321,524.379,418.573,520.639,418.354,517.866,417.957
723,524.64,418.6,518.957,418.185,524.565,418.643,524.514,418.587,527.621,418.843,523.867,418.552,521.504,418.226
724,527.8,418.75,522.052,418.383,527.698,418.903,527.714,418.795,530.85,419.036,527.039,418.712,525.162,418.479
725,531.46,418.77,525.345,418.518,530.865,419.077,531.166,418.898,534.402,419.096,530.613,418.759,528.96,418.676
726,533.78,418.76,528.297,418.603,534.398,419.113,534.079,418.922,537.213,419.064,533.157,418.76,532.441,418.815
727,536.73,418.9,531.249,418.707,537.2,419.055,536.963,418.979,540.018,419.095,536.034,418.873,535.831,418.951
728,539.53,418.97,534.147,418.799,539.983,419.065,539.765,419.03,542.74,419.126,538.848,418.951,539.089,419.064
729,541.93,419.22,536.871,418.946,542.683,419.086,542.32,419.175,545.163,419.285,541.323,419.167,542.11,419.214
730,544.78,419.3,539.639,419.07,545.083,419.248,544.964,419.293,547.744,419.406,544.105,419.274,545.069,419.343
731,547.5,419.32,542.39,419.158,547.647,419.38,547.618,419.362,550.358,419.461,546.836,419.311,547.941,419.437
732,549.78,419.35,544.977,419.225,550.26,419.444,550.058,419.403,552.704,419.484,549.199,419.342,550.609,419.505
733,551.8,419.42,547.365,419.293,552.61,419.472,552.235,419.451,554.733,419.522,551.283,419.405,553.037,419.566
734,553.69,419.53,549.579,419.376,554.633,419.511,554.192,419.526,556.519,419.598,553.21,419.505,555.236,419.633
735,555.05,419.88,551.494,419.552,556.401,419.589,555.757,419.744,557.844,419.862,554.679,419.804,557.099,419.781
736,556.16,419.67,553.127,419.594,557.695,419.861,556.971,419.763,558.782,419.849,555.859,419.697,558.625,419.826
737,557.74,419.71,554.741,419.634,558.59,419.854,558.242,419.777,559.883,419.841,557.361,419.707,560.037,419.861
738,558.85,419.97,556.179,419.752,559.657,419.842,559.347,419.908,560.819,419.993,558.547,419.917,561.236,419.956
739,560.03,419.76,557.527,419.755,560.585,419.991,560.41,419.872,561.753,419.919,559.729,419.792,562.303,419.96
740,561.25,420.06,558.83,419.862,561.527,419.915,561.492,419.992,562.753,420.062,560.941,420.006,563.297,420.042
741,562.02,419.78,559.947,419.833,562.553,420.056,562.373,419.916,563.514,419.94,561.799,419.826,564.115,420.016
742,562.47,419.93,560.83,419.867,563.345,419.931,562.972,419.935,563.943,419.957,562.331,419.909,564.711,420.031
743,563.67,419.82,561.824,419.851,563.79,419.943,563.801,419.886,564.727,419.886,563.397,419.838,565.371,420.002
744,564.17,419.83,562.645,419.843,564.589,419.87,564.438,419.857,565.273,419.848,564.01,419.832,565.894,419.976
745,565.23,419.81,563.55,419.832,565.155,419.83,565.251,419.828,566.078,419.813,564.981,419.814,566.488,419.944
746,565.89,419.86,564.369,419.842,565.983,419.796,565.981,419.837,566.777,419.83,565.703,419.851,567.036,419.929
747,566.16,419.86,564.996,419.848,566.708,419.817,566.457,419.845,567.153,419.843,566.065,419.858,567.44,419.916
748,566.3,419.86,565.452,419.852,567.096,419.836,566.711,419.852,567.267,419.852,566.251,419.86,567.695,419.903
749,566.38,419.87,565.777,419.858,567.201,419.85,566.807,419.861,567.218,419.864,566.353,419.868,567.824,419.896
750,566.28,419.83,565.953,419.848,567.129,419.866,566.732,419.847,566.99,419.844,566.295,419.838,567.807,419.877
751,565.84,419.76,565.913,419.818,566.873,419.847,566.393,419.8,566.463,419.784,565.934,419.776,567.581,419.84
752,564.38,419.55,565.377,419.724,566.319,419.785,565.383,419.663,565.112,419.608,564.695,419.596,566.888,419.746
753,561.52,419.39,564.027,419.607,564.924,419.602,563.249,419.495,562.391,419.405,562.142,419.43,565.404,419.622
754,557.52,419.27,561.749,419.489,562.116,419.388,559.865,419.335,558.21,419.223,558.4,419.301,562.951,419.487
755,552.25,419.24,558.425,419.402,557.792,419.198,555.119,419.232,552.49,419.122,553.387,419.251,559.356,419.372
756,545.91,419.08,554.045,419.289,551.887,419.096,549.077,419.1,545.372,418.984,547.259,419.111,554.552,419.237
757,539.43,419.03,548.929,419.198,544.569,418.962,542.29,419.008,537.613,418.899,540.833,419.044,548.782,419.119
758,531.62,418.98,542.871,419.122,536.642,418.883,534.505,418.941,528.848,418.845,533.229,418.991,541.899,419.017
759,523.87,418.97,536.221,419.069,527.769,418.838,526.266,418.91,519.795,418.835,525.5,418.974,534.211,418.941
760,515.16,418.81,528.849,418.978,518.678,418.837,517.391,418.822,510.162,418.743,516.928,418.838,525.666,418.841
761,506.15,418.68,520.905,418.874,509.074,418.751,508.081,418.71,500.196,418.621,507.978,418.707,516.426,418.731
762,496.18,418.25,512.251,418.656,499.182,418.629,498.113,418.428,489.571,418.278,498.144,418.326,506.421,418.52
763,485.51,417.96,502.892,418.412,488.651,418.277,487.465,418.113,478.259,417.911,487.582,418.02,495.674,418.271
764,474.41,417.88,492.923,418.226,477.422,417.893,476.263,417.895,466.427,417.688,476.55,417.903,484.284,418.057
765,463.63,417.6,482.671,418.007,465.655,417.658,464.976,417.642,454.684,417.421,465.738,417.649,472.557,417.814
766,452.4,417.6,472.076,417.864,453.977,417.389,453.499,417.514,442.833,417.321,454.56,417.608,460.511,417.633
767,441.7,417.22,461.444,417.639,442.207,417.297,442.245,417.269,431.394,417.06,443.8,417.283,448.445,417.39
768,430.41,417.1,450.582,417.45,430.871,417.045,430.884,417.081,419.871,416.878,432.577,417.13,436.26,417.176
769,419.23,416.83,439.609,417.233,419.466,416.87,419.539,416.853,408.421,416.643,421.391,416.879,424.071,416.94
770,408.21,416.99,428.619,417.148,408.126,416.64,408.312,416.823,397.16,416.67,410.351,416.972,411.981,416.819
771,396.63,416.47,417.423,416.911,396.963,416.675,396.885,416.566,385.647,416.38,398.837,416.551,399.848,416.586
772,385.57,416.33,406.274,416.707,385.525,416.391,385.607,416.354,374.356,416.16,387.721,416.366,387.871,416.375
773,374.28,416.38,395.076,416.593,374.285,416.167,374.317,416.274,363.053,416.116,376.453,416.378,375.981,416.241
774,363.07,416.14,383.874,416.434,363.019,416.123,363.062,416.128,351.801,415.974,365.236,416.178,364.208,416.082
775,352.04,415.88,372.732,416.24,351.791,415.984,351.925,415.925,340.703,415.756,354.182,415.928,352.6,415.895
776,340.42,415.66,361.423,416.037,340.712,415.764,340.556,415.706,329.288,415.521,342.632,415.703,340.96,415.698
777,329.92,415.6,350.397,415.884,329.304,415.523,329.616,415.562,318.451,415.39,332.001,415.617,329.637,415.54
778,318.37,415.47,339.187,415.739,318.473,415.388,318.409,415.431,307.231,415.272,320.567,415.494,318.26,415.394
779,307.53,415.29,328.107,415.582,307.262,415.272,307.386,415.281,296.257,415.125,309.652,415.323,307.052,415.241
780,296.53,414.75,317.055,415.291,296.29,415.127,296.399,414.931,285.314,414.713,298.663,414.843,295.933,414.974
781,286.18,414.66,306.249,415.07,285.352,414.71,285.763,414.686,274.82,414.459,288.233,414.69,285.078,414.748
782,274.74,414.42,295.221,414.843,274.874,414.446,274.779,414.439,263.823,414.206,276.92,414.464,274.104,414.514
783,263.62,414.47,284.161,414.712,263.888,414.189,263.718,414.343,252.728,414.153,265.775,414.469,263.12,414.361
784,252.34,413.95,273.023,414.445,252.781,414.142,252.527,414.048,241.474,413.825,254.512,414.034,252.071,414.102
785,241.22,414.3,261.892,414.395,241.5,413.82,241.342,414.071,230.248,413.926,243.374,414.257,241.016,414.02
786,229.51,413.88,250.558,414.214,230.243,413.93,229.865,413.902,218.65,413.75,231.735,413.94,229.772,413.85
787,218.28,413.67,239.261,414.024,218.613,413.765,218.458,413.708,207.183,413.543,220.454,413.714,218.519,413.67
788,207.41,413.19,228.113,413.732,207.116,413.558,207.301,413.36,196.062,413.136,209.533,413.275,207.369,413.398
789,196.47,413.21,217.038,413.549,195.992,413.142,196.274,413.175,185.102,412.963,198.596,413.221,196.285,413.205
790,186.36,413.03,206.301,413.368,185.055,412.957,185.754,412.998,174.789,412.797,188.381,413.061,185.507,413.015
791,176.35,413,195.818,413.239,174.793,412.789,175.598,412.902,164.888,412.735,178.345,413.01,175.007,412.875
792,166.33,412.98,185.497,413.148,164.968,412.732,165.636,412.862,155.161,412.735,168.323,412.985,164.724,412.778
793,156.39,412.94,175.31,413.075,155.318,412.744,155.798,412.841,145.525,412.748,158.372,412.947,154.63,412.709
794,146.85,412.4,165.349,412.839,145.737,412.768,146.212,412.567,136.155,412.417,148.778,412.492,144.797,412.509
795,138.37,412.18,155.906,412.608,136.4,412.437,137.304,412.294,127.609,412.105,140.147,412.233,135.484,412.297
796,130.23,411.98,146.92,412.388,127.885,412.11,128.968,412.04,119.702,411.83,131.939,412.024,126.679,412.083
797,122.29,411.55,138.299,412.095,120.026,411.821,121.044,411.685,112.201,411.429,123.961,411.632,118.324,411.797
798,114.43,411.52,129.945,411.894,112.58,411.407,113.357,411.476,104.879,411.236,116.085,411.539,110.329,411.577
799,107.15,411.53,121.967,411.766,105.297,411.207,106.057,411.388,97.9496,411.196,108.719,411.532,102.768,411.423
800,100.52,411.48,114.46,411.666,98.3858,411.177,99.2827,411.343,91.5959,411.197,101.98,411.489,95.7205,411.306
801,95.58,411.27,107.852,411.528,92.0421,411.198,93.6622,411.235,86.627,411.101,96.7604,411.31,89.5667,411.171
802,92.47,411.27,102.468,411.437,87.1079,411.117,89.6574,411.189,83.5777,411.082,93.2956,411.278,84.655,411.081
803,89.77,411.06,98.024,411.305,84.1582,411.108,86.7893,411.071,81.7222,410.961,90.4583,411.103,80.8276,410.965
804,86.76,411.07,94.0816,411.223,82.4557,410.988,84.335,411.017,80.0917,410.925,87.4789,411.076,77.7204,410.893
805,84.66,411.1,90.784,411.18,80.9603,410.95,82.461,411.016,78.9648,410.952,85.2183,411.095,75.3963,410.86
806,81.7,411.1,87.6046,411.152,79.9026,410.976,80.3834,411.029,77.3345,410.989,82.3859,411.099,73.3678,410.851
807,79.69,411.11,84.8345,411.137,78.2532,411.014,78.5561,411.052,75.8924,411.032,80.2252,411.108,71.7846,410.86
808,77.65,411.08,82.3199,411.117,76.7108,411.057,76.804,411.057,74.4277,411.045,78.1622,411.086,70.4799,410.871
809,75.61,411.11,79.9715,411.115,75.1075,411.068,75.0409,411.079,72.8579,411.077,76.1177,411.105,69.3301,410.898
810,73.25,411.15,77.6189,411.127,73.3863,411.097,73.0613,411.115,70.9424,411.126,73.8166,411.141,68.1441,410.941
811,71.71,411.11,75.5508,411.121,71.3185,411.142,71.3405,411.118,69.3472,411.126,72.1333,411.116,67.1199,410.969
812,70.5,411,73.783,411.079,69.5929,411.138,69.9451,411.06,68.1403,411.048,70.8313,411.024,66.2816,410.963
813,68.26,411.28,71.85,411.149,68.3065,411.054,68.2024,411.168,66.4171,411.194,68.7706,411.229,65.24,411.046
814,67.5,411,70.3275,411.097,66.534,411.197,66.9788,411.093,65.3706,411.087,67.7597,411.047,64.4433,411.031
815,65.29,411.35,68.5644,411.186,65.4609,411.089,65.3288,411.223,63.7075,411.26,65.7812,411.29,63.3786,411.125
816,64.27,411.36,67.0613,411.247,63.7852,411.262,63.9992,411.312,62.4699,411.365,64.5774,411.346,62.4283,411.205
817,63.26,411.34,65.7309,411.279,62.5343,411.373,62.8797,411.352,61.4795,411.401,63.5289,411.341,61.5571,411.264
818,62.26,411.33,64.5161,411.297,61.549,411.412,61.8843,411.364,60.6118,411.402,62.5192,411.332,60.7366,411.305
819,61.29,411.35,63.3869,411.316,60.6986,411.41,60.9636,411.375,59.802,411.404,61.5412,411.346,59.9511,411.341
820,60.29,411.38,62.303,411.338,59.9066,411.407,60.0551,411.391,58.9733,411.416,60.5456,411.373,59.1711,411.376
821,60.5,411.5,61.672,411.395,59.0873,411.415,59.7651,411.46,58.933,411.499,60.5095,411.473,58.7509,411.437
822,82.92,411.68,69.1088,411.495,59.0652,411.496,71.3736,411.593,74.4641,411.661,79.808,411.651,65.3618,411.537
823,81.61,411.76,73.4842,411.587,75.0351,411.663,78.1703,411.712,82.4293,411.797,81.2468,411.738,70.493,411.639
824,80.27,411.64,75.8592,411.606,83.68,411.806,81.3094,411.716,85.2153,411.774,80.4698,411.66,74.2448,411.68
825,79.54,411.76,77.1475,411.66,86.6505,411.785,82.2719,411.767,85.2497,411.824,79.7311,411.739,76.9531,411.743
826,77.68,411.73,77.3339,411.684,86.3486,411.829,81.3237,411.775,83.0637,411.816,78.0915,411.732,78.41,411.778
827,77.56,411.8,77.413,411.725,83.534,411.816,80.2093,411.808,81.0492,411.846,77.6704,411.786,79.3493,411.821
828,76.62,411.67,77.1355,411.706,80.8718,411.842,78.752,411.755,78.8677,411.765,76.8353,411.694,79.6232,411.811
829,75.68,411.73,76.6261,411.714,78.2204,411.755,77.2144,411.747,76.8088,411.751,75.9164,411.723,79.3699,411.815
830,75.62,411.76,76.2739,411.73,75.9166,411.737,76.1922,411.756,75.5922,411.761,75.6818,411.752,78.9806,411.822
831,75.49,411.77,75.9996,411.744,74.6754,411.747,75.5392,411.766,74.9224,411.773,75.5301,411.766,78.4927,411.826
832,74.66,411.64,75.5307,411.708,74.1527,411.762,74.7863,411.704,74.1267,411.689,74.8389,411.666,77.7424,411.787
833,73.68,411.71,74.883,411.708,73.5778,411.68,73.895,411.7,73.1623,411.689,73.917,411.701,76.7597,411.774
834,73.65,411.71,74.4514,411.709,72.8208,411.68,73.4152,411.7,72.7623,411.692,73.7058,411.708,75.9039,411.761
835,73.65,411.7,74.1709,411.706,72.5931,411.686,73.2227,411.696,72.7149,411.69,73.6617,411.702,75.1892,411.746
836,73.62,411.72,73.9781,411.711,72.6907,411.687,73.1843,411.705,72.8245,411.704,73.6287,411.716,74.6012,411.739
837,73.62,411.75,73.8528,411.725,72.9103,411.704,73.2371,411.728,73.0074,411.734,73.6218,411.743,74.1401,411.743
838,73.59,411.75,73.7608,411.733,73.1621,411.737,73.3096,411.742,73.1751,411.751,73.5967,411.749,73.7825,411.746
839,73.59,411.75,73.701,411.739,73.3585,411.756,73.3903,411.75,73.3237,411.759,73.5914,411.75,73.5234,411.748
840,73.59,411.72,73.6622,411.733,73.5031,411.764,73.4618,411.739,73.4388,411.741,73.5903,411.726,73.3465,411.74
841,73.59,411.76,73.6369,411.742,73.5927,411.744,73.5172,411.751,73.5189,411.756,73.5901,411.753,73.2362,411.746
842,73.61,411.76,73.6275,411.748,73.637,411.758,73.5661,411.758,73.5827,411.764,73.6058,411.759,73.1842,411.751
843,73.62,411.73,73.6249,411.742,73.6637,411.765,73.6021,411.746,73.6247,411.747,73.617,411.736,73.1735,411.746
844,73.66,411.7,73.6372,411.727,73.6734,411.746,73.643,411.722,73.6715,411.715,73.651,411.708,73.2017,411.732
845,73.65,411.71,73.6417,411.721,73.6955,411.713,73.6603,411.713,73.6853,411.704,73.6502,411.709,73.2425,411.724
846,73.65,411.71,73.6446,411.717,73.6925,411.701,73.667,411.707,73.6861,411.7,73.65,411.71,73.2925,411.718
847,73.65,411.71,73.6465,411.715,73.6825,411.696,73.6674,411.705,73.6807,411.7,73.65,411.71,73.3461,411.713
848,73.65,411.72,73.6477,411.717,73.671,411.697,73.6648,411.71,73.673,411.708,73.65,411.718,73.3994,411.712
849,73.65,411.72,73.6485,411.718,73.661,411.707,73.6611,411.714,73.6656,411.714,73.65,411.72,73.4498,411.712
850,73.65,411.72,73.649,411.719,73.6538,411.714,73.6575,411.717,73.6594,411.718,73.65,411.72,73.4955,411.713
851,73.65,411.72,73.6494,411.719,73.6495,411.719,73.6545,411.719,73.6549,411.72,73.65,411.72,73.5354,411.713
852,73.65,411.72,73.6496,411.719,73.6474,411.722,73.6524,411.72,73.652,411.721,73.65,411.72,73.5692,411.714
853,73.68,411.72,73.6602,411.72,73.6469,411.723,73.6665,411.721,73.6707,411.721,73.6737,411.72,73.6062,411.715
854,73.68,411.71,73.6672,411.716,73.6683,411.723,73.6755,411.715,73.6812,411.715,73.6787,411.712,73.6358,411.713
855,74.36,411.52,73.9096,411.648,73.6813,411.715,74.0333,411.614,74.15,411.581,74.2194,411.56,73.8653,411.654
856,73.85,411.39,73.8888,411.557,74.1635,411.577,73.9944,411.482,74.062,411.418,73.9267,411.425,73.8963,411.566
857,71.36,411.07,73.0037,411.387,74.087,411.406,72.6606,411.237,72.2864,411.117,71.8684,411.14,73.1589,411.398
858,67.73,410.99,71.1579,411.248,72.2583,411.093,69.9233,411.051,68.8039,410.909,68.5256,411.019,71.4479,411.24
859,61.75,410.59,67.8651,411.018,68.6233,410.876,65.1455,410.744,62.8726,410.55,62.9867,410.668,68.2437,410.995
963,63.93,411.12,63.93,411.12,63.93,411.12,63.93,411.12,63.93,411.12,63.93,411.12,63.93,411.12
964,75.64,411.16,68.0285,411.134,63.93,411.12,74.8526,411.157,84.2407,411.189,73.7011,411.153,74.2139,411.155
965,61.72,411.21,65.8205,411.161,72.127,411.148,66.1271,411.206,65.2906,411.247,63.6826,411.201,66.5481,411.203
966,67.22,411.32,66.3103,411.216,67.1841,411.199,66.6333,411.298,66.3685,411.361,66.5375,411.297,66.8958,411.292
967,72.98,411.4,68.6447,411.281,67.4698,411.304,70.4675,411.385,71.6692,411.457,71.7981,411.381,70.3579,411.379
968,78.17,411.47,71.9786,411.347,71.5947,411.416,75.3829,411.464,77.7975,411.538,76.9957,411.454,74.8375,411.458
969,84.21,411.48,76.2596,411.394,77.5672,411.517,81.2789,411.507,84.7906,411.571,82.9018,411.475,80.1773,411.506
970,90.19,411.48,81.1352,411.424,84.902,411.566,87.643,411.523,92.0471,411.572,88.8698,411.479,85.9457,411.533
971,95.29,411.48,86.0894,411.443,92.617,411.573,93.7393,411.524,98.674,411.558,94.1067,411.48,91.6201,411.548
972,105.53,412,92.8936,411.638,99.5591,411.558,102.236,411.788,108.291,411.894,103.617,411.913,99.0881,411.743
973,117.44,412.04,101.485,411.779,109.344,411.899,113.038,411.97,120.589,412.1,115.22,412.02,108.341,411.894
974,129.3,412.07,111.22,411.881,121.811,412.117,125.108,412.084,134.084,412.21,127.049,412.062,118.835,412.012
975,140.62,412.37,121.51,412.052,135.472,412.232,137.475,412.293,147.52,412.444,138.432,412.32,130.052,412.191
976,151.66,412.57,132.063,412.233,148.992,412.467,149.668,412.51,160.391,412.682,149.514,412.529,141.698,412.384
977,163.52,412.74,143.073,412.411,161.806,412.705,162.014,412.712,173.249,412.894,161.278,412.706,153.887,412.58
978,175.41,412.88,154.391,412.575,174.486,412.916,174.37,412.887,185.958,413.066,173.153,412.852,166.459,412.766
979,187.21,412.96,165.877,412.71,186.955,413.084,186.607,413.011,198.4,413.173,184.962,412.943,179.248,412.925
980,198.29,412.98,177.222,412.804,199.141,413.184,198.343,413.073,210.118,413.203,196.132,412.974,191.926,413.044
981,209.64,413.03,188.568,412.883,210.604,413.203,209.87,413.113,221.567,413.216,207.459,413.021,204.532,413.138
982,221.51,413.21,200.098,412.998,221.817,413.202,221.537,413.213,233.225,413.314,219.263,413.18,217.182,413.253
983,233.27,413.75,211.708,413.261,233.298,413.294,233.248,413.54,244.943,413.713,231.029,413.659,229.79,413.495
984,244.41,413.58,223.154,413.373,244.912,413.701,244.667,413.644,256.274,413.795,242.245,413.593,242.135,413.625
985,256.19,414.4,234.716,413.732,256.189,413.795,256.231,414.109,267.824,414.358,253.956,414.271,254.429,413.963
986,267.6,414.47,246.226,413.99,267.718,414.373,267.708,414.416,279.265,414.684,265.403,414.438,266.547,414.242
987,279.35,414.51,257.819,414.172,279.164,414.717,279.309,414.594,290.88,414.833,277.115,414.498,278.609,414.46
988,290.45,414.62,269.24,414.329,290.799,414.867,290.657,414.723,302.158,414.927,288.291,414.6,290.417,414.649
989,302.25,414.81,280.793,414.497,302.097,414.948,302.206,414.867,313.721,415.052,300.014,414.776,302.225,414.836
990,313.49,415.01,292.237,414.677,313.676,415.056,313.601,415.03,325.079,415.209,311.313,414.972,313.862,415.026
991,324.75,415.15,303.617,414.842,325.049,415.2,324.909,415.178,336.333,415.347,322.578,415.121,325.364,415.199
992,336.3,415.54,315.056,415.087,336.305,415.333,336.316,415.447,347.734,415.648,334.093,415.473,336.849,415.436
993,347.96,415.61,326.572,415.27,347.707,415.635,347.851,415.628,359.307,415.822,345.735,415.588,348.358,415.628
994,359.01,415.71,337.926,415.424,359.289,415.817,359.153,415.764,370.56,415.94,356.858,415.69,359.706,415.791
995,370.28,416.04,349.25,415.64,370.549,415.936,370.415,415.992,381.776,416.184,368.11,415.983,370.994,416
996,381.95,416.21,360.695,415.839,381.76,416.181,381.866,416.198,393.256,416.394,379.728,416.174,382.36,416.2
997,393.02,416.44,372.009,416.049,393.239,416.395,393.134,416.418,404.485,416.622,390.866,416.397,393.615,416.409
998,404.3,416.53,383.311,416.218,404.469,416.626,404.389,416.574,415.71,416.763,402.128,416.508,404.846,416.584
999,415.65,416.58,394.629,416.344,415.691,416.767,415.679,416.668,426.99,416.827,413.467,416.568,416.084,416.718
1000,426.49,417.02,405.781,416.581,426.968,416.825,426.731,416.927,437.96,417.118,424.37,416.946,427.179,416.937
1001,437.98,417.07,417.05,416.752,437.931,417.113,437.97,417.093,449.203,417.276,435.786,417.05,438.357,417.11
1002,449.55,417.31,428.425,416.947,449.168,417.274,449.383,417.293,460.672,417.482,447.338,417.268,449.634,417.301
1003,460.47,417.81,439.641,417.249,460.647,417.481,460.567,417.652,471.824,417.894,458.336,417.722,460.799,417.586
1004,471.96,417.79,450.953,417.439,471.812,417.901,471.894,417.84,483.173,418.065,469.765,417.779,472.045,417.79
1005,483.5,418.07,462.344,417.66,483.168,418.078,483.343,418.068,494.675,418.293,481.291,418.023,483.375,418.018
1006,494.45,418.6,473.581,417.989,494.683,418.305,494.558,418.452,505.853,418.728,492.313,418.506,494.597,418.34
1007,505.83,418.67,484.868,418.227,505.869,418.743,505.841,418.698,517.133,418.964,503.648,418.644,505.859,418.599
1008,516.64,419.02,495.988,418.505,517.144,418.982,516.877,418.993,528.088,419.269,514.523,418.959,516.982,418.89
1009,528.25,419.04,507.28,418.692,528.086,419.284,528.172,419.15,539.409,419.388,526.042,419.027,528.235,419.105
1010,539.48,419.22,518.55,418.877,539.394,419.396,539.446,419.301,550.695,419.512,537.308,419.189,539.482,419.306
1011,550.5,419.51,529.732,419.098,550.681,419.507,550.594,419.511,561.811,419.721,548.358,419.458,550.66,419.529
1012,562.13,419.61,541.072,419.277,561.798,419.708,561.976,419.663,573.246,419.856,559.916,419.586,561.967,419.714
1013,573.38,419.81,552.38,419.464,573.238,419.839,573.315,419.832,584.607,420.017,571.205,419.774,573.265,419.898
1014,584.58,420.18,563.65,419.715,584.611,419.999,584.593,420.101,595.88,420.313,582.416,420.114,584.539,420.134
1015,596.09,420.49,575.004,419.986,595.892,420.3,595.989,420.405,607.31,420.645,593.889,420.43,595.887,420.395
1016,606.95,420.76,586.185,420.257,607.327,420.643,607.123,420.705,618.386,420.964,604.825,420.706,607.098,420.664
1017,618.29,420.87,597.422,420.471,618.399,420.973,618.336,420.915,629.583,421.159,616.114,420.844,618.34,420.889
1018,629.86,421.17,608.775,420.716,629.583,421.173,629.727,421.165,641.019,421.41,627.65,421.118,629.679,421.136
1019,640.69,421.48,619.945,420.983,641.016,421.422,640.848,421.446,652.087,421.703,638.567,421.421,640.873,421.404
1020,652.47,421.76,631.329,421.255,652.082,421.713,652.285,421.733,663.586,421.999,650.241,421.706,652.235,421.68
1021,664.13,422.23,642.809,421.596,663.582,422.008,663.868,422.119,675.258,422.423,661.903,422.146,663.7,422.019
1022,674.87,422.47,654.031,421.902,675.272,422.435,675.057,422.447,686.383,422.759,672.757,422.417,674.968,422.339
1023,686.51,422.68,665.398,422.174,686.407,422.775,686.449,422.718,697.796,423.017,684.299,422.638,686.343,422.632
1024,697.4,422.96,676.599,422.449,697.815,423.032,697.591,422.987,708.873,423.277,695.27,422.908,697.58,422.924
1025,708.65,423.23,687.817,422.723,708.881,423.285,708.757,423.253,720.003,423.534,706.485,423.178,708.812,423.211
1026,720.33,423.41,699.196,422.963,719.993,423.536,720.173,423.47,731.472,423.731,718.108,423.373,720.171,423.467
1027,731.15,423.59,710.38,423.183,731.456,423.726,731.305,423.658,742.552,423.896,729.027,423.555,731.374,423.697
1028,742.53,423.71,721.633,423.367,742.536,423.884,742.54,423.8,753.784,424.008,740.349,423.685,742.62,423.887
1029,753.51,424.08,732.79,423.617,753.765,423.988,753.642,424.045,764.84,424.265,751.372,424.016,753.78,424.123
1030,764.81,424.26,743.997,423.842,764.819,424.244,764.824,424.262,776.018,424.481,762.638,424.221,764.968,424.34
1031,775.54,424.56,755.037,424.093,775.994,424.465,775.77,424.522,786.885,424.754,773.434,424.505,776.009,424.577
1032,787.04,424.76,766.238,424.327,786.855,424.744,786.966,424.757,798.106,424.99,784.847,424.719,787.164,424.803
1033,798.31,424.96,777.463,424.548,798.073,424.987,798.212,424.974,809.386,425.202,796.135,424.921,798.348,425.018
1034,809.49,425.14,788.673,424.755,809.364,425.203,809.44,425.17,820.631,425.388,807.328,425.105,809.529,425.22
1035,820.53,425.54,799.823,425.03,820.625,425.389,820.579,425.467,831.753,425.709,818.387,425.469,820.665,425.477
1036,831.49,426.03,810.906,425.38,831.757,425.712,831.617,425.876,842.748,426.171,829.36,425.939,831.74,425.809
1037,842.48,426.18,821.957,425.66,842.749,426.182,842.609,426.176,853.697,426.472,840.347,426.141,842.776,426.097
1038,853.48,426.45,832.99,425.936,853.686,426.491,853.584,426.461,864.636,426.754,851.345,426.4,853.786,426.384
1039,864.26,426.63,843.935,426.179,864.614,426.773,864.441,426.69,875.432,426.962,862.153,426.592,864.709,426.642
1040,875.49,426.96,854.979,426.452,875.397,426.975,875.462,426.961,886.462,427.233,873.33,426.9,875.702,426.921
1041,886.7,427.19,866.081,426.711,886.422,427.238,886.586,427.211,897.625,427.476,884.536,427.143,886.75,427.187
1042,897.5,427.53,877.078,426.997,897.595,427.475,897.56,427.504,908.579,427.778,895.387,427.467,897.72,427.476
1043,907.78,427.88,887.824,427.306,908.563,427.775,908.164,427.831,919.052,428.122,905.739,427.812,908.469,427.786
1044,919.48,428.04,898.903,427.563,919.03,428.12,919.274,428.079,930.232,428.357,917.27,428.003,919.47,428.056
1045,929.55,428.29,909.63,427.818,930.204,428.357,929.878,428.322,940.725,428.589,927.524,428.243,930.189,428.319
1046,941.45,428.36,920.767,428.007,940.695,428.587,941.101,428.47,952.066,428.699,939.217,428.341,941.233,428.521
1047,951.51,428.5,931.527,428.18,952.041,428.692,951.778,428.596,962.652,428.792,949.482,428.474,951.989,428.697
1048,963.42,428.69,942.689,428.358,962.638,428.776,963.05,428.739,974.05,428.919,961.186,428.655,963.071,428.866
1049,973.5,429,953.473,428.583,974.048,428.895,973.765,428.961,984.675,429.154,971.47,428.943,973.867,429.069
1050,984.5,429.47,964.333,428.893,984.683,429.131,984.584,429.318,995.465,429.563,982.378,429.384,984.705,429.349
1051,995.5,429.5,975.241,429.106,995.464,429.552,995.483,429.53,1006.37,429.765,993.367,429.481,995.582,429.56
1052,1006.49,429.94,986.178,429.398,1006.36,429.767,1006.43,429.856,1017.34,430.119,1004.36,429.865,1006.49,429.837
1053,1017.5,430.5,997.141,429.784,1017.33,430.129,1017.42,430.316,1028.36,430.642,1015.36,430.397,1017.43,430.205
1054,1028.5,430.5,1008.12,430.034,1028.35,430.664,1028.43,430.568,1039.39,430.871,1026.36,430.483,1028.39,430.477
1055,1039.5,430.5,1019.1,430.197,1039.4,430.899,1039.45,430.678,1050.42,430.92,1037.36,430.497,1039.37,430.668
1056,1050.49,431.07,1030.09,430.503,1050.44,430.937,1050.46,430.998,1061.44,431.264,1048.36,430.977,1050.36,430.965
1057,1061.5,431,1041.08,430.677,1061.46,431.267,1061.47,431.127,1072.47,431.35,1059.36,430.996,1061.36,431.156
1058,1072.49,431.31,1052.07,430.898,1072.49,431.344,1072.48,431.329,1083.48,431.546,1070.36,431.259,1072.36,431.375
1059,1082.51,431.78,1062.73,431.207,1083.5,431.531,1082.98,431.667,1093.82,431.922,1080.5,431.694,1083.08,431.667
1060,1094.48,431.83,1073.84,431.425,1093.81,431.909,1094.16,431.874,1105.11,432.114,1092.24,431.808,1094.14,431.891
1061,1104.5,432,1084.57,431.626,1105.09,432.107,1104.79,432.055,1115.64,432.276,1102.48,431.968,1104.91,432.096
1062,1115.5,431.99,1095.4,431.754,1115.62,432.27,1115.57,432.128,1126.39,432.302,1113.38,431.986,1115.72,432.23
1063,1125.51,431.97,1105.94,431.829,1126.36,432.29,1125.94,432.13,1136.62,432.25,1123.5,431.973,1126.28,432.305
1064,1133.68,431.62,1115.65,431.756,1136.57,432.226,1135.09,431.923,1145.29,431.94,1131.93,431.68,1136.07,432.233
1065,1141.44,431.61,1124.67,431.705,1145.18,431.898,1143.3,431.769,1152.87,431.732,1139.79,431.622,1145.12,432.147
1066,1146.51,431.66,1132.32,431.689,1152.61,431.671,1149.57,431.695,1158.1,431.646,1145.28,431.653,1152.77,432.075
1067,1152.49,432.25,1139.38,431.885,1157.65,431.581,1155.19,431.959,1162.8,432.009,1151.18,432.142,1159.58,432.182
1068,1157.5,432.5,1145.72,432.101,1162.12,431.964,1160.05,432.264,1166.8,432.394,1156.33,432.434,1165.47,432.335
1069,1162.5,432.99,1151.59,432.412,1165.94,432.388,1164.57,432.703,1170.61,432.931,1161.36,432.887,1170.66,432.6
1070,1167.5,433,1157.16,432.618,1169.66,432.966,1169,432.967,1174.53,433.206,1166.36,432.979,1175.37,432.808
1071,1173.5,433.5,1162.88,432.927,1173.59,433.266,1174,433.358,1179.36,433.646,1172.2,433.405,1180.06,433.115
1072,1178.48,433.52,1168.34,433.134,1178.54,433.713,1178.9,433.58,1184.13,433.847,1177.32,433.499,1184.48,433.355
1073,1182.5,433.5,1173.3,433.262,1183.49,433.908,1183.28,433.667,1188.24,433.877,1181.52,433.5,1188.47,433.524
1074,1186.5,433.5,1177.92,433.345,1187.78,433.914,1187.34,433.681,1192.01,433.83,1185.56,433.5,1192.15,433.641
1075,1190.5,433.5,1182.32,433.4,1191.67,433.834,1191.23,433.659,1195.65,433.753,1189.56,433.5,1195.62,433.715
1076,1194.5,433.5,1186.58,433.435,1195.38,433.727,1195.05,433.622,1199.29,433.675,1193.56,433.5,1198.99,433.755
1077,1197.5,433.5,1190.4,433.458,1199.06,433.628,1198.36,433.584,1202.31,433.608,1196.74,433.5,1202.01,433.77
1078,1200.5,434,1193.94,433.647,1202.09,433.553,1201.37,433.812,1205.02,433.9,1199.77,433.903,1204.78,433.917
1079,1204.5,434,1197.63,433.771,1204.78,433.855,1204.75,433.952,1208.31,434.057,1203.6,433.982,1207.7,434.025
1080,1208.5,434,1201.44,433.851,1208.08,434.035,1208.41,434.027,1212,434.123,1207.57,433.996,1210.78,434.098
1081,1210.5,432.5,1204.61,433.378,1211.81,434.118,1211.22,433.281,1214.57,433.111,1209.93,432.794,1213.41,433.688
1082,1211.51,432.55,1207.02,433.088,1214.41,433.086,1212.98,432.82,1215.83,432.559,1211.19,432.6,1215.4,433.355
1083,1211.24,432.2,1208.5,432.777,1215.64,432.488,1213.45,432.373,1215.55,432.052,1211.23,432.283,1216.49,432.975
1084,1208.54,432.06,1208.51,432.526,1215.24,431.956,1211.91,432.056,1212.86,431.737,1209.07,432.104,1216.16,432.626
1085,1205.27,432.23,1207.38,432.423,1212.35,431.641,1208.93,431.993,1208.63,431.754,1206.01,432.206,1214.53,432.406
1086,1200.88,432.43,1205.1,432.425,1207.85,431.686,1204.61,432.105,1203.05,431.977,1201.85,432.388,1211.57,432.303
1087,1196.79,432.49,1202.19,432.448,1202.01,431.958,1199.81,432.243,1197.22,432.199,1197.75,432.471,1207.71,432.257
1088,1192.5,432.63,1198.8,432.512,1196.01,432.23,1194.77,432.423,1191.42,432.449,1193.49,432.6,1203.14,432.28
1089,1186.52,433.08,1194.5,432.711,1190.16,432.516,1188.88,432.776,1184.72,432.906,1187.79,432.993,1197.58,432.451
1090,1180.5,433.17,1189.6,432.871,1183.51,432.997,1182.53,433.043,1177.69,433.216,1181.82,433.138,1191.29,432.63
1091,1173.5,433,1183.97,432.916,1176.58,433.317,1175.51,433.104,1169.98,433.241,1174.98,433.024,1184.22,432.732
1092,1165.5,433,1177.5,432.946,1169,433.329,1167.66,433.116,1161.39,433.214,1167.15,433.004,1176.3,432.817
1093,1157.5,433,1170.5,432.965,1160.51,433.269,1159.37,433.103,1152.47,433.166,1159.17,433.001,1167.79,432.886
1094,1149.48,432.52,1163.14,432.809,1151.66,433.185,1150.92,432.831,1143.53,432.788,1151.16,432.603,1158.88,432.794
1095,1139.5,432.42,1154.87,432.673,1142.79,432.77,1141.44,432.597,1133.39,432.494,1141.45,432.451,1149.16,432.685
1096,1129.5,432.29,1145.99,432.539,1132.71,432.443,1131.37,432.388,1122.69,432.252,1131.48,432.317,1138.83,432.556
1097,1119.49,431.95,1136.71,432.333,1122.02,432.183,1121.03,432.095,1111.82,431.91,1121.48,432.011,1128.12,432.349
1098,1108.5,432,1126.84,432.216,1111.17,431.837,1110.1,431.957,1100.35,431.786,1110.62,432.002,1116.86,432.199
1099,1098.5,432,1116.92,432.141,1099.72,431.722,1099.39,431.897,1089.34,431.761,1100.51,432,1105.54,432.084
1100,1088.44,431.81,1106.95,432.025,1088.74,431.719,1088.87,431.786,1078.67,431.659,1090.44,431.842,1094.24,431.941
1101,1076.5,432,1096.29,432.016,1078.17,431.641,1077.55,431.836,1066.99,431.764,1078.73,431.975,1082.43,431.893
1102,1066.49,431.51,1085.86,431.839,1066.58,431.769,1066.73,431.632,1056.09,431.519,1068.51,431.587,1070.86,431.716
1103,1055.5,431,1075.24,431.545,1055.76,431.536,1055.79,431.25,1045.05,431.051,1057.62,431.096,1059.23,431.427
1104,1044.5,430.78,1064.48,431.277,1044.8,431.058,1044.77,430.911,1033.94,430.668,1046.63,430.831,1047.6,431.137
1105,1033.5,430.5,1053.64,431.005,1033.76,430.653,1033.71,430.581,1022.82,430.311,1035.63,430.554,1036,430.831
1106,1022.5,430.47,1042.74,430.818,1022.69,430.28,1022.65,430.393,1011.7,430.149,1024.63,430.484,1024.44,430.591
1107,1011.5,430.5,1031.8,430.707,1011.62,430.116,1011.6,430.331,1000.62,430.144,1013.63,430.497,1012.96,430.427
1108,1000.48,429.91,1020.84,430.428,1000.56,430.126,1000.55,430.023,989.542,429.798,1002.62,430.005,1001.53,430.137
1109,989.5,429.5,1009.87,430.103,989.501,429.793,989.52,429.643,978.51,429.37,991.632,429.582,990.191,429.799
1110,978.5,429.44,998.892,429.871,978.483,429.363,978.505,429.406,967.492,429.144,980.635,429.463,978.916,429.529
1111,968.49,429,988.251,429.566,967.477,429.133,968.01,429.069,957.161,428.783,970.499,429.077,968.003,429.203
1112,957.5,428.64,977.488,429.242,957.172,428.772,957.337,428.709,946.543,428.4,959.618,428.711,957.092,428.856
1113,946.51,428.53,966.646,428.993,946.59,428.385,946.526,428.467,935.727,428.179,948.642,428.559,946.179,428.57
1114,935.57,428.4,955.769,428.785,935.788,428.165,935.646,428.294,924.821,428.042,937.697,428.426,935.275,428.329
1115,925.42,428.3,945.147,428.615,924.873,428.037,925.132,428.176,914.405,427.966,927.446,428.321,924.615,428.134
1116,913.54,428.04,934.085,428.414,914.45,427.976,913.956,428.004,903.088,427.807,915.77,428.085,913.628,427.929
1117,903.41,427.96,923.348,428.255,903.117,427.828,903.255,427.886,892.44,427.714,905.447,427.981,902.896,427.767
1118,891.51,427.57,912.205,428.015,892.444,427.741,891.957,427.639,880.99,427.443,893.744,427.636,891.836,427.546
1119,881.44,427.21,901.437,427.733,880.97,427.468,881.223,427.322,870.329,427.088,883.469,427.28,881.06,427.285
1120,869.54,426.98,890.273,427.47,870.293,427.1,869.92,427.032,858.897,426.78,871.773,427.028,869.963,427.028
1121,859.46,426.85,879.489,427.253,858.853,426.777,859.189,426.816,848.258,426.576,861.49,426.879,859.152,426.808
1122,848.91,426.57,868.786,427.014,848.215,426.565,848.596,426.573,837.772,426.331,850.975,426.621,848.437,426.572
1123,837.55,426.27,857.853,426.754,837.76,426.32,837.657,426.3,826.796,426.048,839.721,426.327,837.551,426.316
1124,827.47,426.11,847.219,426.528,826.81,426.038,827.146,426.08,816.395,425.839,829.493,426.146,826.909,426.087
1125,816.47,425.73,836.457,426.249,816.427,425.831,816.434,425.782,805.696,425.523,818.591,425.798,816.189,425.813
1126,805.5,425.49,825.622,425.983,805.745,425.517,805.594,425.506,794.824,425.241,807.629,425.54,805.407,425.545
1127,794.83,425.2,814.845,425.709,794.869,425.235,794.827,425.22,784.058,424.949,796.923,425.256,794.664,425.268
1128,783.51,424.91,803.878,425.429,784.089,424.942,783.774,424.929,772.915,424.651,785.68,424.966,783.755,424.983
1129,772.75,424.75,792.983,425.192,772.923,424.644,772.829,424.702,761.944,424.441,774.859,424.785,772.878,424.732
1130,761.5,424.55,781.964,424.967,761.925,424.436,761.714,424.497,750.755,424.254,763.663,424.588,761.881,424.498
1131,750.84,424.42,771.071,424.776,750.716,424.255,750.799,424.34,739.855,424.124,752.936,424.447,750.966,424.298
1132,739.52,424.14,760.028,424.553,739.807,424.133,739.681,424.132,728.682,423.918,741.69,424.19,739.922,424.08
1133,729.22,423.82,749.245,424.297,728.635,423.933,728.961,423.867,718.05,423.638,731.271,423.881,729.082,423.834
1134,718.28,423.56,738.407,424.039,718.016,423.65,718.169,423.597,707.296,423.355,720.397,423.612,718.219,423.584
1135,707.46,423.41,727.576,423.819,707.289,423.361,707.381,423.383,696.534,423.15,709.57,423.443,707.373,423.362
1136,696.49,423.28,716.696,423.63,696.55,423.151,696.511,423.217,685.657,423.005,698.618,423.307,696.493,423.171
1137,685.34,422.97,705.721,423.399,685.683,423.007,685.493,422.987,674.587,422.769,687.493,423.025,685.531,422.95
1138,674.52,422.65,694.801,423.137,674.606,422.773,674.552,422.707,663.635,422.47,676.634,422.711,674.603,422.699
1139,663.38,422.45,683.804,422.896,663.641,422.471,663.503,422.46,652.544,422.219,665.53,422.492,663.605,422.462
1140,652.53,422.07,672.858,422.607,652.536,422.216,652.537,422.142,641.576,421.877,654.648,422.139,652.641,422.18
1141,641.35,421.76,661.83,422.311,641.557,421.869,641.459,421.816,630.461,421.532,643.505,421.821,641.605,421.884
1142,630.52,421.49,650.872,422.023,630.436,421.519,630.492,421.51,619.503,421.219,632.636,421.544,630.618,421.589
1143,619.17,421.2,639.776,421.735,619.478,421.203,619.33,421.209,608.288,420.915,621.346,421.256,619.516,421.291
1144,608.38,420.96,628.787,421.464,608.262,420.9,608.336,420.938,597.308,420.652,610.494,421.008,608.49,421.005
1145,596.97,420.73,617.651,421.207,597.283,420.64,597.133,420.692,586.05,420.418,599.153,420.775,597.342,420.734
1146,586.13,420.51,606.619,420.963,586.025,420.413,586.091,420.466,575.022,420.207,588.251,420.553,586.268,420.479
1147,574.8,419.97,595.482,420.615,574.998,420.209,574.907,420.084,563.801,419.786,576.974,420.064,575.109,420.138
1148,565.01,418.69,584.817,419.942,563.779,419.789,564.428,419.218,553.52,418.741,566.993,418.918,564.349,419.503
1149,556.5,417.5,574.906,419.087,553.521,418.719,555.065,418.097,544.644,417.417,558.286,417.741,554.308,418.657
1150,550.5,417.5,566.364,418.532,544.733,417.346,547.681,417.46,538.218,416.794,551.898,417.543,545.61,418.007
1151,544.5,417.5,558.712,418.171,538.492,416.69,541.476,417.16,533.04,416.609,545.838,417.508,537.99,417.527
1152,540.5,417.5,552.338,417.936,533.573,416.524,536.909,417.071,529.693,416.666,541.506,417.501,531.813,417.192
1153,536.5,417.5,546.794,417.783,530.499,416.636,533.223,417.099,527.12,416.83,537.448,417.5,526.756,416.975
1154,532.5,417.5,541.791,417.684,528.162,416.865,529.91,417.177,524.687,417.018,533.438,417.5,522.534,416.851
1155,528.5,417.5,537.139,417.62,525.861,417.106,526.665,417.268,522.065,417.188,529.437,417.5,518.906,416.8
1156,523,417.5,532.191,417.578,523.239,417.306,522.55,417.35,518.103,417.32,524.184,417.5,515.215,416.801
1157,518.5,417.5,527.399,417.551,519.13,417.444,518.309,417.414,513.927,417.414,519.563,417.5,511.689,416.838
1158,514.94,417.94,523.038,417.687,514.699,417.525,514.452,417.687,510.236,417.773,515.823,417.856,508.513,417.033
1159,511.58,418.45,519.028,417.954,510.752,417.868,510.933,418.124,506.937,418.321,512.395,418.336,505.619,417.371
1160,509.28,418.33,515.616,418.086,507.264,418.411,508.152,418.326,504.539,418.524,509.894,418.331,503.221,417.627
1161,505.8,418.47,512.18,418.22,504.773,418.606,505.193,418.496,501.786,418.686,506.589,418.443,500.814,417.885
1162,503.68,418.47,509.205,418.308,501.993,418.747,502.768,418.574,499.671,418.728,504.255,418.465,498.757,418.096
1163,501.63,418.44,506.554,418.354,499.881,418.762,500.687,418.579,497.91,418.686,502.152,418.445,496.962,418.253
1164,499.62,418.46,504.127,418.391,498.149,418.69,498.797,418.569,496.3,418.639,500.124,418.457,495.348,418.378
1165,497.75,418.6,501.895,418.464,496.573,418.618,497.052,418.619,494.792,418.683,498.224,418.571,493.881,418.512
1166,496.17,418.68,499.891,418.54,495.085,418.648,495.507,418.681,493.472,418.745,496.583,418.658,492.585,418.635
1167,494.35,418.64,497.952,418.575,493.768,418.71,493.927,418.69,492.036,418.737,494.797,418.644,491.318,418.71
1168,492.67,418.65,496.103,418.601,492.316,418.707,492.365,418.692,490.577,418.724,493.097,418.649,490.086,418.762
1169,490.94,418.46,494.296,418.552,490.821,418.699,490.765,418.587,489.037,418.576,491.372,418.498,488.839,418.734
1170,489.6,418.44,492.652,418.513,489.232,418.552,489.329,418.505,487.693,418.472,489.958,418.452,487.675,418.695
1171,488.23,418.57,491.105,418.533,487.841,418.446,487.972,418.523,486.423,418.506,488.58,418.546,486.549,418.693
1172,486.75,418.37,489.58,418.476,486.539,418.483,486.593,418.435,485.098,418.396,487.119,418.406,485.405,418.625
1173,485.77,418.38,488.247,418.442,485.19,418.379,485.446,418.388,484.061,418.346,486.045,418.385,484.382,418.567
1174,484.33,418.19,486.876,418.354,484.141,418.332,484.201,418.265,482.86,418.197,484.677,418.229,483.305,418.459
1175,482.14,417.8,485.218,418.16,482.935,418.185,482.486,417.991,481.028,417.859,482.644,417.885,481.944,418.251
1176,477.83,417.54,482.632,417.943,481.078,417.84,479.369,417.693,477.388,417.509,478.743,417.605,479.698,418.003
1177,471.57,417.4,478.761,417.753,477.344,417.477,474.37,417.452,471.437,417.25,472.87,417.437,476.133,417.764
1178,464.26,417.27,473.685,417.584,471.193,417.21,467.715,417.26,463.608,417.061,465.78,417.3,471.19,417.539
1179,456.11,417.23,467.534,417.46,463.076,417.024,459.719,417.149,454.386,416.977,457.784,417.242,464.907,417.356
1180,447.16,417.13,460.403,417.345,453.549,416.952,450.638,417.056,444.124,416.91,448.967,417.149,457.35,417.191
1181,438.32,417,452.674,417.224,443.033,416.902,441.114,416.957,433.65,416.825,440.131,417.025,448.865,417.034
1182,428.62,416.82,444.255,417.083,432.412,416.831,431.041,416.822,422.755,416.69,430.547,416.854,439.454,416.868
1183,418.52,416.91,435.248,417.022,421.493,416.704,420.559,416.804,411.58,416.707,420.514,416.901,429.263,416.777
1184,407.24,416.67,425.445,416.899,410.389,416.726,409.329,416.688,399.64,416.585,409.393,416.707,418.173,416.648
1185,396.08,416.52,415.167,416.766,398.567,416.606,397.794,416.551,387.523,416.438,398.237,416.55,406.486,416.514
1186,384.04,416.3,404.273,416.603,386.579,416.454,385.717,416.366,374.876,416.231,386.305,416.34,394.142,416.354
1187,372.18,416.12,393.04,416.434,374.057,416.237,373.478,416.173,362.197,416.019,374.436,416.155,381.412,416.185
1188,360.79,415.79,381.753,416.209,361.491,416.015,361.467,415.9,349.956,415.709,362.987,415.849,368.602,415.964
1189,349.95,415.73,370.622,416.041,349.372,415.694,349.953,415.72,338.441,415.532,352.072,415.749,355.978,415.782
1190,338.39,415.61,359.341,415.89,338.009,415.511,338.414,415.572,326.894,415.397,340.593,415.632,343.359,415.617
1191,327.52,415.51,348.203,415.757,326.623,415.379,327.219,415.456,315.8,415.299,329.647,415.53,331.01,415.471
1192,316.45,415.13,337.09,415.538,315.675,415.289,316.137,415.211,304.825,415.027,318.592,415.195,318.865,415.256
1193,306,415.36,326.208,415.475,304.821,415.023,305.435,415.2,294.315,415.07,308.066,415.333,307.107,415.169
1194,294.5,414.79,315.11,415.236,294.404,415.072,294.411,414.925,283.321,414.749,296.688,414.878,295.369,414.946
1195,283.62,414.57,304.089,415.003,283.465,414.755,283.476,414.656,272.436,414.451,285.746,414.62,283.846,414.715
1196,272.44,414.43,293.012,414.802,272.587,414.45,272.438,414.44,261.398,414.232,274.596,414.461,272.416,414.505
1197,261.36,414.49,281.934,414.693,261.528,414.223,261.378,414.366,250.332,414.2,263.508,414.485,261.093,414.372
1198,250.13,414.44,270.802,414.604,250.425,414.193,250.227,414.324,239.148,414.197,252.295,414.447,249.812,414.271
1199,238.74,413.93,259.581,414.368,239.2,414.203,238.936,414.059,227.79,413.888,240.927,414.013,238.515,414.055
1200,227.52,413.73,248.359,414.145,227.8,413.898,227.65,413.806,216.46,413.61,229.688,413.776,227.253,413.837
1201,216.33,413.29,237.149,413.846,216.434,413.612,216.393,413.444,205.181,413.195,218.492,413.369,216.027,413.546
1202,205.39,413.11,226.033,413.588,205.135,413.184,205.289,413.151,194.112,412.888,207.521,413.152,204.904,413.275
1203,194.25,413.03,214.909,413.393,194.067,412.866,194.184,412.962,183.029,412.722,196.402,413.05,193.802,413.053
1204,183.34,412.98,203.86,413.248,182.999,412.699,183.19,412.856,172.086,412.659,185.466,412.991,182.781,412.883
1205,171.61,412.8,192.572,413.091,172.079,412.647,171.839,412.732,160.658,412.558,173.834,412.831,171.575,412.714
1206,161.16,412.76,181.578,412.975,160.66,412.562,160.918,412.663,149.819,412.521,163.237,412.772,160.6,412.589
1207,149.38,412.53,170.309,412.82,149.825,412.539,149.591,412.526,138.42,412.386,151.604,412.569,149.41,412.442
1208,137.55,412.48,158.843,412.701,138.429,412.41,137.969,412.435,126.655,412.31,139.798,412.494,138.024,412.328
1209,125.73,412.45,147.254,412.613,126.64,412.335,126.175,412.383,114.71,412.281,127.979,412.457,126.481,412.248
1210,115.16,412.1,136.021,412.433,114.654,412.306,114.944,412.187,103.552,412.056,117.255,412.158,115.194,412.097
1211,103.49,412.02,124.635,412.289,103.477,412.075,103.52,412.037,92.1185,411.9,105.703,412.042,103.789,411.967
1212,95.1,411.6,114.298,412.048,92.0558,411.908,93.6648,411.745,82.7509,411.558,96.9033,411.675,93.2844,411.752
1213,89.45,411.31,105.601,411.789,82.7593,411.553,86.2253,411.43,76.4069,411.203,90.7964,411.376,84.3502,411.506
1214,84.5,410.5,98.2157,411.338,76.6241,411.182,80.6043,410.838,72.1093,410.497,85.6621,410.662,76.8955,411.079
1215,80.5,409,92.0152,410.52,72.6567,410.455,76.4611,409.72,69.3382,409.134,81.4703,409.312,70.8917,410.295
1216,76.5,408,86.5849,409.638,70.2417,409.051,73.0526,408.546,67.101,407.774,77.4392,408.248,66.0037,409.377
1217,74.74,406.96,82.4392,408.701,68.2858,407.638,71.0629,407.352,66.3604,406.447,75.2733,407.214,62.6199,408.349
1218,74.5,406.5,79.6605,407.93,67.7187,406.276,70.5819,406.474,67.2106,405.578,74.6591,406.647,60.8307,407.421
1219,74.5,407,77.8543,407.605,68.6714,405.41,70.9912,406.316,68.8118,405.652,74.533,406.927,60.3065,406.878
1220,74.5,408,76.6803,407.743,70.3135,405.545,71.7619,406.87,70.5128,406.59,74.5068,407.78,60.6905,406.81
1221,74.5,408.5,75.9172,408.008,71.9718,406.603,72.5807,407.581,71.9836,407.613,74.5014,408.351,61.6866,406.977
1222,73.5,408.5,75.0712,408.18,73.3066,407.762,72.7701,408.073,72.4209,408.251,73.7053,408.47,62.7525,407.174
1223,74,408.5,74.6963,408.292,73.5127,408.489,73.2399,408.38,73.149,408.598,73.9387,408.494,64.2136,407.381
1224,74.5,408.5,74.6276,408.365,73.9632,408.855,73.8497,408.547,73.9797,408.75,74.3838,408.499,65.8991,407.584
1225,75.5,410.5,74.9329,409.112,74.5458,408.966,74.7682,409.657,75.1468,410.146,75.2775,410.101,67.8303,408.382
1226,75.14,411.67,75.0054,410.007,75.528,410.329,75.1433,410.936,75.5208,411.674,75.1679,411.352,69.4702,409.404
1227,75.74,411.06,75.2625,410.376,75.7614,411.864,75.6345,411.356,76.0478,411.993,75.6219,411.12,71.0933,410.05
1228,76.4,410.76,75.6606,410.51,76.1739,412.165,76.2305,411.353,76.7014,411.789,76.2399,410.834,72.6691,410.462
1229,77.03,409.95,76.1399,410.314,76.7553,411.885,76.8718,410.835,77.3965,410.97,76.8685,410.131,74.1544,410.519
1230,76.92,408.44,76.4129,409.658,77.416,410.953,77.1494,409.658,77.5961,409.379,76.9096,408.782,75.3068,410.069
1231,74.81,407.67,75.8519,408.962,77.5921,409.229,76.1511,408.493,76.1423,407.934,75.228,407.891,75.5532,409.436
1232,71.95,407.96,74.4862,408.612,76.0688,407.671,73.968,407.948,73.2736,407.394,72.5913,407.947,74.8167,408.991
1233,68.44,408.73,72.3701,408.653,73.0533,407.094,70.7667,408.087,69.2818,407.751,69.2374,408.58,73.0863,408.86
1234,64.39,408.9,69.577,408.739,68.8679,407.518,66.7447,408.347,64.4599,408.199,65.3101,408.839,70.406,408.814
1235,60.29,409.37,66.3266,408.96,63.8547,408.091,62.2972,408.806,59.3305,408.85,61.2397,409.27,66.9769,408.929
1236,76.53,409.86,69.8978,409.275,58.5851,408.869,68.2509,409.374,68.0968,409.583,74.1635,409.769,69.1705,409.181
1237,67.6,410.72,69.0936,409.781,67.6593,409.701,67.8391,410.173,67.6038,410.567,68.7906,410.547,68.373,409.654
1238,57.44,411.16,65.0148,410.264,67.7195,410.751,62.3324,410.875,60.435,411.367,59.34,411.057,64.6904,410.173
1384,58.64,411,58.64,411,58.64,411,58.64,411,58.64,411,58.64,411,58.64,411
1385,71.67,411.21,63.2005,411.074,58.64,411,70.7938,411.196,81.2402,411.364,69.5625,411.176,70.0831,411.184
1386,61.15,411.36,62.4828,411.174,67.761,411.147,65.0815,411.361,66.4067,411.527,62.6216,411.328,65.3293,411.351
1387,67.25,411.27,64.1513,411.207,65.7393,411.338,66.9935,411.348,68.5687,411.438,66.3769,411.281,67.157,411.35
1388,73.02,411.4,67.2554,411.275,68.0806,411.375,71.3284,411.415,73.8908,411.496,71.8052,411.378,71.2424,411.418
1389,79.18,411.48,71.429,411.347,73.1241,411.463,76.9124,411.487,80.4616,411.566,77.8473,411.462,76.4746,411.492
1390,85.14,411.43,76.2278,411.376,79.9371,411.551,83.0015,411.492,87.3512,411.547,83.8191,411.436,82.1597,411.508
1391,91.17,411.4,81.4576,411.384,87.3641,411.546,89.3686,411.47,94.3494,411.501,89.8399,411.406,88.1082,411.502
1392,98.01,411.51,87.2509,411.428,94.8538,411.499,96.2596,411.506,101.839,411.538,96.5551,411.492,94.5183,411.537
1393,107.49,411.95,94.3346,411.611,102.65,411.533,104.775,411.752,111.278,411.852,105.641,411.872,102.174,411.717
1394,119.12,412.03,103.009,411.758,112.256,411.853,115.347,411.944,123.132,412.073,116.942,412.005,111.408,411.872
1395,129.58,412.1,112.309,411.877,124.247,412.089,126.477,412.087,135.318,412.221,127.508,412.084,121.37,412.006
1396,141.27,412.47,122.445,412.085,136.539,412.244,138.405,412.35,148.22,412.524,139.057,412.408,132.245,412.219
1397,151.72,412.47,132.692,412.22,149.476,412.551,150.035,412.496,160.422,412.661,149.645,412.46,143.401,412.377
1398,163.45,412.59,143.457,412.349,161.619,412.689,161.993,412.624,172.875,412.778,161.232,412.569,155.132,412.528
1399,175.17,412.86,154.557,412.528,173.921,412.798,174.065,412.821,185.323,412.988,172.937,412.813,167.271,412.718
1400,185.63,412.96,165.432,412.679,186.182,413,185.482,412.973,196.79,413.136,183.551,412.936,179.296,412.888
1401,197.51,413.02,176.659,412.798,197.432,413.143,197.163,413.076,208.589,413.219,195.273,413.007,191.603,413.028
1402,209.35,413.1,188.101,412.904,209.013,413.22,208.984,413.157,220.534,413.282,207.1,413.085,204.076,413.15
1403,220.74,413.53,199.525,413.123,220.791,413.274,220.641,413.41,232.224,413.575,218.543,413.458,216.496,413.362
1404,232.15,413.88,210.944,413.388,232.364,413.568,232.186,413.733,243.757,413.948,229.957,413.812,228.833,413.626
1405,243.58,413.97,222.366,413.592,243.813,413.952,243.665,413.959,255.208,414.178,241.385,413.945,241.069,413.85
1406,255.29,414.14,233.89,413.784,255.206,414.193,255.25,414.158,266.806,414.37,253.06,414.109,253.278,414.063
1407,266.36,413.98,245.254,413.852,266.774,414.387,266.575,414.168,278.058,414.316,264.205,414.001,265.247,414.168
1408,278.12,414.49,256.757,414.076,278.011,414.323,278.09,414.406,289.583,414.583,275.889,414.412,277.212,414.386
1409,289.44,414.5,268.196,414.224,289.531,414.58,289.509,414.54,300.979,414.703,287.254,414.486,289.028,414.546
1410,300.66,414.63,279.559,414.366,300.932,414.697,300.813,414.665,312.231,414.816,298.492,414.607,300.685,414.694
1411,312.32,414.76,291.025,414.504,312.189,414.807,312.277,414.787,323.709,414.929,310.1,414.735,312.342,414.834
1412,324.15,415.25,302.619,414.765,323.673,414.918,323.938,415.096,335.442,415.29,321.903,415.168,324.05,415.076
1413,335.53,415.48,314.138,415.015,335.426,415.285,335.488,415.389,347.006,415.614,333.335,415.43,335.663,415.323
1414,347.33,415.55,325.755,415.202,347.013,415.622,347.174,415.581,358.746,415.796,345.09,415.531,347.327,415.525
1415,358.88,415.65,337.349,415.359,358.77,415.811,358.815,415.72,370.409,415.911,356.665,415.631,358.956,415.698
1416,370.31,416.05,348.885,415.601,370.445,415.924,370.358,415.983,381.935,416.197,368.112,415.982,370.52,415.937
1417,381.98,416.36,360.468,415.867,381.971,416.205,381.958,416.282,393.543,416.522,379.755,416.299,382.106,416.203
1418,392.75,416.33,371.767,416.029,393.571,416.532,393.132,416.422,404.587,416.632,390.633,416.325,393.437,416.388
1419,404.24,416.58,383.133,416.222,404.591,416.64,404.407,416.605,415.805,416.805,402.047,416.539,404.78,416.589
1420,414.95,416.7,394.269,416.389,415.776,416.807,415.362,416.751,426.62,416.934,412.844,416.674,415.902,416.766
1421,426.31,417.02,405.483,416.61,426.559,416.929,426.459,416.979,437.667,417.176,424.134,416.964,427.047,416.982
1422,437.77,417.06,416.784,416.767,437.58,417.168,437.72,417.116,448.945,417.294,435.573,417.045,438.248,417.147
1423,448.53,417.48,427.895,417.017,448.859,417.286,448.73,417.391,459.886,417.599,446.418,417.409,449.29,417.385
1424,459.96,417.44,439.118,417.165,459.812,417.594,459.925,417.517,471.093,417.699,457.774,417.435,460.41,417.543
1425,471.5,417.64,450.451,417.331,471.034,417.697,471.304,417.669,482.539,417.842,469.292,417.607,471.633,417.709
1426,482.41,418.03,461.637,417.576,482.508,417.837,482.472,417.939,493.686,418.143,480.278,417.961,482.755,417.939
1427,493.92,418.12,472.936,417.766,493.68,418.141,493.808,418.131,505.06,418.331,491.722,418.094,493.976,418.131
1428,504.62,418.81,484.025,418.132,505.069,418.333,504.832,418.58,516.012,418.858,502.516,418.693,505.036,418.474
1429,516,418.69,495.217,418.327,516.024,418.87,516.006,418.771,527.184,419.022,513.822,418.691,516.171,418.694
1430,526.87,418.97,506.295,418.552,527.187,419.042,527.021,418.995,538.148,419.237,524.746,418.925,527.217,418.932
1431,538.15,419.2,517.444,418.779,538.14,419.254,538.149,419.218,549.276,419.454,535.982,419.155,538.315,419.17
1432,548.53,419.44,528.324,419.01,549.258,419.464,548.889,419.447,559.895,419.681,546.469,419.393,549.187,419.41
1433,559.71,419.67,539.309,419.241,559.862,419.684,559.799,419.675,570.774,419.907,557.562,419.625,560.117,419.648
1434,570.39,419.92,550.188,419.479,570.723,419.907,570.575,419.914,581.487,420.148,568.294,419.872,570.95,419.891
1435,581.01,420.28,560.975,419.759,581.427,420.145,581.24,420.217,592.074,420.472,578.928,420.213,581.689,420.172
1436,592,420.54,571.834,420.032,592.006,420.472,592.036,420.507,602.858,420.774,589.873,420.487,592.468,420.451
1437,602.57,420.68,582.592,420.259,602.789,420.779,602.709,420.725,613.484,420.977,600.49,420.648,603.159,420.693
1438,613.17,420.93,593.294,420.494,613.422,420.982,613.321,420.953,624.045,421.196,611.092,420.884,613.791,420.937
1439,624.39,421.11,604.178,420.71,623.988,421.199,624.224,421.152,635.004,421.381,622.235,421.073,624.569,421.161
1440,634.82,421.35,614.902,420.934,634.961,421.379,634.909,421.365,645.659,421.59,632.754,421.305,635.232,421.387
1441,646.37,421.52,625.916,421.139,645.635,421.584,646.028,421.553,656.894,421.767,644.175,421.485,646.143,421.594
1442,656.94,421.69,636.774,421.332,656.894,421.758,656.918,421.727,667.792,421.928,654.852,421.657,656.962,421.786
1443,668.56,421.84,647.899,421.51,667.817,421.917,668.19,421.882,679.19,422.068,666.354,421.81,668.023,421.96
1444,680.41,422.41,659.278,421.825,679.238,422.056,679.823,422.246,691.022,422.488,678.163,422.314,679.352,422.248
1445,691.33,422.65,670.496,422.114,691.107,422.481,691.182,422.572,702.431,422.841,689.192,422.595,690.613,422.53
1446,702.65,422.87,681.75,422.378,702.547,422.847,702.545,422.856,713.83,423.129,700.475,422.826,701.93,422.8
1447,714.42,423.26,693.185,422.687,713.947,423.145,714.136,423.197,725.518,423.492,712.186,423.19,713.422,423.11
1448,725.24,423.37,704.404,422.926,725.627,423.512,725.374,423.429,736.71,423.704,723.116,423.341,724.763,423.367
1449,736.62,423.62,715.68,423.169,736.799,423.722,736.663,423.66,747.985,423.922,734.439,423.575,736.141,423.622
1450,747.51,423.89,726.82,423.421,748.04,423.932,747.739,423.905,758.983,424.161,745.383,423.839,747.395,423.881
1451,758.93,424.22,738.059,423.701,758.999,424.163,758.955,424.192,770.191,424.457,756.744,424.158,758.707,424.163
1452,770.52,424.52,749.42,423.988,770.175,424.455,770.361,424.49,781.651,424.766,768.306,424.462,770.114,424.453
1453,781.5,424.75,760.648,424.254,781.627,424.764,781.573,424.758,792.837,425.031,779.358,424.703,781.413,424.728
1454,792.76,424.89,771.887,424.477,792.817,425.031,792.797,424.958,804.049,425.208,790.592,424.86,792.705,424.963
1455,803.52,425.06,782.959,424.681,804.031,425.206,803.775,425.131,814.94,425.357,801.411,425.027,803.838,425.175
1456,815.47,425.21,794.338,424.866,814.916,425.349,815.215,425.281,826.467,425.483,813.221,425.181,815.203,425.362
1457,826,425.64,805.419,425.137,826.444,425.468,826.225,425.564,837.401,425.792,823.911,425.565,826.328,425.615
1458,837.47,426.01,816.637,425.443,837.384,425.777,837.437,425.905,848.624,426.168,835.283,425.938,837.54,425.904
1459,847.54,426.16,827.453,425.694,848.607,426.163,848.062,426.164,859.071,426.426,845.517,426.123,848.402,426.157
1460,859.45,426.41,838.652,425.944,859.039,426.43,859.268,426.418,870.34,426.677,857.216,426.364,859.537,426.409
1461,869.53,426.8,849.459,426.244,870.293,426.685,869.92,426.741,880.859,427.02,867.5,426.728,870.347,426.703
1462,880.49,426.85,860.32,426.456,880.807,427.03,880.668,426.932,891.547,427.184,878.373,426.83,881.159,426.928
1463,890.47,426.93,870.873,426.622,891.481,427.192,890.988,427.052,901.691,427.262,888.467,426.913,891.683,427.105
1464,898.45,426.55,880.525,426.597,901.605,427.26,900.01,426.893,910.183,426.986,896.732,426.613,901.37,427.104
1465,904.38,425.79,888.874,426.314,910.027,426.962,907.173,426.366,916.397,426.264,903.005,425.938,909.762,426.842
1466,908.87,425.48,895.873,426.022,916.073,426.199,912.493,425.857,920.486,425.627,907.777,425.565,916.684,426.511
1467,912.46,425.48,901.678,425.833,919.901,425.519,916.324,425.551,923.004,425.297,911.566,425.496,922.182,426.226
1468,915.21,426.02,906.414,425.898,922.121,425.171,918.962,425.672,924.368,425.536,914.501,425.918,926.332,426.152
1469,917.77,426.7,910.389,426.179,923.224,425.436,920.946,426.14,925.273,426.194,917.13,426.547,929.412,426.3
1470,921.14,427.6,914.152,426.676,923.965,426.162,923.129,426.923,926.781,427.208,920.368,427.397,931.965,426.698
1471,923.52,428,917.431,427.14,925.455,427.263,925.089,427.619,928.207,428.032,922.901,427.882,933.895,427.144
1472,925.59,428.18,920.286,427.504,927.003,428.16,926.85,428.109,929.54,428.547,925.056,428.121,935.32,427.554
1473,927.68,428.32,922.874,427.789,928.53,428.703,928.575,428.429,930.961,428.83,927.159,428.28,936.433,427.915
1474,929.51,428.22,925.197,427.94,930.168,428.968,930.208,428.514,932.357,428.815,929.04,428.232,937.302,428.158
1475,930.5,428.5,927.053,428.136,931.771,428.901,931.394,428.652,933.239,428.901,930.203,428.445,937.797,428.415
1476,931.49,427.85,928.606,428.036,932.813,428.927,932.332,428.356,933.891,428.434,931.228,427.971,938.057,428.401
1477,931.5,427.87,929.619,427.978,933.564,428.4,932.651,428.141,933.819,428.127,931.443,427.891,937.895,428.368
1478,932.5,428,930.627,427.986,933.532,428.04,933.135,428.061,934.087,428.026,932.284,427.978,937.748,428.359
1479,933.52,428.28,931.64,428.089,933.81,427.917,933.793,428.158,934.653,428.164,933.268,428.218,937.679,428.418
1480,935.5,428.37,932.991,428.187,934.401,428.068,935.092,428.271,936.09,428.311,935.054,428.34,938.013,428.48
1481,936.5,428.5,934.219,428.297,935.906,428.249,936.303,428.409,937.368,428.48,936.206,428.467,938.416,428.556
1482,937.53,428.41,935.378,428.336,937.277,428.455,937.452,428.444,938.544,428.503,937.26,428.422,938.909,428.579
1483,939.5,428.44,936.821,428.373,938.529,428.504,939.04,428.47,940.288,428.52,939.052,428.436,939.778,428.595
1484,941.48,428.46,938.451,428.403,940.334,428.53,940.906,428.489,942.349,428.528,940.996,428.455,940.97,428.604
1485,941.55,428.48,939.536,428.43,942.455,428.54,941.935,428.503,943.247,428.535,941.435,428.475,941.847,428.609
1486,943.47,428.51,940.913,428.458,943.37,428.542,943.363,428.522,944.711,428.549,943.062,428.503,943.026,428.615
1487,943.5,428.51,941.818,428.476,944.807,428.552,944.083,428.529,945.234,428.55,943.409,428.509,943.879,428.613
1488,943.5,428.51,942.407,428.488,945.28,428.549,944.335,428.529,945.202,428.544,943.481,428.51,944.453,428.607
1489,943.52,428.51,942.797,428.496,945.16,428.539,944.33,428.526,944.922,428.535,943.512,428.51,944.809,428.597
1490,943.52,428.51,943.05,428.501,944.782,428.529,944.195,428.522,944.558,428.527,943.518,428.51,944.988,428.586
1491,943.51,428.52,943.211,428.507,944.341,428.52,944.014,428.523,944.206,428.527,943.512,428.518,945.033,428.577
1492,943.51,428.51,943.316,428.508,943.949,428.52,943.845,428.518,943.923,428.519,943.51,428.512,944.983,428.565
1493,943.51,428.5,943.384,428.505,943.665,428.513,943.709,428.509,943.719,428.507,943.51,428.502,944.871,428.55
1494,943.51,428.49,943.428,428.5,943.492,428.502,943.611,428.498,943.587,428.493,943.51,428.493,944.721,428.535
1495,943.47,428.38,943.443,428.458,943.409,428.489,943.526,428.434,943.483,428.411,943.478,428.404,944.541,428.488
1496,941.52,428.06,942.77,428.319,943.36,428.406,942.465,428.229,942.101,428.148,941.913,428.129,943.766,428.352
1497,938.86,427.69,941.401,428.099,941.992,428.135,940.42,427.91,939.526,427.755,939.46,427.776,942.3,428.13
1498,933.59,427.55,938.667,427.907,939.352,427.726,936.447,427.649,934.583,427.459,934.68,427.592,939.497,427.91
1499,928.55,427.51,935.126,427.768,934.245,427.416,931.454,427.486,928.603,427.305,929.685,427.525,935.703,427.725
1500,922.19,427.44,930.599,427.653,928.032,427.26,925.277,427.375,921.377,427.216,923.541,427.455,930.751,427.564
1501,914.83,427.43,925.08,427.575,920.577,427.183,917.981,427.327,913.011,427.203,916.365,427.434,924.617,427.442
1502,908.33,427.41,919.217,427.517,912.02,427.189,910.583,427.31,904.847,427.22,909.765,427.414,917.854,427.351
1503,900.49,427.3,912.663,427.441,903.754,427.226,902.587,427.262,896.139,427.185,902.108,427.32,910.262,427.257
1504,892.44,426.96,905.585,427.273,895.048,427.204,894.22,427.068,887.167,426.954,894.114,427.022,902.015,427.09
1505,882.49,426.87,897.502,427.132,886.148,426.975,884.741,426.911,876.923,426.783,884.432,426.895,892.745,426.94
1506,872.5,426.69,888.751,426.977,875.992,426.794,874.629,426.735,866.088,426.592,874.482,426.724,882.716,426.777
1507,861.56,426.54,879.234,426.824,865.22,426.593,863.739,426.565,854.457,426.414,863.669,426.57,871.87,426.614
1508,851.44,426.32,869.506,426.648,853.632,426.407,852.892,426.365,843.117,426.199,853.46,426.361,860.701,426.429
1509,839.76,426.15,859.095,426.474,842.34,426.186,841.376,426.173,831.052,425.999,841.965,426.184,848.888,426.243
1510,829.52,425.99,848.744,426.304,830.338,425.984,830.257,425.994,819.682,425.818,831.568,426.022,837.071,426.06
1511,819.45,425.61,838.491,426.061,819.053,425.804,819.562,425.71,808.949,425.5,821.456,425.678,825.387,425.814
1512,808.65,425.47,828.047,425.854,808.455,425.485,808.794,425.485,798.132,425.27,810.744,425.504,813.658,425.589
1513,797.5,425.35,817.355,425.678,797.795,425.253,797.804,425.311,787.039,425.109,799.649,425.375,801.84,425.389
1514,786.76,425,806.647,425.441,786.831,425.096,786.894,425.053,776.084,424.833,788.864,425.061,790.121,425.142
1515,775.49,424.85,795.742,425.234,775.965,424.823,775.776,424.842,764.868,424.625,777.655,424.884,778.361,424.917
1516,764.48,424.75,784.8,425.065,764.802,424.617,764.667,424.69,753.695,424.493,766.62,424.772,766.677,424.726
1517,753.43,424.47,773.821,424.856,753.651,424.491,753.558,424.481,742.543,424.281,755.572,424.519,755.07,424.51
1518,742.32,424.13,762.795,424.602,742.506,424.284,742.427,424.203,731.376,423.978,744.469,424.193,743.527,424.254
1519,731.49,423.77,751.839,424.311,731.342,423.979,731.435,423.87,720.403,423.611,733.605,423.839,732.138,423.959
1520,720.84,423.53,740.989,424.038,720.374,423.605,720.629,423.569,709.668,423.297,722.928,423.581,720.938,423.672
1521,710.3,423.34,730.248,423.793,709.658,423.283,709.996,423.319,699.138,423.054,712.371,423.379,709.934,423.406
1522,699.51,423.13,719.49,423.561,699.159,423.038,699.331,423.093,688.534,422.841,701.611,423.171,699.014,423.154
1523,688.85,422.8,708.766,423.295,688.584,422.829,688.698,422.82,677.953,422.56,690.938,422.861,688.2,422.877
1524,678.02,422.59,698.005,423.048,678.02,422.554,677.988,422.576,667.253,422.321,680.128,422.634,677.415,422.616
1525,666.7,422.37,687.048,422.811,667.323,422.319,666.966,422.346,656.142,422.1,668.871,422.413,666.499,422.366
1526,655.22,421.98,675.908,422.52,656.19,422.101,655.664,422.038,644.688,421.772,657.419,422.05,655.423,422.074
1527,644.45,421.72,664.898,422.24,644.689,421.773,644.565,421.745,633.55,421.47,646.564,421.774,644.428,421.787
1528,632.97,421.51,653.723,421.985,633.506,421.469,633.249,421.491,622.14,421.223,635.162,421.553,633.288,421.519
1529,622.4,421.29,642.76,421.741,622.067,421.22,622.275,421.258,611.208,421.001,624.488,421.333,622.304,421.266
1530,610.97,421.03,631.634,421.492,611.129,420.999,611.085,421.016,599.979,420.764,613.152,421.079,611.19,421.012
1531,600.22,420.79,620.639,421.247,599.914,420.765,600.104,420.777,589.038,420.529,602.329,420.837,600.174,420.763
1532,589.02,420.7,609.572,421.055,588.992,420.533,589.029,420.618,577.959,420.398,591.177,420.722,589.105,420.564
1533,578.24,420.45,598.606,420.843,577.937,420.405,578.105,420.425,567.082,420.213,580.35,420.494,578.12,420.356
1534,566.77,420.01,587.463,420.552,567.08,420.226,566.92,420.108,555.846,419.863,568.96,420.088,566.993,420.083
1535,555.9,419.73,576.416,420.264,555.854,419.872,555.874,419.794,544.809,419.528,558.025,419.788,555.933,419.804
1536,544.45,419.5,565.228,419.997,544.816,419.527,544.623,419.513,533.499,419.242,546.639,419.546,544.752,419.536
1537,533.43,419.22,554.099,419.725,533.498,419.234,533.463,419.231,522.328,418.956,535.574,419.273,533.605,419.262
1538,522.22,419.02,542.941,419.478,522.316,418.945,522.272,418.989,511.119,418.725,524.382,419.061,522.429,419.009
1539,510.51,418.95,531.59,419.293,511.101,418.715,510.803,418.842,499.551,418.614,512.736,418.968,511.08,418.812
1540,499.77,418.53,520.453,419.026,499.52,418.612,499.664,418.571,488.448,418.329,501.883,418.601,499.886,418.554
1541,488.34,418.29,509.214,418.768,488.409,418.334,488.392,418.309,477.158,418.061,490.525,418.34,488.614,418.301
1542,477.47,417.91,498.103,418.468,477.125,418.067,477.32,417.983,466.137,417.71,479.595,417.98,477.449,418.008
1543,465.98,417.68,486.86,418.192,466.117,417.711,466.055,417.695,454.847,417.417,468.174,417.728,466.187,417.729
1544,454.5,417.67,475.534,418.009,454.841,417.412,454.667,417.548,443.401,417.312,456.701,417.679,454.848,417.53
1545,443.69,417.27,464.389,417.751,443.394,417.31,443.551,417.29,432.333,417.047,445.809,417.337,443.651,417.277
1546,432.33,417.23,453.168,417.568,432.325,417.05,432.331,417.142,421.113,416.929,434.508,417.247,432.407,417.088
1547,420.97,416.85,441.899,417.317,421.112,416.936,421.039,416.888,409.797,416.662,423.155,416.914,421.123,416.849
1548,410.17,416.99,430.794,417.203,409.797,416.672,409.99,416.832,398.809,416.66,412.286,416.978,409.979,416.725
1549,398.74,416.56,419.575,416.978,398.814,416.674,398.773,416.608,387.581,416.419,400.926,416.627,398.757,416.522
1550,388.13,416.55,408.569,416.828,387.593,416.437,387.866,416.487,376.763,416.32,390.222,416.563,387.721,416.379
1551,376.81,416.4,397.453,416.678,376.784,416.336,376.787,416.361,365.693,416.207,378.98,416.426,376.62,416.244
1552,365.89,416.13,386.406,416.486,365.725,416.223,365.795,416.167,354.732,416,368.019,416.178,365.584,416.075
1553,354.29,415.88,375.166,416.274,354.769,416.013,354.503,415.938,343.368,415.751,356.498,415.928,354.393,415.885
1554,342.8,415.39,363.838,415.965,343.395,415.757,343.073,415.564,331.846,415.318,345.004,415.477,343.105,415.604
1555,332.06,415.57,352.715,415.827,331.844,415.31,331.957,415.449,320.764,415.244,334.171,415.555,331.968,415.451
1556,320.49,415.13,341.437,415.583,320.742,415.229,320.622,415.185,309.384,414.962,322.692,415.198,320.704,415.217
1557,309.51,415.14,330.262,415.428,309.355,414.948,309.45,415.054,298.232,414.86,311.651,415.149,309.515,415.053
1558,298.37,414.66,319.1,415.159,298.203,414.851,298.304,414.756,287.109,414.53,300.523,414.739,298.341,414.798
1559,287.46,414.52,308.026,414.935,287.09,414.525,287.291,414.525,276.154,414.296,289.586,414.556,287.248,414.57
1560,276.32,414.51,296.929,414.787,276.153,414.29,276.24,414.407,265.13,414.214,278.471,414.517,276.153,414.406
1561,265.36,414.47,285.88,414.676,265.148,414.212,265.249,414.347,254.177,414.195,267.492,414.478,265.107,414.285
1562,254.17,414.43,274.781,414.59,254.207,414.205,254.173,414.317,243.1,414.204,256.328,414.438,254.031,414.198
1563,242.78,413.99,263.581,414.38,243.135,414.226,242.934,414.093,231.808,413.945,244.966,414.062,242.867,414.016
1564,231.54,413.92,252.367,414.219,231.833,413.969,231.669,413.932,220.499,413.78,233.711,413.943,231.675,413.867
1565,220.18,413.77,241.101,414.062,220.503,413.796,220.334,413.775,209.112,413.621,222.364,413.798,220.425,413.721
1566,208.7,413.5,229.761,413.865,209.094,413.629,208.898,413.558,197.609,413.385,210.9,413.548,209.092,413.539
1567,197.46,413.17,218.456,413.622,197.57,413.385,197.532,413.273,186.218,413.065,199.632,413.231,197.767,413.31
1568,186.21,413.04,207.17,413.418,186.166,413.055,186.214,413.052,174.899,412.839,188.38,413.071,186.448,413.104
1569,175.28,412.98,196.008,413.265,174.848,412.822,175.097,412.912,163.844,412.723,177.41,412.995,175.235,412.939
1570,163.61,412.89,184.669,413.134,163.811,412.707,163.723,412.809,152.432,412.647,165.827,412.907,163.885,412.799
1571,153.22,412.55,173.662,412.929,152.417,412.641,152.841,412.597,141.679,412.419,155.288,412.609,152.813,412.603
1572,141.45,412.46,162.388,412.765,141.685,412.42,141.56,412.44,130.361,412.269,143.672,412.484,141.55,412.436
1573,129.66,412.44,150.933,412.651,130.388,412.272,129.997,412.358,118.683,412.214,131.903,412.447,130.122,412.315
1574,119.05,412.09,139.774,412.455,118.698,412.222,118.874,412.15,107.62,411.986,121.149,412.148,118.917,412.132
1575,107.28,411.98,128.401,412.289,107.619,411.996,107.443,411.983,96.1339,411.818,109.505,412.007,107.548,411.968
1576,96.51,411.44,117.239,411.992,96.1264,411.824,96.329,411.622,85.081,411.396,98.6267,411.532,96.3473,411.691
1577,90.25,411.42,107.793,411.792,85.0719,411.392,87.7618,411.408,77.3591,411.186,91.7362,411.44,86.6558,411.478
1578,85.15,411.47,99.8679,411.679,77.4503,411.171,81.3998,411.333,72.2711,411.157,86.3603,411.464,78.5489,411.343
1579,79.15,411.43,92.6167,411.592,72.6294,411.146,75.8388,411.299,67.835,411.167,80.458,411.436,71.4304,411.243
1580,73.17,411.49,85.8103,411.556,68.5231,411.17,70.602,411.335,63.4706,411.256,74.4902,411.48,65.0652,411.201
1581,68.14,411.4,79.6257,411.502,64.4093,411.276,65.8924,411.331,59.5246,411.276,69.312,411.415,59.5333,411.16
1582,62.24,411.44,73.5407,411.48,60.5836,411.309,60.9329,411.361,55.0092,411.333,63.5262,411.435,54.3437,411.156
1583,76.64,411.81,74.6255,411.595,56.052,411.371,66.2278,411.58,63.8414,411.63,74.5356,411.75,55.5222,411.281
1584,65.73,411.59,71.5121,411.594,65.1038,411.675,64.8209,411.609,62.7433,411.653,67.2608,411.618,54.1426,411.329
1655,65.67,411.29,65.67,411.29,65.67,411.29,65.67,411.29,65.67,411.29,65.67,411.29,65.67,411.29
1656,77.64,411.65,69.8595,411.416,65.67,411.29,76.8351,411.626,86.4317,411.914,75.6674,411.591,76.1822,411.606
1657,63.21,411.42,67.5322,411.417,74.049,411.542,67.7543,411.517,66.8079,411.581,65.2335,411.448,68.1935,411.521
1658,68.29,411.32,67.7974,411.383,68.8557,411.529,67.8393,411.399,67.3322,411.386,67.6943,411.345,68.1354,411.413
1659,74.25,411.31,70.0558,411.358,68.6859,411.43,71.6211,411.339,72.6483,411.309,73.0505,411.316,71.5248,411.355
1660,80.14,411.44,73.5853,411.386,72.6938,411.352,76.9281,411.384,79.3531,411.378,78.852,411.418,76.3284,411.389
1661,86.12,411.46,77.9724,411.412,79.132,411.395,83.0269,411.423,86.6096,411.431,84.8031,411.452,81.8387,411.419
1662,91.66,411.41,82.7631,411.411,86.7387,411.44,89.2777,411.42,93.6951,411.425,90.4072,411.418,87.5337,411.417
1663,98.2,411.53,88.166,411.453,94.2963,411.431,96.0459,411.48,101.2,411.502,96.8023,411.51,93.7133,411.462
1664,109.44,412,95.6119,411.644,102.126,411.507,105.481,411.761,111.982,411.864,107.368,411.92,101.897,411.664
1665,121.31,412.04,104.606,411.783,113.123,411.878,116.822,411.955,124.848,412.088,119.075,412.021,111.649,411.823
1666,132.61,412.09,114.408,411.89,126.195,412.116,128.875,412.089,138.171,412.222,130.426,412.079,122.316,411.955
1667,143.62,412.48,124.632,412.097,139.663,412.255,140.998,412.356,151.186,412.531,141.478,412.415,133.544,412.176
1668,155.41,412.61,135.404,412.276,152.694,412.564,153.377,412.572,164.256,412.76,153.177,412.579,145.41,412.382
1669,167.15,412.82,146.515,412.467,165.647,412.793,165.757,412.791,177.109,412.989,164.912,412.781,157.715,412.601
1670,178.15,412.96,157.587,412.639,178.295,413.018,177.649,412.974,189.172,413.167,176.003,412.931,170.085,412.806
1671,189.55,413.02,168.774,412.773,190.089,413.189,189.368,413.091,200.952,413.26,187.364,413.006,182.566,412.974
1672,201.42,413.06,180.2,412.873,201.579,413.27,201.195,413.156,212.856,413.293,199.172,413.051,195.221,413.106
1673,213.13,413.22,191.726,412.995,213.227,413.289,212.998,413.255,224.704,413.379,210.894,413.193,207.911,413.244
1674,224.33,413.53,203.137,413.182,224.886,413.365,224.51,413.458,236.155,413.607,222.158,413.476,220.423,413.433
1675,236.13,414,214.685,413.468,236.205,413.591,236.142,413.811,247.782,414.024,233.893,413.916,232.923,413.712
