frame,found,cx,cy,width,height,angle,pose_ok,x_mm,y_mm,z_mm,distance_mm,rx_deg,ry_deg,rz_deg,reproj_px
0,1,915.08,420.48,193.29,188.49,0.46,1,87.36,-60.03,989.77,995.43,-8.90,3.95,0.67,0.665
1,1,949.07,420.54,193.30,188.50,0.45,1,101.43,-60.05,990.51,997.50,-8.64,4.55,0.68,0.659
2,1,960.50,420.50,189.00,193.00,90.00,1,107.01,-60.14,992.25,999.82,-7.47,4.67,0.27,0.588
3,1,972.50,420.50,189.00,193.00,90.00,1,111.93,-60.18,992.87,1000.97,-7.10,4.83,0.18,0.569
4,1,982.50,421.50,189.00,193.00,90.00,1,116.29,-59.91,993.22,1001.80,-6.96,5.00,0.17,0.564
5,1,994.50,421.50,189.00,193.00,90.00,1,121.01,-59.80,993.53,1002.66,-6.85,5.17,0.18,0.563
6,1,1006.50,421.50,189.00,193.00,90.00,1,125.89,-59.77,993.84,1003.56,-6.75,5.36,0.20,0.562
7,1,1017.51,421.46,194.16,188.47,0.45,1,130.21,-59.63,991.01,1001.31,-8.04,5.74,0.49,0.650
8,1,1029.00,421.48,193.47,188.50,0.46,1,134.97,-59.66,991.30,1002.22,-8.17,5.95,0.66,0.664
9,1,1040.50,421.50,193.00,189.00,-0.00,1,139.95,-59.75,992.97,1004.56,-7.44,6.04,0.52,0.622
10,1,1052.50,421.50,189.00,193.00,90.00,1,145.01,-59.82,994.26,1006.55,-6.84,6.13,0.42,0.590
11,1,1063.06,421.80,193.37,189.08,0.46,1,149.66,-59.77,994.21,1007.18,-6.62,6.25,0.60,0.582
12,1,1074.50,422.00,190.00,193.00,90.00,1,154.50,-59.71,995.09,1008.78,-5.31,6.10,0.46,0.507
13,1,1086.50,422.50,193.00,189.00,0.00,1,159.50,-59.62,995.99,1010.44,-5.31,6.30,0.39,0.514
14,1,1097.50,422.50,195.00,189.00,0.00,1,163.53,-59.33,991.73,1006.87,-7.00,6.96,0.37,0.630
15,1,1108.50,422.50,189.00,193.00,90.00,1,168.59,-59.42,994.15,1010.09,-6.38,6.99,0.35,0.596
16,1,1120.50,422.50,189.00,193.00,90.00,1,173.76,-59.50,996.04,1012.83,-5.83,7.02,0.33,0.567
17,1,1131.50,422.50,189.00,195.00,90.00,1,177.85,-59.33,992.52,1010.07,-7.04,7.55,0.36,0.652
18,1,1142.50,422.50,189.00,193.00,90.00,1,183.03,-59.49,995.37,1013.80,-6.11,7.47,0.36,0.600
19,1,1153.50,422.50,189.00,195.00,90.00,1,187.12,-59.36,992.60,1011.83,-7.00,7.91,0.39,0.664
20,1,1164.50,422.50,189.00,193.00,90.00,1,192.36,-59.55,995.92,1016.08,-5.87,7.74,0.39,0.598
21,1,1175.50,422.50,189.00,195.00,90.00,1,196.48,-59.44,993.53,1014.51,-6.64,8.16,0.42,0.655
22,1,1187.50,422.50,189.00,195.00,90.00,1,201.00,-59.38,992.20,1014.10,-7.02,8.46,0.44,0.687
23,1,1198.50,422.50,189.00,193.00,90.00,1,206.62,-59.60,996.46,1019.40,-5.55,8.14,0.42,0.601
24,1,1209.50,423.00,190.00,195.00,90.00,1,210.87,-59.37,994.43,1018.28,-5.26,8.19,0.42,0.592
25,1,1221.00,423.00,190.00,194.00,90.00,1,215.84,-59.34,995.35,1020.21,-4.16,7.79,0.40,0.527
26,1,1231.50,423.00,190.00,195.00,90.00,1,220.13,-59.23,994.08,1019.88,-4.25,7.99,0.41,0.542
27,1,1243.50,423.00,190.00,195.00,90.00,1,224.79,-59.18,993.51,1020.34,-4.27,8.16,0.42,0.552
28,1,1255.50,423.00,190.00,195.00,90.00,1,229.71,-59.18,993.45,1021.38,-4.20,8.27,0.43,0.555
29,1,1265.50,423.00,190.00,195.00,90.00,1,234.35,-59.20,993.68,1022.66,-4.09,8.35,0.43,0.555
30,1,1277.50,423.00,190.00,195.00,90.00,1,239.25,-59.23,994.11,1024.21,-3.92,8.38,0.43,0.549
31,1,1289.50,423.50,189.00,195.00,90.00,1,244.51,-59.23,995.50,1026.80,-4.51,8.93,0.46,0.598
32,1,1299.50,423.50,189.00,195.00,90.00,1,249.36,-59.24,996.58,1029.00,-4.79,9.25,0.48,0.624
33,1,1311.50,423.50,189.00,195.00,90.00,1,254.38,-59.27,997.49,1031.12,-4.82,9.42,0.49,0.632
34,1,1322.50,423.50,189.00,197.00,90.00,1,258.20,-59.10,994.10,1028.79,-6.20,10.30,0.55,0.733
35,1,1334.50,424.00,190.00,197.00,90.00,1,262.44,-58.85,991.69,1027.52,-6.12,10.44,0.55,0.741
36,1,1343.50,424.00,190.00,191.00,90.00,1,268.97,-59.13,999.51,1036.76,-1.87,6.93,0.34,0.401
37,1,1349.50,424.00,190.00,179.00,90.00,1,273.17,-59.15,1001.68,1039.94,0.94,-2.89,-0.24,0.272
38,1,1354.50,424.00,190.00,169.00,90.00,1,275.82,-59.11,1001.48,1040.45,1.69,-10.77,-0.71,0.786
39,1,1360.50,424.00,190.00,157.00,90.00,1,278.19,-59.10,1001.34,1040.94,2.14,-17.90,-1.15,1.238
40,1,1366.50,424.00,145.00,190.00,0.00,1,280.47,-59.10,1001.32,1041.54,2.48,-24.27,-1.58,1.625
41,1,1371.50,424.00,190.00,135.00,90.00,1,282.53,-59.11,1001.38,1042.15,2.77,-29.53,-1.97,1.930
42,1,1376.50,424.00,190.00,125.00,90.00,1,284.49,-59.12,1001.46,1042.77,3.03,-34.04,-2.34,2.178
43,1,1360.50,424.00,190.00,73.00,90.00,1,281.80,-59.13,1001.66,1042.22,3.94,-45.73,-3.52,2.758
44,1,1371.50,424.00,190.00,71.00,90.00,1,282.09,-59.14,1001.75,1042.39,4.66,-52.21,-4.42,3.031
45,1,1380.50,424.00,190.00,73.00,90.00,1,284.13,-59.14,1001.78,1042.98,5.03,-54.93,-4.87,3.134
46,0,0.00,0.00,0.00,0.00,0.00,1,285.14,-59.15,1001.78,1043.24,5.84,-59.57,-5.81,3.294
47,0,0.00,0.00,0.00,0.00,0.00,1,286.13,-59.15,1001.77,1043.51,6.92,-64.11,-7.02,3.430
48,0,0.00,0.00,0.00,0.00,0.00,1,287.12,-59.15,1001.76,1043.77,8.44,-68.57,-8.68,3.543
49,0,0.00,0.00,0.00,0.00,0.00,1,288.09,-59.15,1001.75,1044.03,10.76,-72.97,-11.13,3.633
50,0,0.00,0.00,0.00,0.00,0.00,1,289.27,-59.15,1001.73,1044.34,171.01,69.81,170.73,3.570
51,0,0.00,0.00,0.00,0.00,0.00,0,0.00,0.00,0.00,0.00,0.00,0.00,0.00,0.000
52,0,0.00,0.00,0.00,0.00,0.00,0,0.00,0.00,0.00,0.00,0.00,0.00,0.00,0.000
53,0,0.00,0.00,0.00,0.00,0.00,0,0.00,0.00,0.00,0.00,0.00,0.00,0.00,0.000
54,0,0.00,0.00,0.00,0.00,0.00,0,0.00,0.00,0.00,0.00,0.00,0.00,0.00,0.000
55,0,0.00,0.00,0.00,0.00,0.00,0,0.00,0.00,0.00,0.00,0.00,0.00,0.00,0.000
56,0,0.00,0.00,0.00,0.00,0.00,0,0.00,0.00,0.00,0.00,0.00,0.00,0.00,0.000
57,0,0.00,0.00,0.00,0.00,0.00,0,0.00,0.00,0.00,0.00,0.00,0.00,0.00,0.000
58,0,0.00,0.00,0.00,0.00,0.00,0,0.00,0.00,0.00,0.00,0.00,0.00,0.00,0.000
59,0,0.00,0.00,0.00,0.00,0.00,0,0.00,0.00,0.00,0.00,0.00,0.00,0.00,0.000
60,0,0.00,0.00,0.00,0.00,0.00,0,0.00,0.00,0.00,0.00,0.00,0.00,0.00,0.000
61,0,0.00,0.00,0.00,0.00,0.00,0,0.00,0.00,0.00,0.00,0.00,0.00,0.00,0.000
62,0,0.00,0.00,0.00,0.00,0.00,0,0.00,0.00,0.00,0.00,0.00,0.00,0.00,0.000
63,0,0.00,0.00,0.00,0.00,0.00,0,0.00,0.00,0.00,0.00,0.00,0.00,0.00,0.000
64,0,0.00,0.00,0.00,0.00,0.00,0,0.00,0.00,0.00,0.00,0.00,0.00,0.00,0.000
65,0,0.00,0.00,0.00,0.00,0.00,0,0.00,0.00,0.00,0.00,0.00,0.00,0.00,0.000
66,0,0.00,0.00,0.00,0.00,0.00,0,0.00,0.00,0.00,0.00,0.00,0.00,0.00,0.000
67,0,0.00,0.00,0.00,0.00,0.00,0,0.00,0.00,0.00,0.00,0.00,0.00,0.00,0.000
68,0,0.00,0.00,0.00,0.00,0.00,0,0.00,0.00,0.00,0.00,0.00,0.00,0.00,0.000
69,0,0.00,0.00,0.00,0.00,0.00,0,0.00,0.00,0.00,0.00,0.00,0.00,0.00,0.000
70,0,0.00,0.00,0.00,0.00,0.00,0,0.00,0.00,0.00,0.00,0.00,0.00,0.00,0.000
71,0,0.00,0.00,0.00,0.00,0.00,0,0.00,0.00,0.00,0.00,0.00,0.00,0.00,0.000
72,0,0.00,0.00,0.00,0.00,0.00,0,0.00,0.00,0.00,0.00,0.00,0.00,0.00,0.000
73,0,0.00,0.00,0.00,0.00,0.00,0,0.00,0.00,0.00,0.00,0.00,0.00,0.00,0.000
74,0,0.00,0.00,0.00,0.00,0.00,0,0.00,0.00,0.00,0.00,0.00,0.00,0.00,0.000
75,0,0.00,0.00,0.00,0.00,0.00,0,0.00,0.00,0.00,0.00,0.00,0.00,0.00,0.000
76,0,0.00,0.00,0.00,0.00,0.00,0,0.00,0.00,0.00,0.00,0.00,0.00,0.00,0.000
77,0,0.00,0.00,0.00,0.00,0.00,0,0.00,0.00,0.00,0.00,0.00,0.00,0.00,0.000
78,0,0.00,0.00,0.00,0.00,0.00,0,0.00,0.00,0.00,0.00,0.00,0.00,0.00,0.000
79,0,0.00,0.00,0.00,0.00,0.00,0,0.00,0.00,0.00,0.00,0.00,0.00,0.00,0.000
80,0,0.00,0.00,0.00,0.00,0.00,0,0.00,0.00,0.00,0.00,0.00,0.00,0.00,0.000
81,0,0.00,0.00,0.00,0.00,0.00,0,0.00,0.00,0.00,0.00,0.00,0.00,0.00,0.000
82,0,0.00,0.00,0.00,0.00,0.00,0,0.00,0.00,0.00,0.00,0.00,0.00,0.00,0.000
83,0,0.00,0.00,0.00,0.00,0.00,0,0.00,0.00,0.00,0.00,0.00,0.00,0.00,0.000
84,0,0.00,0.00,0.00,0.00,0.00,0,0.00,0.00,0.00,0.00,0.00,0.00,0.00,0.000
85,0,0.00,0.00,0.00,0.00,0.00,0,0.00,0.00,0.00,0.00,0.00,0.00,0.00,0.000
86,0,0.00,0.00,0.00,0.00,0.00,0,0.00,0.00,0.00,0.00,0.00,0.00,0.00,0.000
87,0,0.00,0.00,0.00,0.00,0.00,0,0.00,0.00,0.00,0.00,0.00,0.00,0.00,0.000
88,0,0.00,0.00,0.00,0.00,0.00,0,0.00,0.00,0.00,0.00,0.00,0.00,0.00,0.000
89,0,0.00,0.00,0.00,0.00,0.00,0,0.00,0.00,0.00,0.00,0.00,0.00,0.00,0.000
90,0,0.00,0.00,0.00,0.00,0.00,0,0.00,0.00,0.00,0.00,0.00,0.00,0.00,0.000
91,0,0.00,0.00,0.00,0.00,0.00,0,0.00,0.00,0.00,0.00,0.00,0.00,0.00,0.000
92,0,0.00,0.00,0.00,0.00,0.00,0,0.00,0.00,0.00,0.00,0.00,0.00,0.00,0.000
93,0,0.00,0.00,0.00,0.00,0.00,0,0.00,0.00,0.00,0.00,0.00,0.00,0.00,0.000
94,0,0.00,0.00,0.00,0.00,0.00,0,0.00,0.00,0.00,0.00,0.00,0.00,0.00,0.000
95,0,0.00,0.00,0.00,0.00,0.00,0,0.00,0.00,0.00,0.00,0.00,0.00,0.00,0.000
96,0,0.00,0.00,0.00,0.00,0.00,0,0.00,0.00,0.00,0.00,0.00,0.00,0.00,0.000
97,0,0.00,0.00,0.00,0.00,0.00,0,0.00,0.00,0.00,0.00,0.00,0.00,0.00,0.000
98,0,0.00,0.00,0.00,0.00,0.00,0,0.00,0.00,0.00,0.00,0.00,0.00,0.00,0.000
99,0,0.00,0.00,0.00,0.00,0.00,0,0.00,0.00,0.00,0.00,0.00,0.00,0.00,0.000
100,0,0.00,0.00,0.00,0.00,0.00,0,0.00,0.00,0.00,0.00,0.00,0.00,0.00,0.000
101,0,0.00,0.00,0.00,0.00,0.00,0,0.00,0.00,0.00,0.00,0.00,0.00,0.00,0.000
102,0,0.00,0.00,0.00,0.00,0.00,0,0.00,0.00,0.00,0.00,0.00,0.00,0.00,0.000
103,0,0.00,0.00,0.00,0.00,0.00,0,0.00,0.00,0.00,0.00,0.00,0.00,0.00,0.000
104,0,0.00,0.00,0.00,0.00,0.00,0,0.00,0.00,0.00,0.00,0.00,0.00,0.00,0.000
105,0,0.00,0.00,0.00,0.00,0.00,0,0.00,0.00,0.00,0.00,0.00,0.00,0.00,0.000
106,0,0.00,0.00,0.00,0.00,0.00,0,0.00,0.00,0.00,0.00,0.00,0.00,0.00,0.000
107,0,0.00,0.00,0.00,0.00,0.00,0,0.00,0.00,0.00,0.00,0.00,0.00,0.00,0.000
108,0,0.00,0.00,0.00,0.00,0.00,0,0.00,0.00,0.00,0.00,0.00,0.00,0.00,0.000
109,0,0.00,0.00,0.00,0.00,0.00,0,0.00,0.00,0.00,0.00,0.00,0.00,0.00,0.000
110,0,0.00,0.00,0.00,0.00,0.00,0,0.00,0.00,0.00,0.00,0.00,0.00,0.00,0.000
111,0,0.00,0.00,0.00,0.00,0.00,0,0.00,0.00,0.00,0.00,0.00,0.00,0.00,0.000
112,0,0.00,0.00,0.00,0.00,0.00,0,0.00,0.00,0.00,0.00,0.00,0.00,0.00,0.000
113,0,0.00,0.00,0.00,0.00,0.00,0,0.00,0.00,0.00,0.00,0.00,0.00,0.00,0.000
114,0,0.00,0.00,0.00,0.00,0.00,0,0.00,0.00,0.00,0.00,0.00,0.00,0.00,0.000
115,0,0.00,0.00,0.00,0.00,0.00,0,0.00,0.00,0.00,0.00,0.00,0.00,0.00,0.000
116,0,0.00,0.00,0.00,0.00,0.00,0,0.00,0.00,0.00,0.00,0.00,0.00,0.00,0.000
117,1,1381.44,424.49,189.77,73.23,89.35,1,286.21,-59.02,1002.87,1044.58,4.35,-52.02,-4.78,3.016
118,1,1370.50,424.50,189.00,73.00,90.00,1,282.81,-59.25,1007.18,1047.80,4.64,-52.24,-4.41,2.999
119,1,1358.50,424.50,189.00,73.00,90.00,1,277.83,-59.27,1007.57,1046.85,4.71,-52.47,-4.42,3.007
120,1,1374.50,424.50,189.00,129.00,90.00,1,282.36,-59.27,1007.39,1047.89,3.25,-37.03,-2.58,2.309
121,1,1369.50,424.50,189.00,139.00,90.00,1,282.52,-59.27,1007.30,1047.85,2.71,-28.25,-1.86,1.835
122,1,1363.50,424.50,189.00,151.00,90.00,1,280.91,-59.27,1007.24,1047.35,2.33,-21.16,-1.36,1.421
123,1,1357.50,424.50,189.00,163.00,90.00,1,278.53,-59.27,1007.15,1046.63,1.94,-14.28,-0.92,0.999
124,1,1352.50,424.00,190.00,173.00,90.00,1,275.17,-59.21,1004.09,1042.79,1.47,-7.72,-0.52,0.586
125,1,1346.50,424.00,190.00,185.00,90.00,1,271.59,-59.16,1001.48,1039.34,0.23,1.41,0.02,0.026
126,1,1341.50,424.00,195.00,190.00,0.00,1,263.02,-58.17,980.08,1016.42,-8.60,11.52,0.62,0.914
127,1,1329.50,424.00,190.00,195.00,90.00,1,254.26,-57.21,961.75,996.43,-12.80,12.28,0.67,1.188
128,1,1319.50,424.00,195.00,190.00,0.00,1,249.23,-57.04,958.63,992.14,-13.43,12.19,0.66,1.225
129,1,1307.50,424.00,190.00,195.00,90.00,1,245.61,-57.28,963.21,995.68,-12.54,11.83,0.64,1.153
130,1,1296.50,424.00,190.00,193.00,90.00,1,243.81,-57.92,975.57,1007.24,-9.79,11.09,0.59,0.958
131,1,1285.50,424.00,190.00,195.00,90.00,1,240.30,-58.22,981.36,1012.03,-8.33,10.52,0.56,0.853
132,1,1273.50,424.00,190.00,195.00,90.00,1,236.36,-58.45,986.15,1015.77,-6.98,9.89,0.52,0.757
133,1,1262.50,424.00,190.00,193.00,90.00,1,233.23,-58.82,993.73,1022.42,-4.32,8.47,0.43,0.569
134,1,1250.50,424.00,190.00,193.00,90.00,1,229.06,-58.98,997.47,1025.13,-2.62,6.99,0.35,0.427
135,1,1239.50,423.50,191.00,195.00,90.00,1,223.66,-58.94,995.15,1021.68,-2.47,6.71,0.33,0.409
136,1,1228.50,423.50,191.00,193.00,90.00,1,219.02,-58.99,995.47,1020.98,-1.28,5.08,0.23,0.280
137,1,1216.50,423.50,191.00,193.00,90.00,1,214.12,-59.00,995.28,1019.76,-0.79,4.15,0.18,0.212
138,1,1206.41,423.31,195.35,189.67,0.72,1,209.42,-59.09,994.88,1018.40,-3.00,6.69,0.71,0.428
139,1,1194.50,423.50,191.00,193.00,90.00,1,204.81,-59.08,995.40,1017.97,-1.99,5.65,0.51,0.336
140,1,1184.01,423.01,195.42,189.46,0.49,1,199.71,-59.10,992.99,1014.59,-4.71,7.47,0.78,0.538
141,1,1172.50,423.00,193.00,190.00,-0.00,1,195.52,-59.27,995.34,1016.09,-4.05,7.01,0.58,0.485
142,1,1160.50,423.00,190.00,193.00,90.00,1,190.94,-59.36,996.73,1016.59,-3.59,6.61,0.44,0.446
143,1,1150.50,423.00,190.00,193.00,90.00,1,186.53,-59.40,997.43,1016.46,-3.33,6.33,0.35,0.422
144,1,1139.07,422.88,193.48,189.26,0.51,1,181.80,-59.43,997.02,1015.20,-4.40,6.72,0.60,0.486
145,1,1128.50,423.00,190.00,193.00,90.00,1,177.29,-59.41,997.15,1014.53,-4.03,6.41,0.46,0.456
146,1,1117.29,422.62,193.59,189.25,0.67,1,172.47,-59.43,995.93,1012.50,-5.10,6.66,0.76,0.517
147,1,1106.50,423.00,190.00,193.00,90.00,1,167.95,-59.38,996.07,1011.87,-4.61,6.34,0.56,0.481
148,1,1095.27,422.53,193.67,189.17,0.69,1,163.07,-59.38,994.58,1009.61,-5.70,6.51,0.81,0.543
149,1,1084.50,423.00,190.00,193.00,90.00,1,158.57,-59.32,994.93,1009.24,-5.11,6.18,0.58,0.500
150,1,1073.03,422.78,193.54,189.09,0.50,1,153.72,-59.29,993.88,1007.44,-6.05,6.27,0.70,0.553
151,1,1062.18,422.49,195.07,188.52,0.50,1,148.38,-59.13,989.14,1001.96,-8.29,6.55,0.80,0.691
152,1,1050.50,422.50,189.00,193.00,90.00,1,143.96,-59.28,991.30,1003.45,-7.79,6.28,0.56,0.651
153,1,1040.17,422.48,195.04,188.53,0.49,1,138.89,-59.11,987.50,998.97,-9.18,6.29,0.68,0.737
154,1,1029.26,422.11,193.61,189.07,0.67,1,134.55,-59.26,988.65,999.52,-8.67,6.01,0.84,0.698
155,1,1018.28,422.14,195.04,189.03,0.57,1,129.64,-59.14,985.74,995.98,-9.30,5.89,0.89,0.737
156,1,1007.28,422.06,193.62,189.03,0.69,1,125.34,-59.27,987.49,997.18,-8.74,5.62,0.96,0.694
157,1,996.50,422.00,190.00,193.00,90.00,1,121.19,-59.42,990.28,999.43,-7.17,5.21,0.62,0.586
158,1,985.51,421.64,193.30,189.41,0.72,1,116.76,-59.55,991.15,999.78,-6.83,4.95,0.77,0.558
159,1,975.41,421.58,193.39,189.28,0.70,1,112.41,-59.62,991.25,999.38,-6.92,4.78,0.87,0.559
160,1,965.35,421.57,193.42,189.22,0.67,1,108.14,-59.64,991.00,998.66,-7.16,4.63,0.90,0.570
161,1,955.09,421.50,193.27,188.50,0.48,1,103.93,-59.69,991.06,998.28,-7.86,4.56,0.82,0.611
162,1,945.13,421.44,193.20,188.41,0.47,1,99.78,-59.72,991.11,997.91,-8.35,4.44,0.76,0.638
163,1,935.76,421.02,192.71,188.30,0.70,1,95.91,-59.89,992.29,998.71,-8.39,4.26,0.83,0.635
164,1,926.50,421.00,188.00,193.00,90.00,1,92.02,-59.95,992.17,998.23,-8.86,4.16,0.52,0.663
165,1,918.47,420.51,191.92,188.49,0.47,1,88.71,-60.22,994.75,1000.51,-8.00,3.92,0.55,0.601
166,1,910.49,420.50,191.82,188.49,0.46,1,85.51,-60.39,996.51,1001.99,-7.34,3.70,0.57,0.554
167,1,903.50,421.00,188.00,191.00,90.00,1,82.72,-60.49,999.64,1004.88,-6.68,3.51,0.35,0.506
168,1,895.50,421.00,188.00,191.00,90.00,1,79.76,-60.52,1001.36,1006.35,-6.31,3.34,0.21,0.478
169,1,889.50,421.00,188.00,191.00,90.00,1,77.08,-60.52,1002.10,1006.88,-6.16,3.22,0.14,0.466
170,1,882.95,420.41,191.06,188.37,0.38,1,74.44,-60.61,1002.07,1006.66,-5.85,3.06,0.30,0.444
171,1,876.50,420.50,189.00,189.00,90.00,1,72.23,-60.87,1007.16,1011.58,-2.73,2.38,0.18,0.237
172,1,871.00,420.50,190.83,188.43,0.48,1,69.71,-60.82,1005.41,1009.66,-3.61,2.49,0.39,0.293
173,1,864.63,420.66,191.64,188.35,0.92,1,66.99,-60.61,1001.74,1005.81,-5.27,2.64,0.76,0.400
174,1,856.76,420.16,191.95,187.91,1.10,1,63.92,-60.54,998.34,1002.22,-6.92,2.69,1.08,0.509
175,1,847.25,420.25,192.84,187.95,1.06,1,60.18,-60.34,993.79,997.44,-8.49,2.66,1.24,0.614
176,1,836.09,420.19,193.17,187.88,1.07,1,55.79,-60.18,990.17,993.57,-9.62,2.53,1.30,0.691
177,1,825.24,420.19,193.17,187.77,1.02,1,51.15,-60.09,988.21,991.35,-10.26,2.36,1.29,0.734
178,1,813.51,420.10,193.21,188.31,0.77,1,46.22,-60.05,987.21,990.11,-10.25,2.14,1.12,0.733
179,1,802.56,419.95,192.11,188.32,0.80,1,41.46,-60.23,989.83,992.52,-9.42,1.89,1.00,0.672
180,1,791.53,420.00,193.22,188.20,0.71,1,36.58,-60.18,988.80,991.30,-9.64,1.68,0.88,0.686
181,1,780.52,420.01,192.23,188.21,0.71,1,31.87,-60.29,990.82,993.16,-9.11,1.45,0.80,0.647
182,1,768.92,419.99,193.05,187.53,0.48,1,27.00,-60.26,989.99,992.19,-9.78,1.25,0.63,0.691
183,1,756.50,420.00,188.00,193.00,90.00,1,21.95,-60.23,989.57,991.64,-9.88,1.04,0.28,0.697
184,1,744.50,419.50,187.00,193.00,90.00,1,16.89,-60.33,989.28,991.26,-10.56,0.82,0.07,0.742
185,1,733.50,418.50,187.00,191.00,90.00,1,12.11,-60.90,994.47,996.40,-9.70,0.59,-0.04,0.677
186,1,721.50,418.00,188.00,191.00,90.00,1,7.21,-61.35,997.81,999.72,-8.33,0.36,-0.09,0.582
187,1,711.63,417.13,187.99,189.96,89.16,1,2.69,-61.94,1002.55,1004.47,-6.51,0.18,-0.54,0.457
188,1,705.52,416.88,187.82,189.76,89.12,1,-0.77,-62.36,1005.79,1007.72,-5.23,0.06,-0.83,0.371
189,1,701.85,415.68,187.59,188.59,88.49,1,-3.06,-63.00,1010.63,1012.60,-3.39,0.03,-1.30,0.248
190,1,701.09,415.44,187.53,188.74,88.45,1,-4.00,-63.37,1012.81,1014.80,-2.54,0.05,-1.58,0.192
191,1,700.55,415.55,187.80,189.28,88.49,1,-4.14,-63.44,1012.15,1014.14,-2.65,0.05,-1.69,0.199
192,1,699.94,416.34,187.53,188.40,88.61,1,-3.94,-63.36,1013.71,1015.70,-2.05,0.07,-1.65,0.160
193,1,698.34,416.93,187.59,188.06,88.96,1,-3.86,-63.18,1015.37,1017.34,-1.14,0.09,-1.41,0.100
194,1,695.48,417.04,188.11,189.48,89.18,1,-4.22,-62.81,1012.17,1014.13,-2.27,0.00,-1.12,0.174
195,1,693.50,417.50,189.00,187.00,90.00,1,-4.88,-62.54,1014.06,1015.99,3.23,4.00,-0.26,0.315
196,1,690.50,418.50,187.00,189.00,90.00,1,-5.67,-62.31,1014.12,1016.05,-1.18,-0.04,-0.13,0.103
197,1,689.45,419.17,188.92,187.75,0.99,1,-6.35,-61.89,1012.40,1014.31,-2.43,-0.16,0.58,0.185
198,1,688.26,416.77,189.18,187.92,1.68,1,-6.93,-62.13,1010.51,1012.44,-3.22,-0.24,1.35,0.236
199,1,685.48,415.13,189.97,187.71,2.20,1,-7.77,-62.57,1007.14,1009.11,-4.77,-0.34,2.03,0.340
200,1,680.40,413.65,190.59,187.45,2.67,1,-9.29,-63.10,1003.45,1005.47,-6.36,-0.46,2.63,0.448
201,1,673.02,413.21,191.83,187.33,2.82,1,-11.70,-63.34,998.00,1000.08,-8.22,-0.61,2.98,0.576
202,1,663.54,413.72,192.35,187.54,2.65,1,-15.10,-63.26,993.60,995.73,-9.36,-0.78,3.03,0.658
203,1,652.58,414.58,191.93,187.61,2.29,1,-19.41,-63.06,992.55,994.74,-9.57,-0.98,2.79,0.674
204,1,641.88,415.08,192.59,187.66,2.03,1,-24.09,-62.71,990.73,993.01,-9.95,-1.19,2.44,0.703
205,1,629.42,417.07,192.29,187.79,1.30,1,-29.35,-62.11,990.89,993.27,-9.80,-1.41,1.82,0.694
206,1,617.79,419.02,191.05,187.52,0.48,1,-34.80,-61.51,994.73,997.24,-8.95,-1.60,0.99,0.634
207,1,607.00,417.00,188.00,190.00,90.00,1,-40.12,-61.75,1000.25,1002.96,-7.06,-1.71,0.24,0.505
208,1,597.52,416.57,187.02,190.06,89.05,1,-44.91,-62.06,1003.61,1006.53,-6.59,-1.80,-0.67,0.472
209,1,590.45,415.01,189.21,188.11,89.01,1,-49.05,-62.81,1010.52,1013.66,-1.57,-1.11,-1.15,0.141
210,1,583.45,413.92,188.78,188.69,88.21,1,-52.39,-63.36,1011.71,1015.04,1.05,0.64,-1.69,0.072
211,1,576.62,412.63,187.08,189.41,87.38,1,-55.25,-64.09,1012.15,1015.68,-1.57,-1.08,-2.55,0.139
212,1,572.36,412.74,187.04,189.50,87.43,1,-57.32,-64.42,1011.08,1014.75,-3.46,-1.65,-2.95,0.268
213,1,567.95,413.56,186.79,189.47,87.67,1,-59.03,-64.39,1010.19,1013.96,-4.81,-1.97,-2.97,0.357
214,1,564.31,414.09,187.27,188.23,88.03,1,-60.63,-64.35,1012.89,1016.74,-3.79,-1.88,-2.69,0.291
215,1,561.83,415.79,187.47,188.61,88.44,1,-61.71,-63.86,1013.55,1017.44,-3.24,-1.85,-2.24,0.256
216,1,561.12,417.42,186.77,188.89,89.14,1,-62.14,-63.16,1013.20,1017.06,-4.07,-2.10,-1.58,0.311
217,1,561.50,418.00,188.00,187.00,90.00,1,-62.33,-62.75,1017.28,1021.12,-0.40,-0.87,-0.64,0.061
218,1,560.25,418.51,187.61,187.67,0.84,1,-62.37,-62.31,1017.56,1021.37,0.74,0.10,0.38,0.036
219,1,559.26,417.43,188.51,186.95,1.26,1,-62.36,-62.34,1016.83,1020.65,-1.15,-1.46,1.05,0.122
220,1,556.32,414.61,189.04,187.20,2.02,1,-62.76,-62.92,1014.08,1017.97,-2.90,-2.11,1.79,0.240
221,1,550.65,412.48,190.21,186.67,2.90,1,-63.97,-63.63,1009.07,1013.09,-5.65,-2.68,2.61,0.421
222,1,543.23,411.29,191.33,186.82,3.22,1,-66.08,-64.15,1002.95,1007.17,-7.76,-3.00,3.19,0.563
223,1,533.58,412.00,191.68,186.80,3.03,1,-69.34,-64.23,998.58,1003.04,-9.05,-3.25,3.34,0.653
224,1,523.33,413.07,192.18,186.72,2.68,1,-73.35,-63.95,995.19,999.94,-10.00,-3.49,3.15,0.722
225,1,512.42,413.45,191.55,186.73,2.42,1,-78.12,-63.76,995.47,1000.56,-9.98,-3.70,2.81,0.723
226,1,501.28,414.06,190.55,187.11,2.22,1,-83.41,-63.65,999.00,1004.49,-8.84,-3.83,2.45,0.649
227,1,489.38,415.36,191.34,187.19,1.75,1,-88.72,-63.19,999.61,1005.53,-8.43,-4.01,1.96,0.626
228,1,477.19,417.90,192.79,186.96,0.97,1,-93.79,-62.15,996.35,1002.68,-9.30,-4.29,1.23,0.689
229,1,462.47,418.50,191.95,186.54,0.48,1,-99.75,-61.53,996.69,1003.56,-9.49,-4.54,0.54,0.706
230,1,448.50,418.00,186.00,193.00,90.00,1,-105.59,-61.18,994.45,1001.91,-10.52,-4.87,-0.10,0.779
231,1,435.50,418.00,191.00,186.00,0.00,1,-111.95,-61.34,998.64,1006.76,-9.81,-5.05,-0.44,0.733
232,1,422.50,417.50,187.00,189.00,90.00,1,-118.70,-61.89,1007.00,1015.86,-6.96,-4.89,-0.56,0.551
233,1,408.50,417.50,189.00,187.00,0.00,1,-125.26,-62.28,1012.28,1021.90,-4.62,-4.56,-0.55,0.407
234,1,394.50,417.50,189.00,187.00,-0.00,1,-131.61,-62.51,1015.05,1025.46,-2.98,-4.11,-0.48,0.305
235,1,382.50,417.50,189.00,187.00,-0.00,1,-137.34,-62.64,1016.17,1027.32,-2.10,-3.75,-0.39,0.248
236,1,371.50,417.50,187.00,187.00,90.00,1,-142.84,-62.80,1018.78,1030.66,-0.09,-1.63,-0.19,0.061
237,1,360.50,417.50,187.00,189.00,90.00,1,-147.50,-62.80,1018.09,1030.63,-0.57,-2.46,-0.19,0.121
238,1,349.50,418.00,188.00,187.00,90.00,1,-151.96,-62.58,1016.53,1029.73,0.60,-0.14,-0.01,0.047
239,1,340.00,418.50,187.00,188.00,90.00,1,-156.29,-62.47,1017.34,1031.17,0.35,-0.83,-0.02,0.006
240,1,330.50,418.50,185.00,189.00,90.00,1,-160.71,-62.63,1020.56,1035.03,-2.05,-4.36,-0.22,0.269
241,1,321.50,418.50,185.00,187.00,90.00,1,-165.12,-62.81,1024.25,1039.38,-2.32,-4.69,-0.23,0.292
242,1,311.50,418.50,185.00,187.00,90.00,1,-169.46,-62.93,1026.59,1042.38,-2.34,-4.81,-0.23,0.297
243,1,302.50,418.50,185.00,189.00,90.00,1,-172.82,-62.80,1023.80,1040.18,-4.16,-6.03,-0.31,0.428
244,1,292.51,419.00,187.90,185.54,0.48,1,-176.89,-62.69,1023.97,1041.03,-3.57,-5.89,-0.05,0.396
245,1,283.47,419.00,189.66,185.54,0.49,1,-180.15,-62.44,1020.22,1037.89,-4.68,-6.59,0.07,0.477
246,1,273.48,419.00,189.65,185.54,0.49,1,-183.83,-62.29,1017.99,1036.33,-5.19,-6.96,0.14,0.517
247,1,262.68,419.01,188.13,185.53,0.49,1,-188.69,-62.40,1020.49,1039.66,-3.95,-6.54,0.21,0.443
248,1,252.48,419.02,187.95,185.53,0.49,1,-193.52,-62.50,1022.48,1042.51,-2.82,-5.95,0.26,0.370
249,1,242.41,419.02,188.01,185.54,0.49,1,-198.15,-62.55,1023.46,1044.34,-2.13,-5.46,0.28,0.320
250,1,232.31,419.02,188.02,185.54,0.49,1,-202.68,-62.58,1023.96,1045.70,-1.73,-5.12,0.29,0.289
251,1,220.53,419.02,187.83,185.51,0.49,1,-207.57,-62.61,1024.46,1047.15,-1.40,-4.78,0.30,0.259
252,1,210.50,420.00,184.00,189.00,90.00,1,-212.34,-62.51,1025.46,1049.08,-3.22,-6.72,-0.09,0.418
253,1,200.50,420.00,184.00,189.00,90.00,1,-216.75,-62.40,1025.25,1049.77,-4.48,-7.65,-0.32,0.508
254,1,188.50,420.00,184.00,189.00,90.00,1,-221.55,-62.34,1025.13,1050.65,-5.09,-8.11,-0.44,0.553
255,1,178.50,420.00,184.00,189.00,90.00,1,-226.19,-62.33,1025.27,1051.77,-5.27,-8.35,-0.50,0.570
256,1,167.50,420.00,184.00,187.00,90.00,1,-231.93,-62.55,1029.78,1057.43,-3.51,-7.44,-0.46,0.459
257,1,155.50,420.00,184.00,187.00,90.00,1,-237.44,-62.67,1031.99,1060.80,-2.34,-6.49,-0.40,0.371
258,1,145.50,420.00,187.00,184.00,0.00,1,-242.37,-62.71,1032.82,1062.72,-1.70,-5.77,-0.34,0.314
259,1,134.50,419.00,186.00,185.00,90.00,1,-246.29,-62.68,1029.00,1059.92,-0.03,-2.16,-0.10,0.071
260,1,124.50,419.00,186.00,185.00,90.00,1,-250.03,-62.61,1025.56,1057.46,0.45,-0.29,0.02,0.053
261,1,117.50,418.50,187.00,183.00,90.00,1,-252.66,-62.52,1020.88,1053.54,0.93,2.30,0.19,0.218
262,1,109.50,418.00,188.00,183.00,90.00,1,-254.74,-62.40,1015.37,1048.70,1.17,4.04,0.30,0.333
263,1,103.50,418.50,187.00,183.00,90.00,1,-257.51,-62.39,1015.09,1049.10,1.20,4.38,0.33,0.354
264,1,98.50,418.50,187.00,181.00,90.00,1,-259.95,-62.40,1015.54,1050.13,1.30,5.29,0.39,0.412
265,1,93.50,419.00,186.00,183.00,90.00,1,-262.80,-62.48,1018.92,1054.12,1.18,4.32,0.33,0.348
266,1,89.50,419.00,186.00,179.00,90.00,1,-265.17,-62.54,1021.47,1057.18,1.29,5.39,0.39,0.413
267,1,87.50,418.50,187.00,175.00,90.00,1,-266.03,-62.51,1020.38,1056.34,1.56,8.04,0.56,0.582
268,1,85.50,418.00,188.00,171.00,90.00,1,-265.92,-62.43,1016.78,1052.83,1.83,11.29,0.76,0.789
269,1,84.50,418.00,188.00,169.00,90.00,1,-265.76,-62.38,1014.49,1050.58,2.00,13.65,0.92,0.941
270,1,84.50,418.00,188.00,169.00,90.00,1,-265.45,-62.35,1013.20,1049.25,2.08,14.84,0.99,1.017
271,1,85.50,418.00,188.00,171.00,90.00,1,-264.88,-62.34,1012.60,1048.52,2.07,14.71,0.99,1.010
272,1,87.50,418.00,188.00,175.00,90.00,1,-263.96,-62.33,1012.41,1048.11,1.97,13.12,0.88,0.911
273,1,88.50,418.00,188.00,177.00,90.00,1,-263.11,-62.34,1012.44,1047.92,1.83,11.21,0.76,0.792
274,1,90.50,418.00,188.00,181.00,90.00,1,-262.10,-62.34,1012.52,1047.75,1.61,8.39,0.58,0.612
275,1,94.50,418.00,188.00,181.00,90.00,1,-260.62,-62.34,1012.64,1047.50,1.43,6.51,0.46,0.493
276,1,98.50,418.00,188.00,181.00,90.00,1,-258.89,-62.34,1012.78,1047.21,1.33,5.47,0.40,0.426
277,1,103.50,418.00,188.00,183.00,90.00,1,-256.78,-62.34,1012.85,1046.75,1.17,4.13,0.32,0.340
278,1,109.50,418.00,188.00,183.00,90.00,1,-254.29,-62.35,1012.94,1046.23,1.10,3.49,0.28,0.298
279,1,116.50,418.00,188.00,181.00,90.00,1,-251.44,-62.35,1013.13,1045.73,1.22,4.33,0.33,0.353
280,1,123.50,418.00,188.00,183.00,90.00,1,-248.32,-62.35,1013.21,1045.05,1.20,4.10,0.31,0.338
281,1,131.50,418.00,188.00,183.00,90.00,1,-244.90,-62.35,1013.29,1044.32,1.21,4.07,0.31,0.336
282,1,138.50,418.50,187.00,185.00,90.00,1,-242.15,-62.41,1016.00,1046.33,1.01,2.59,0.22,0.239
283,1,144.50,419.00,186.00,185.00,90.00,1,-240.11,-62.50,1020.46,1050.19,0.75,1.05,0.13,0.138
284,1,150.50,419.00,186.00,185.00,90.00,1,-237.88,-62.56,1023.15,1052.30,0.56,0.12,0.07,0.078
285,1,156.50,420.00,184.00,185.00,90.00,1,-236.71,-62.70,1029.94,1058.65,0.10,-1.74,-0.04,0.045
286,1,162.40,419.49,184.14,184.54,0.49,1,-234.74,-62.82,1032.67,1060.87,0.08,-1.76,0.21,0.046
287,1,167.52,419.48,185.92,184.47,0.46,1,-232.55,-62.87,1033.56,1061.27,-0.33,-3.00,0.28,0.126
288,1,173.42,419.02,186.06,185.31,0.43,1,-229.67,-62.86,1031.43,1058.56,-0.37,-3.08,0.34,0.132
289,1,177.54,419.04,185.88,185.37,0.47,1,-227.24,-62.83,1029.65,1056.30,-0.25,-2.75,0.41,0.111
290,1,182.41,419.04,184.11,185.47,0.49,1,-225.05,-62.80,1028.56,1054.76,0.31,-0.96,0.54,0.013
291,1,187.50,419.50,185.00,187.00,90.00,1,-222.93,-62.73,1028.37,1054.12,-0.13,-2.37,0.20,0.088
292,1,192.50,419.00,186.00,185.00,90.00,1,-220.43,-62.64,1026.19,1051.46,0.31,-0.97,0.12,0.013
293,1,200.50,419.00,185.00,186.00,0.00,1,-217.38,-62.59,1024.79,1049.46,0.55,-0.08,0.08,0.063
294,1,208.50,418.00,188.00,185.00,90.00,1,-212.92,-62.44,1018.60,1042.49,0.96,1.77,0.14,0.183
295,1,218.50,417.00,188.00,185.00,90.00,1,-208.29,-62.58,1014.87,1037.91,1.16,2.83,0.18,0.252
296,1,228.50,416.50,189.00,185.00,90.00,1,-203.11,-62.61,1010.24,1032.36,1.36,3.97,0.25,0.329
297,1,238.50,417.50,189.00,185.00,90.00,1,-198.20,-62.42,1007.81,1029.01,1.46,4.58,0.30,0.370
298,1,247.51,417.43,186.87,185.58,89.20,1,-194.82,-62.67,1012.66,1033.13,1.30,3.31,-0.18,0.284
299,1,258.50,417.00,188.00,185.00,90.00,1,-190.33,-62.75,1013.19,1032.82,1.33,3.42,-0.01,0.289
300,1,268.50,417.00,188.00,185.00,90.00,1,-185.90,-62.79,1013.66,1032.47,1.36,3.49,0.11,0.294
301,1,279.50,417.50,187.00,187.00,0.00,1,-181.69,-62.86,1016.57,1034.60,1.01,1.51,0.08,0.163
302,1,290.50,418.50,185.00,189.00,90.00,1,-177.74,-62.95,1022.04,1039.29,-1.05,-3.66,-0.19,0.194
303,1,301.45,418.98,189.83,185.56,0.50,1,-172.18,-62.49,1017.99,1034.33,-4.72,-6.33,-0.06,0.470
304,1,311.26,417.51,189.06,185.96,0.92,1,-167.29,-62.53,1015.77,1031.35,-5.75,-6.55,0.33,0.529
305,1,318.62,417.04,187.54,185.70,1.11,1,-163.99,-62.91,1018.78,1033.81,-4.88,-6.13,0.68,0.469
306,1,325.33,416.47,188.09,185.46,1.40,1,-160.97,-63.25,1019.87,1034.43,-4.75,-6.00,1.02,0.457
307,1,329.73,415.75,187.31,185.88,1.49,1,-159.02,-63.69,1022.31,1036.56,-3.26,-5.26,1.28,0.358
308,1,333.72,416.14,187.28,186.17,1.51,1,-157.42,-63.82,1023.25,1037.25,-1.85,-4.23,1.45,0.253
309,1,337.45,416.88,187.85,185.78,1.25,1,-155.96,-63.69,1023.07,1036.84,-1.94,-4.28,1.34,0.260
310,1,340.41,417.67,187.20,185.97,0.82,1,-154.94,-63.42,1023.58,1037.18,-1.27,-3.60,1.05,0.201
311,1,342.24,418.50,185.09,186.51,0.47,1,-154.32,-63.02,1023.81,1037.29,0.52,-0.41,0.84,0.030
312,1,345.50,418.00,186.00,187.00,90.00,1,-153.43,-62.91,1023.92,1037.26,0.30,-0.93,0.32,0.009
313,1,348.50,418.00,188.00,185.00,90.00,1,-151.85,-62.55,1019.32,1032.47,1.24,2.24,0.22,0.203
314,1,353.51,416.63,187.14,186.13,89.04,1,-150.20,-62.79,1018.50,1031.43,1.29,2.34,-0.42,0.210
315,1,360.59,414.34,186.63,187.81,87.94,1,-147.92,-63.56,1019.27,1031.90,0.74,0.32,-1.48,0.074
316,1,369.52,413.20,188.12,187.97,88.39,1,-144.17,-64.05,1015.93,1028.10,0.67,0.02,-1.80,0.054
317,1,378.51,413.26,186.85,188.04,87.84,1,-140.44,-64.51,1016.71,1028.38,-0.10,-1.54,-2.30,0.060
318,1,388.47,413.79,186.13,188.79,87.61,1,-136.05,-64.62,1016.37,1027.47,-2.37,-3.67,-2.74,0.258
319,1,399.19,414.88,186.39,190.53,87.85,1,-130.59,-64.08,1010.53,1020.95,-5.39,-4.77,-2.80,0.457
320,1,410.50,415.57,188.79,188.07,89.05,1,-125.88,-63.75,1012.28,1022.07,-2.37,-3.44,-2.02,0.252
321,1,423.47,416.86,187.65,189.93,89.08,1,-120.13,-63.09,1009.84,1018.92,-3.32,-3.82,-1.56,0.316
322,1,435.50,416.60,187.50,189.27,89.30,1,-114.68,-62.82,1009.96,1018.39,-3.41,-3.73,-1.13,0.317
323,1,448.50,417.00,188.00,189.00,90.00,1,-109.12,-62.61,1010.69,1018.49,-2.58,-3.26,-0.49,0.257
324,1,461.50,417.50,191.00,187.00,-0.00,1,-102.97,-62.20,1006.48,1013.65,-5.35,-3.98,-0.19,0.435
325,1,474.50,418.50,191.85,186.56,0.49,1,-96.77,-61.62,1001.26,1007.81,-7.93,-4.20,0.21,0.598
326,1,488.20,418.50,191.56,187.30,0.71,1,-90.78,-61.31,998.80,1004.79,-8.56,-4.03,0.54,0.636
327,1,500.47,418.50,191.92,186.56,0.49,1,-85.10,-61.13,996.61,1002.10,-9.57,-3.88,0.58,0.699
328,1,512.71,418.50,192.07,186.56,0.49,1,-79.68,-61.04,995.12,1000.17,-10.18,-3.68,0.56,0.736
329,1,526.27,418.52,191.41,187.47,0.77,1,-74.31,-61.10,996.20,1000.83,-9.45,-3.38,0.66,0.683
330,1,538.37,419.00,192.13,187.32,0.42,1,-68.99,-60.96,995.18,999.43,-9.46,-3.14,0.52,0.682
331,1,549.52,418.99,190.50,187.47,0.47,1,-64.33,-61.13,999.00,1002.94,-8.18,-2.83,0.45,0.591
332,1,560.45,418.99,191.95,187.41,0.44,1,-59.57,-61.04,997.61,1001.25,-8.44,-2.64,0.38,0.607
333,1,570.50,418.99,191.95,187.39,0.44,1,-55.18,-60.98,996.59,999.97,-8.68,-2.46,0.34,0.621
334,1,580.53,418.99,191.93,187.36,0.43,1,-51.00,-60.96,995.94,999.10,-8.87,-2.29,0.31,0.633
335,1,590.51,418.99,191.87,187.47,0.46,1,-46.93,-60.95,995.67,998.63,-8.89,-2.11,0.32,0.633
336,1,600.43,418.99,191.85,187.49,0.47,1,-42.91,-60.95,995.55,998.34,-8.89,-1.93,0.34,0.631
337,1,609.56,418.99,190.41,187.51,0.47,1,-39.23,-61.17,999.39,1002.03,-7.81,-1.70,0.36,0.554
338,1,619.34,418.99,190.22,187.50,0.47,1,-35.43,-61.32,1002.33,1004.83,-6.93,-1.49,0.38,0.492
339,1,627.52,419.00,190.45,187.52,0.48,1,-31.83,-61.38,1003.40,1005.77,-6.58,-1.32,0.40,0.467
340,1,635.61,419.00,190.33,187.52,0.48,1,-28.41,-61.42,1004.11,1006.39,-6.35,-1.16,0.42,0.450
341,1,643.61,419.00,190.32,187.54,0.49,1,-25.10,-61.43,1004.33,1006.52,-6.27,-1.02,0.43,0.443
342,1,651.56,419.00,190.41,187.54,0.49,1,-21.83,-61.41,1004.02,1006.13,-6.36,-0.89,0.44,0.449
343,1,659.34,419.00,190.19,187.54,0.49,1,-18.63,-61.42,1004.26,1006.31,-6.29,-0.75,0.45,0.443
344,1,665.65,419.00,190.26,187.54,0.49,1,-15.75,-61.42,1004.13,1006.13,-6.33,-0.64,0.45,0.445
345,1,673.33,419.02,190.17,187.54,0.49,1,-12.78,-61.42,1004.19,1006.15,-6.30,-0.51,0.46,0.443
346,1,679.53,419.01,190.38,187.55,0.49,1,-10.03,-61.39,1003.61,1005.53,-6.49,-0.40,0.47,0.455
347,1,685.61,419.01,190.33,187.55,0.49,1,-7.45,-61.37,1003.34,1005.24,-6.57,-0.30,0.48,0.461
348,1,691.63,419.01,190.28,187.55,0.49,1,-4.97,-61.37,1003.30,1005.19,-6.58,-0.19,0.48,0.461
349,1,697.63,419.04,189.99,188.22,0.71,1,-2.53,-61.39,1004.09,1005.97,-5.69,-0.09,0.60,0.402
350,1,703.29,419.05,189.73,188.25,0.73,1,-0.17,-61.43,1005.30,1007.17,-4.77,0.01,0.68,0.341
351,1,707.84,419.04,189.69,188.25,0.73,1,1.92,-61.46,1006.15,1008.02,-4.14,0.09,0.74,0.298
352,1,713.32,419.08,189.65,188.27,0.75,1,4.05,-61.48,1006.70,1008.58,-3.72,0.16,0.77,0.271
353,1,717.79,419.09,189.71,188.32,0.77,1,6.01,-61.47,1006.81,1008.70,-3.56,0.23,0.80,0.260
354,1,722.50,419.32,188.44,188.33,0.64,1,7.96,-61.58,1010.30,1012.20,-1.66,0.26,0.74,0.135
355,1,726.50,419.39,188.48,188.31,0.60,1,9.74,-61.61,1012.33,1014.25,-0.22,0.23,0.67,0.041
356,1,730.50,419.38,188.48,188.33,0.60,1,11.42,-61.62,1013.39,1015.33,0.81,0.13,0.62,0.027
357,1,733.72,419.42,190.04,188.35,0.56,1,12.83,-61.45,1009.52,1011.47,-2.19,0.43,0.60,0.170
358,1,737.43,419.44,189.87,188.33,0.56,1,14.24,-61.34,1007.31,1009.27,-3.38,0.53,0.58,0.249
359,1,740.50,420.00,189.00,188.00,0.00,1,15.58,-61.27,1008.38,1010.36,-3.35,0.58,0.28,0.247
360,1,743.62,419.70,190.24,187.99,0.45,1,16.80,-61.14,1005.76,1007.75,-4.76,0.67,0.33,0.341
361,1,746.50,420.00,188.00,189.00,90.00,1,18.03,-61.17,1007.56,1009.57,-4.17,0.71,0.15,0.301
362,1,749.44,419.50,190.07,188.33,0.42,1,19.18,-61.15,1005.91,1007.95,-4.53,0.76,0.26,0.326
363,1,752.50,419.50,187.00,189.00,90.00,1,20.42,-61.34,1007.84,1009.91,-5.02,0.83,0.13,0.357
364,1,756.50,419.00,189.00,188.00,0.00,1,21.89,-61.54,1009.15,1011.26,-4.17,0.85,0.05,0.301
365,1,761.76,417.99,188.14,189.84,89.28,1,23.72,-61.77,1007.68,1009.85,-4.35,0.95,-0.35,0.315
366,1,769.50,417.07,187.94,190.13,89.04,1,26.35,-62.07,1005.85,1008.11,-4.99,1.11,-0.72,0.359
367,1,778.17,416.68,187.92,192.05,88.82,1,29.51,-62.05,999.52,1001.87,-7.11,1.35,-1.03,0.504
368,1,788.46,417.03,187.99,191.99,89.05,1,33.45,-61.93,995.83,998.32,-8.11,1.56,-1.07,0.575
369,1,798.60,417.83,188.39,193.34,88.67,1,37.64,-61.47,990.32,992.93,-9.27,1.81,-1.25,0.660
370,1,810.40,417.62,188.75,191.98,89.08,1,42.55,-61.41,990.97,993.78,-8.64,2.00,-1.12,0.620
371,1,820.47,417.65,188.72,192.06,89.05,1,47.35,-61.38,991.78,994.80,-8.15,2.19,-1.02,0.588
372,1,830.58,417.64,188.71,192.02,89.10,1,52.01,-61.39,992.79,996.04,-7.73,2.36,-0.91,0.562
373,1,841.46,417.67,188.72,193.62,89.10,1,56.46,-61.17,989.45,992.94,-8.61,2.62,-0.82,0.626
374,1,853.32,418.20,188.29,193.53,89.09,1,61.19,-60.95,987.77,991.54,-9.36,2.88,-0.77,0.681
375,1,865.55,418.77,188.70,193.61,89.20,1,66.14,-60.70,986.82,990.90,-9.53,3.12,-0.68,0.696
376,1,878.50,418.50,189.00,193.00,90.00,1,71.51,-60.71,988.16,992.60,-8.90,3.30,-0.22,0.656
377,1,891.50,419.00,188.00,195.00,90.00,1,76.61,-60.37,984.06,988.88,-10.42,3.63,0.09,0.765
378,1,904.50,420.00,188.00,193.00,90.00,1,82.31,-60.25,986.91,992.17,-10.06,3.85,0.25,0.741
379,1,916.50,420.00,188.00,193.00,90.00,1,87.79,-60.21,989.11,994.82,-9.71,4.06,0.33,0.719
380,1,928.50,420.00,188.00,193.00,90.00,1,93.08,-60.22,990.68,996.87,-9.41,4.27,0.35,0.701
381,1,940.50,420.00,188.00,193.00,90.00,1,98.24,-60.26,991.75,998.42,-9.16,4.48,0.35,0.688
382,1,952.50,420.50,189.00,193.00,90.00,1,103.32,-60.18,992.41,999.59,-8.24,4.60,0.33,0.633
383,1,963.06,420.51,193.36,188.50,0.46,1,107.93,-60.09,991.89,999.55,-8.23,4.79,0.55,0.637
384,1,974.50,420.50,189.00,193.00,90.00,1,112.64,-60.10,992.53,1000.70,-7.60,4.91,0.44,0.601
385,1,986.50,420.50,189.00,193.00,90.00,1,117.49,-60.13,993.03,1001.76,-7.16,5.05,0.37,0.578
386,1,998.50,421.00,190.00,193.00,90.00,1,122.41,-60.03,993.36,1002.67,-6.01,5.05,0.30,0.511
387,1,1010.50,421.50,189.00,193.00,90.00,1,127.42,-59.90,993.77,1003.69,-6.14,5.28,0.28,0.525
388,1,1022.50,421.50,189.00,193.00,90.00,1,132.47,-59.83,994.16,1004.73,-6.25,5.51,0.27,0.538
389,1,1033.43,421.48,193.88,188.51,0.47,1,136.99,-59.72,992.30,1003.49,-7.42,5.91,0.54,0.618
390,1,1044.50,421.50,193.00,189.00,-0.00,1,141.84,-59.76,993.49,1005.34,-7.03,6.04,0.45,0.599
391,1,1056.50,421.50,189.00,193.00,90.00,1,146.81,-59.82,994.50,1007.05,-6.66,6.17,0.39,0.581
392,1,1067.05,421.83,193.40,189.16,0.46,1,151.38,-59.74,994.22,1007.45,-6.53,6.31,0.60,0.579
393,1,1078.50,422.00,190.00,193.00,90.00,1,156.19,-59.69,995.07,1009.02,-5.31,6.16,0.47,0.509
394,1,1090.10,421.98,195.09,189.26,0.42,1,160.22,-59.45,990.71,1005.34,-6.87,6.76,0.64,0.617
395,1,1101.00,422.00,190.00,194.00,90.00,1,164.87,-59.42,990.74,1006.12,-6.31,6.82,0.51,0.590
396,1,1112.50,422.50,189.00,193.00,90.00,1,170.10,-59.49,993.79,1010.00,-5.85,6.88,0.43,0.565
397,1,1122.50,422.50,189.00,193.00,90.00,1,174.94,-59.55,996.03,1013.03,-5.47,6.94,0.37,0.547
398,1,1133.50,422.42,193.55,189.36,0.80,1,179.45,-59.54,996.11,1013.89,-5.31,6.99,0.77,0.541
399,1,1141.66,422.34,193.00,189.69,0.71,1,183.59,-59.60,997.26,1015.77,-4.38,6.72,0.96,0.485
400,1,1149.49,422.34,193.39,189.62,0.75,1,187.06,-59.61,997.12,1016.27,-4.18,6.71,1.10,0.476
401,1,1155.50,422.50,191.00,191.00,0.00,1,190.36,-59.62,999.04,1018.76,-1.00,4.01,0.60,0.212
402,1,1161.50,422.50,191.00,191.00,0.00,1,192.67,-59.51,997.78,1017.95,0.07,1.90,0.25,0.056
403,1,1167.50,422.50,191.00,191.00,0.00,1,194.81,-59.43,996.71,1017.31,0.43,0.84,0.04,0.023
404,1,1173.50,423.00,190.00,191.00,90.00,1,197.47,-59.45,998.69,1019.76,0.32,1.21,-0.01,0.014
405,1,1179.50,423.00,190.00,191.00,90.00,1,200.04,-59.47,1000.12,1021.66,0.19,1.63,-0.02,0.037
406,1,1185.50,423.00,190.00,191.00,90.00,1,202.56,-59.50,1001.04,1023.06,0.07,2.02,-0.01,0.062
407,1,1191.50,423.00,190.00,191.00,90.00,1,205.05,-59.52,1001.55,1024.05,-0.04,2.32,0.02,0.082
408,1,1196.50,423.00,190.00,193.00,90.00,1,207.07,-59.50,1000.80,1023.73,-0.93,4.28,0.14,0.222
409,1,1200.50,422.50,193.00,189.00,0.00,1,209.00,-59.68,1001.17,1024.49,-2.49,6.31,0.28,0.385
410,1,1205.66,421.51,189.38,193.71,89.27,1,210.50,-59.88,999.12,1022.81,-3.89,7.49,-0.02,0.498
411,1,1212.35,420.88,189.31,195.06,88.98,1,211.93,-60.00,994.85,1018.94,-5.80,8.57,-0.35,0.632
412,1,1220.64,420.38,189.59,195.02,88.64,1,214.37,-60.17,992.46,1017.13,-6.43,8.96,-0.74,0.681
413,1,1231.62,420.46,189.70,196.41,88.59,1,217.37,-60.09,988.32,1013.72,-7.50,9.49,-0.96,0.758
414,1,1243.67,421.22,189.81,196.97,88.91,1,221.33,-59.81,985.06,1011.39,-8.17,9.86,-0.89,0.811
415,1,1256.41,421.54,189.74,195.94,89.11,1,226.93,-59.72,986.40,1013.93,-7.63,9.91,-0.71,0.786
416,1,1267.72,421.54,189.75,197.04,89.10,1,231.96,-59.56,985.45,1014.13,-7.80,10.16,-0.56,0.806
417,1,1279.24,421.57,189.66,197.21,89.10,1,237.08,-59.46,985.11,1014.98,-7.91,10.39,-0.46,0.822
418,1,1289.49,421.63,189.65,197.07,89.10,1,242.09,-59.44,985.81,1016.84,-7.71,10.52,-0.39,0.818
419,1,1300.46,421.90,189.89,196.09,89.16,1,247.61,-59.51,988.97,1021.23,-6.51,10.27,-0.34,0.751
420,1,1311.96,422.32,191.00,196.58,88.85,1,252.59,-59.38,989.69,1023.13,-5.04,9.78,-0.50,0.670
421,1,1324.49,422.66,190.02,196.56,89.59,1,257.88,-59.29,990.72,1025.45,-4.79,9.73,-0.20,0.657
422,1,1337.56,423.02,189.56,197.93,89.51,1,262.76,-59.08,989.20,1025.21,-5.97,10.53,-0.00,0.743
423,1,1345.50,423.00,190.00,187.00,90.00,1,270.27,-59.51,1000.19,1037.77,-0.40,3.79,-0.06,0.176
424,1,1352.50,423.50,189.00,173.00,90.00,1,275.23,-59.57,1004.37,1043.10,1.34,-6.32,-0.46,0.495
425,1,1358.50,424.00,190.00,161.00,90.00,1,278.05,-59.33,1003.57,1043.06,1.95,-14.84,-0.87,1.041
426,1,1364.26,424.06,192.08,147.19,89.15,1,278.77,-58.84,997.11,1037.02,2.26,-22.81,-1.72,1.550
427,1,1370.50,424.00,190.00,137.00,90.00,1,281.55,-58.89,998.67,1039.27,2.63,-28.53,-2.01,1.883
428,1,1376.50,423.50,125.00,189.00,0.00,1,284.94,-59.23,1002.65,1044.04,2.96,-33.54,-2.33,2.146
429,1,1362.50,424.00,190.00,73.00,90.00,1,282.78,-59.19,1002.65,1043.44,3.90,-45.62,-3.49,2.747
430,1,1374.50,424.00,190.00,73.00,90.00,1,283.52,-59.17,1002.47,1043.47,4.59,-51.92,-4.32,3.015
431,0,0.00,0.00,0.00,0.00,0.00,1,284.63,-59.16,1002.73,1044.02,5.42,-57.69,-5.26,3.226
432,0,0.00,0.00,0.00,0.00,0.00,1,285.72,-59.14,1002.99,1044.57,6.56,-63.27,-6.51,3.399
433,0,0.00,0.00,0.00,0.00,0.00,1,286.79,-59.13,1003.25,1045.11,8.26,-68.74,-8.31,3.537
434,0,0.00,0.00,0.00,0.00,0.00,1,287.87,-59.12,1003.51,1045.65,168.21,73.23,168.02,3.625
435,0,0.00,0.00,0.00,0.00,0.00,1,289.23,-59.11,1003.75,1046.26,171.04,67.73,171.07,3.508
436,0,0.00,0.00,0.00,0.00,0.00,0,0.00,0.00,0.00,0.00,0.00,0.00,0.00,0.000
437,0,0.00,0.00,0.00,0.00,0.00,0,0.00,0.00,0.00,0.00,0.00,0.00,0.00,0.000
438,0,0.00,0.00,0.00,0.00,0.00,0,0.00,0.00,0.00,0.00,0.00,0.00,0.00,0.000
439,0,0.00,0.00,0.00,0.00,0.00,0,0.00,0.00,0.00,0.00,0.00,0.00,0.00,0.000
440,0,0.00,0.00,0.00,0.00,0.00,0,0.00,0.00,0.00,0.00,0.00,0.00,0.00,0.000
441,0,0.00,0.00,0.00,0.00,0.00,0,0.00,0.00,0.00,0.00,0.00,0.00,0.00,0.000
442,0,0.00,0.00,0.00,0.00,0.00,0,0.00,0.00,0.00,0.00,0.00,0.00,0.00,0.000
443,0,0.00,0.00,0.00,0.00,0.00,0,0.00,0.00,0.00,0.00,0.00,0.00,0.00,0.000
444,0,0.00,0.00,0.00,0.00,0.00,0,0.00,0.00,0.00,0.00,0.00,0.00,0.00,0.000
445,0,0.00,0.00,0.00,0.00,0.00,0,0.00,0.00,0.00,0.00,0.00,0.00,0.00,0.000
446,0,0.00,0.00,0.00,0.00,0.00,0,0.00,0.00,0.00,0.00,0.00,0.00,0.00,0.000
447,0,0.00,0.00,0.00,0.00,0.00,0,0.00,0.00,0.00,0.00,0.00,0.00,0.00,0.000
448,0,0.00,0.00,0.00,0.00,0.00,0,0.00,0.00,0.00,0.00,0.00,0.00,0.00,0.000
449,0,0.00,0.00,0.00,0.00,0.00,0,0.00,0.00,0.00,0.00,0.00,0.00,0.00,0.000
450,0,0.00,0.00,0.00,0.00,0.00,0,0.00,0.00,0.00,0.00,0.00,0.00,0.00,0.000
451,0,0.00,0.00,0.00,0.00,0.00,0,0.00,0.00,0.00,0.00,0.00,0.00,0.00,0.000
452,0,0.00,0.00,0.00,0.00,0.00,0,0.00,0.00,0.00,0.00,0.00,0.00,0.00,0.000
453,0,0.00,0.00,0.00,0.00,0.00,0,0.00,0.00,0.00,0.00,0.00,0.00,0.00,0.000
454,0,0.00,0.00,0.00,0.00,0.00,0,0.00,0.00,0.00,0.00,0.00,0.00,0.00,0.000
455,0,0.00,0.00,0.00,0.00,0.00,0,0.00,0.00,0.00,0.00,0.00,0.00,0.00,0.000
456,0,0.00,0.00,0.00,0.00,0.00,0,0.00,0.00,0.00,0.00,0.00,0.00,0.00,0.000
457,0,0.00,0.00,0.00,0.00,0.00,0,0.00,0.00,0.00,0.00,0.00,0.00,0.00,0.000
458,0,0.00,0.00,0.00,0.00,0.00,0,0.00,0.00,0.00,0.00,0.00,0.00,0.00,0.000
459,0,0.00,0.00,0.00,0.00,0.00,0,0.00,0.00,0.00,0.00,0.00,0.00,0.00,0.000
460,0,0.00,0.00,0.00,0.00,0.00,0,0.00,0.00,0.00,0.00,0.00,0.00,0.00,0.000
461,0,0.00,0.00,0.00,0.00,0.00,0,0.00,0.00,0.00,0.00,0.00,0.00,0.00,0.000
462,1,1374.50,424.00,190.00,73.00,90.00,1,282.98,-59.15,1001.88,1042.76,4.66,-52.28,-4.43,3.033
463,1,1364.50,424.00,190.00,73.00,90.00,1,278.80,-59.15,1001.97,1041.72,4.70,-52.48,-4.46,3.041
464,1,1377.50,424.00,190.00,123.00,90.00,1,283.74,-59.16,1001.83,1042.92,3.20,-36.55,-2.57,2.310
465,1,1372.50,424.00,190.00,133.00,90.00,1,283.21,-59.16,1001.81,1042.75,2.76,-29.36,-1.96,1.919
466,1,1366.50,424.00,145.00,190.00,-0.00,1,281.09,-59.16,1001.81,1042.18,2.45,-23.71,-1.55,1.590
467,1,1360.49,424.05,191.76,155.16,89.32,1,276.87,-58.81,996.02,1035.46,2.10,-19.13,-1.60,1.327
468,1,1355.50,424.00,190.00,167.00,90.00,1,274.94,-58.96,998.37,1037.22,1.78,-13.20,-1.06,0.947
469,1,1349.50,424.00,190.00,179.00,90.00,1,272.47,-59.05,999.69,1037.84,1.21,-5.76,-0.52,0.462
470,1,1343.50,424.00,190.00,191.00,90.00,1,268.96,-59.02,998.00,1035.29,-1.38,5.95,0.23,0.330
471,1,1335.50,424.00,190.00,195.00,90.00,1,259.31,-57.86,974.42,1009.99,-10.07,11.80,0.62,1.004
472,1,1323.50,424.00,190.00,195.00,90.00,1,251.98,-57.23,962.61,996.68,-12.78,12.17,0.67,1.180
473,1,1312.50,424.00,190.00,193.00,90.00,1,248.58,-57.48,967.23,1000.31,-11.86,11.82,0.65,1.108
474,1,1301.50,424.00,190.00,195.00,90.00,1,244.70,-57.66,970.84,1002.86,-11.08,11.47,0.63,1.047
475,1,1289.50,424.00,190.00,195.00,90.00,1,241.05,-57.96,976.56,1007.54,-9.74,10.97,0.60,0.948
476,1,1278.50,424.00,190.00,193.00,90.00,1,238.60,-58.49,986.95,1017.06,-6.84,9.94,0.53,0.752
477,1,1267.50,423.50,191.00,195.00,90.00,1,234.25,-58.68,989.20,1018.25,-5.13,9.01,0.48,0.633
478,1,1256.49,423.61,195.19,189.68,0.68,1,229.82,-58.81,990.77,1018.77,-5.21,8.80,0.82,0.624
479,1,1244.50,423.50,191.00,193.00,90.00,1,225.80,-59.01,994.59,1021.60,-2.55,6.78,0.57,0.416
480,1,1233.50,423.50,191.00,195.00,90.00,1,220.71,-58.95,993.31,1019.25,-2.51,6.64,0.46,0.408
481,1,1221.50,423.50,191.00,195.00,90.00,1,215.56,-58.90,992.26,1017.12,-2.69,6.71,0.39,0.419
482,1,1210.50,423.50,191.00,193.00,90.00,1,211.18,-58.96,993.94,1017.83,-1.54,5.31,0.26,0.302
483,1,1198.50,423.00,193.00,190.00,0.00,1,206.81,-59.21,996.51,1019.46,-1.62,5.32,0.24,0.304
484,1,1188.50,423.00,193.00,190.00,0.00,1,202.57,-59.37,998.04,1020.12,-1.82,5.47,0.24,0.319
485,1,1177.50,422.50,189.00,195.00,90.00,1,197.54,-59.46,995.95,1017.09,-4.73,7.47,0.36,0.535
486,1,1169.21,421.45,189.88,193.57,89.08,1,193.62,-59.77,996.11,1016.51,-4.71,7.38,-0.13,0.530
487,1,1161.79,420.47,188.81,193.45,89.06,1,190.32,-60.22,996.76,1016.56,-5.50,7.62,-0.43,0.575
488,1,1157.23,420.33,189.47,192.85,88.71,1,188.14,-60.55,998.27,1017.64,-4.84,7.30,-0.80,0.530
489,1,1153.55,420.66,189.15,193.06,89.08,1,186.48,-60.63,998.74,1017.81,-4.82,7.23,-0.81,0.526
490,1,1150.40,420.93,189.44,191.98,89.09,1,185.69,-60.68,1001.07,1019.96,-3.51,6.53,-0.80,0.436
491,1,1146.41,420.97,189.23,192.13,89.23,1,184.68,-60.65,1002.05,1020.74,-3.04,6.18,-0.69,0.399
492,1,1141.60,420.79,189.15,193.12,89.12,1,182.96,-60.56,1000.57,1018.97,-3.85,6.62,-0.63,0.454
493,1,1137.27,420.66,189.13,193.23,89.10,1,181.13,-60.49,999.04,1017.12,-4.58,6.91,-0.59,0.501
494,1,1132.52,420.68,189.15,192.13,89.12,1,179.64,-60.55,1000.35,1018.15,-4.03,6.59,-0.58,0.461
495,1,1129.22,421.02,189.16,191.23,89.62,1,178.56,-60.59,1002.85,1020.42,-2.79,5.77,-0.36,0.369
496,1,1127.50,421.50,189.00,191.00,90.00,1,177.80,-60.51,1004.60,1022.00,-2.00,5.04,-0.02,0.301
497,1,1125.50,422.00,188.00,191.00,90.00,1,177.29,-60.44,1006.69,1023.96,-2.50,5.41,0.22,0.338
498,1,1123.50,422.50,189.00,191.00,90.00,1,176.53,-60.20,1006.68,1023.82,-1.99,4.95,0.31,0.295
499,1,1121.50,422.50,191.00,189.00,0.00,1,175.77,-60.04,1006.40,1023.40,-1.72,4.66,0.34,0.271
500,1,1120.50,422.50,189.00,189.00,90.00,1,175.57,-60.03,1007.84,1024.78,-0.29,2.61,0.22,0.110
501,1,1119.50,422.50,189.00,191.00,90.00,1,175.02,-59.97,1007.05,1023.91,-0.67,3.30,0.24,0.161
502,1,1118.29,422.86,191.19,189.20,0.54,1,174.41,-59.84,1005.78,1022.55,-1.05,3.83,0.53,0.204
503,1,1116.53,422.35,191.45,189.48,0.76,1,173.58,-59.82,1004.09,1020.74,-1.37,4.19,0.82,0.235
504,1,1112.59,421.97,191.91,189.76,0.94,1,172.10,-59.85,1001.96,1018.39,-1.77,4.56,1.09,0.270
505,1,1106.53,421.53,192.02,189.72,0.95,1,169.91,-59.97,1000.47,1016.56,-2.20,4.88,1.25,0.305
506,1,1099.32,421.19,193.40,189.82,0.99,1,166.58,-59.98,996.78,1012.38,-3.75,5.78,1.38,0.416
507,1,1090.46,420.73,193.45,189.45,1.37,1,162.68,-60.06,994.15,1009.16,-5.11,6.20,1.63,0.502
508,1,1081.74,420.96,193.84,189.53,1.17,1,158.44,-60.00,991.62,1005.99,-6.15,6.38,1.66,0.565
509,1,1072.03,421.17,193.36,189.44,1.08,1,154.22,-59.97,991.41,1005.13,-6.43,6.30,1.59,0.577
510,1,1063.27,421.37,193.58,189.65,0.94,1,150.02,-59.86,990.96,1004.04,-6.55,6.18,1.45,0.580
511,1,1053.40,421.83,193.92,189.01,0.95,1,145.60,-59.66,990.02,1002.44,-7.38,6.20,1.36,0.628
512,1,1041.54,421.80,193.57,189.25,0.82,1,140.91,-59.58,990.29,1002.04,-7.44,6.03,1.23,0.626
513,1,1030.48,421.98,195.15,189.06,0.72,1,135.55,-59.28,986.43,997.46,-8.75,6.05,1.10,0.707
514,1,1018.12,421.91,195.13,189.25,0.47,1,130.13,-59.11,983.93,994.26,-9.40,5.93,0.89,0.747
515,1,1006.09,421.93,195.13,189.29,0.47,1,124.80,-59.00,982.42,992.07,-9.74,5.75,0.77,0.765
516,1,994.14,421.86,195.09,189.23,0.48,1,119.59,-58.97,981.70,990.71,-9.92,5.55,0.71,0.773
517,1,982.50,422.00,193.00,190.00,0.00,1,115.17,-59.21,986.75,995.21,-8.08,5.12,0.42,0.642
518,1,970.97,421.85,193.50,189.19,0.48,1,110.46,-59.34,988.73,996.65,-7.76,4.86,0.50,0.614
519,1,959.30,421.47,193.62,189.21,0.72,1,105.65,-59.48,989.43,996.83,-7.72,4.63,0.70,0.606
520,1,947.88,421.02,193.36,188.85,0.88,1,100.92,-59.69,990.25,997.17,-7.87,4.42,0.92,0.609
521,1,937.29,421.23,193.61,188.70,0.71,1,96.30,-59.73,989.85,996.31,-8.35,4.27,0.96,0.636
522,1,926.49,421.00,192.16,188.74,0.86,1,92.13,-59.98,993.16,999.22,-7.59,3.99,1.04,0.579
523,1,915.47,421.09,193.42,188.62,0.76,1,87.51,-59.92,991.74,997.39,-8.19,3.86,1.03,0.616
524,1,905.18,421.05,193.52,188.51,0.75,1,83.03,-59.85,990.25,995.53,-8.77,3.72,1.01,0.652
525,1,893.81,420.88,192.69,188.61,0.73,1,78.62,-59.94,991.31,996.23,-8.50,3.50,0.97,0.630
526,1,883.35,420.78,193.48,188.61,0.73,1,74.09,-59.90,989.82,994.39,-8.89,3.34,0.94,0.654
527,1,872.48,420.79,192.08,188.54,0.90,1,69.84,-60.05,992.45,996.72,-8.19,3.09,0.99,0.602
528,1,861.29,420.51,193.51,188.27,0.70,1,65.15,-60.01,990.29,994.24,-8.99,2.94,0.93,0.654
529,1,849.69,420.48,193.26,188.10,0.84,1,60.40,-60.01,989.40,993.06,-9.46,2.76,0.95,0.684
530,1,838.52,420.12,192.09,188.63,0.89,1,55.85,-60.23,991.89,995.28,-8.57,2.49,0.98,0.620
531,1,827.39,420.16,193.34,188.47,0.71,1,51.08,-60.18,990.15,993.29,-8.99,2.31,0.91,0.647
532,1,816.26,420.09,191.79,188.43,0.73,1,46.56,-60.37,993.04,995.96,-8.20,2.06,0.86,0.589
533,1,805.08,420.36,193.23,188.25,0.50,1,41.82,-60.22,991.03,993.74,-8.89,1.89,0.71,0.635
534,1,794.27,420.00,191.84,188.22,0.70,1,37.33,-60.38,993.28,995.81,-8.39,1.67,0.72,0.598
535,1,783.06,420.28,193.07,188.11,0.49,1,32.66,-60.25,991.41,993.77,-9.04,1.49,0.62,0.642
536,1,772.38,419.50,192.28,188.31,0.42,1,28.16,-60.43,992.20,994.44,-8.77,1.28,0.52,0.621
537,1,761.50,419.00,188.00,191.00,90.00,1,23.76,-60.84,996.14,998.28,-7.87,1.07,0.24,0.556
538,1,752.49,417.89,188.18,191.17,89.32,1,19.68,-61.30,998.18,1000.25,-7.24,0.90,-0.28,0.511
539,1,744.12,416.96,187.50,191.15,88.93,1,15.97,-61.79,999.26,1001.29,-7.43,0.77,-0.80,0.522
540,1,738.50,416.87,187.61,188.19,89.02,1,13.18,-62.50,1007.78,1009.81,-4.81,0.62,-1.04,0.343
541,1,733.56,416.99,187.84,189.94,89.06,1,10.89,-62.61,1008.17,1010.17,-4.55,0.53,-1.12,0.325
542,1,729.67,417.23,188.05,189.88,89.15,1,9.17,-62.57,1008.02,1010.00,-4.27,0.46,-1.08,0.307
543,1,725.87,417.63,187.74,189.67,89.36,1,7.76,-62.44,1008.11,1010.07,-4.36,0.40,-0.92,0.312
544,1,721.80,417.62,187.63,189.74,89.32,1,6.40,-62.32,1007.71,1009.66,-4.71,0.34,-0.81,0.336
545,1,717.51,417.53,187.22,189.62,89.19,1,4.97,-62.27,1007.61,1009.54,-5.30,0.28,-0.80,0.374
546,1,713.50,417.50,189.00,187.00,90.00,1,3.52,-62.51,1014.72,1016.65,1.16,0.26,-0.38,0.050
547,1,709.50,418.00,188.00,187.00,90.00,1,2.12,-62.37,1015.69,1017.60,3.57,-4.62,-0.41,0.364
548,1,706.50,418.50,187.00,189.00,90.00,1,0.62,-62.32,1015.98,1017.89,-0.66,0.11,0.03,0.069
549,1,703.50,419.50,187.00,187.00,90.00,1,-0.66,-62.15,1019.10,1020.99,0.32,0.10,0.10,0.006
550,1,700.50,419.50,189.00,187.00,0.00,1,-1.88,-61.82,1015.28,1017.16,-3.02,-0.01,0.11,0.221
551,1,699.36,418.97,189.13,187.41,1.04,1,-2.67,-61.69,1012.27,1014.15,-4.15,-0.08,0.63,0.295
552,1,695.60,418.11,189.71,187.70,1.10,1,-3.77,-61.72,1008.72,1010.61,-5.02,-0.15,0.98,0.355
553,1,689.35,417.29,191.35,187.41,1.50,1,-5.63,-61.72,1002.14,1004.05,-7.19,-0.27,1.37,0.502
554,1,680.42,416.60,191.77,187.99,2.05,1,-8.54,-61.80,997.16,999.11,-8.13,-0.43,1.85,0.570
555,1,670.25,416.23,192.42,187.52,1.85,1,-12.33,-61.86,992.80,994.80,-9.34,-0.62,2.00,0.657
556,1,659.25,416.59,191.92,187.35,1.58,1,-16.84,-61.90,992.00,994.08,-9.72,-0.82,1.90,0.684
557,1,647.69,417.31,191.59,187.11,1.36,1,-21.83,-61.83,993.05,995.21,-9.76,-1.05,1.67,0.686
558,1,637.51,417.98,192.33,187.57,1.12,1,-26.68,-61.52,992.21,994.47,-9.85,-1.27,1.37,0.694
559,1,626.31,418.56,191.39,187.85,0.88,1,-31.68,-61.34,994.50,996.89,-8.99,-1.46,1.04,0.635
560,1,614.66,418.99,192.18,187.49,0.47,1,-36.69,-61.04,994.11,996.65,-9.16,-1.67,0.63,0.648
561,1,602.71,419.01,192.11,187.51,0.48,1,-41.80,-60.88,994.14,996.88,-9.18,-1.89,0.39,0.651
562,1,590.70,419.00,192.13,187.51,0.47,1,-46.93,-60.81,994.25,997.21,-9.17,-2.12,0.26,0.653
563,1,578.50,419.00,186.00,193.00,90.00,1,-51.98,-60.70,992.10,995.32,-10.70,-2.41,-0.04,0.759
564,1,565.50,418.50,187.00,191.00,90.00,1,-57.55,-61.04,996.20,999.73,-9.69,-2.60,-0.20,0.689
565,1,553.50,418.00,186.00,191.00,90.00,1,-62.96,-61.41,999.05,1002.91,-9.60,-2.83,-0.28,0.682
566,1,541.50,418.00,186.00,191.00,90.00,1,-68.23,-61.65,1000.85,1005.07,-9.50,-3.05,-0.30,0.676
567,1,529.35,418.50,190.17,186.55,0.48,1,-73.60,-61.79,1004.19,1008.77,-8.44,-3.21,-0.04,0.607
568,1,517.59,418.99,190.38,187.37,0.43,1,-78.75,-61.71,1005.57,1010.54,-7.19,-3.32,0.12,0.530
569,1,507.41,418.99,190.28,187.24,0.40,1,-83.46,-61.65,1006.50,1011.84,-6.37,-3.42,0.20,0.482
570,1,497.36,418.98,190.33,187.13,0.36,1,-87.85,-61.61,1006.79,1012.49,-6.04,-3.55,0.22,0.464
571,1,487.31,418.51,190.07,186.56,0.49,1,-92.12,-61.74,1007.58,1013.67,-6.20,-3.75,0.27,0.477
572,1,477.31,418.51,190.05,186.56,0.49,1,-96.29,-61.83,1008.08,1014.56,-6.33,-3.94,0.30,0.489
573,1,467.34,418.52,189.59,187.26,0.71,1,-100.54,-61.93,1009.55,1016.43,-5.35,-3.94,0.43,0.431
574,1,457.43,418.95,190.18,187.15,0.40,1,-104.57,-61.82,1008.89,1016.18,-5.37,-4.09,0.34,0.437
575,1,447.39,418.52,190.07,186.54,0.49,1,-108.70,-61.87,1008.82,1016.55,-5.86,-4.35,0.30,0.472
576,1,435.69,418.51,190.14,186.56,0.49,1,-113.22,-61.91,1008.68,1016.90,-6.19,-4.60,0.28,0.497
577,1,425.50,419.00,186.00,191.00,90.00,1,-117.42,-61.72,1006.43,1015.13,-7.52,-4.98,-0.01,0.586
578,1,413.50,419.00,186.00,191.00,90.00,1,-122.05,-61.61,1005.15,1014.41,-8.21,-5.28,-0.20,0.635
579,1,403.50,419.00,191.00,186.00,0.00,1,-126.54,-61.55,1004.60,1014.41,-8.52,-5.51,-0.31,0.659
580,1,391.50,418.52,189.86,186.54,0.49,1,-131.77,-61.80,1007.63,1018.09,-7.32,-5.53,-0.09,0.587
581,1,381.35,418.53,189.95,186.52,0.49,1,-136.64,-61.95,1009.57,1020.66,-6.44,-5.56,0.05,0.537
582,1,369.57,418.52,189.76,186.53,0.49,1,-141.71,-62.08,1011.40,1023.17,-5.59,-5.55,0.15,0.491
583,1,359.46,418.56,189.90,186.46,0.49,1,-146.40,-62.14,1012.23,1024.65,-5.21,-5.62,0.20,0.472
584,1,348.39,418.54,188.14,186.48,0.49,1,-151.75,-62.38,1016.91,1030.06,-3.16,-4.94,0.27,0.345
585,1,337.48,418.54,189.84,186.47,0.49,1,-156.24,-62.34,1015.91,1029.74,-3.59,-5.32,0.26,0.380
586,1,326.40,418.55,188.12,186.46,0.49,1,-161.38,-62.47,1018.66,1033.25,-2.19,-4.58,0.30,0.285
587,1,315.50,419.00,189.78,185.54,0.49,1,-165.89,-62.36,1017.76,1033.08,-3.91,-5.79,0.22,0.412
588,1,304.44,419.00,188.02,185.56,0.49,1,-171.12,-62.46,1020.81,1036.94,-3.24,-5.58,0.22,0.372
589,1,293.52,419.00,189.69,185.56,0.49,1,-175.52,-62.36,1019.13,1036.02,-4.37,-6.32,0.18,0.453
590,1,282.51,419.01,187.89,185.53,0.48,1,-180.76,-62.49,1022.00,1039.74,-3.30,-5.90,0.19,0.387
591,1,272.50,419.50,185.00,189.00,90.00,1,-185.22,-62.39,1021.80,1040.33,-4.09,-6.45,-0.10,0.444
592,1,261.50,419.50,185.00,187.00,90.00,1,-190.56,-62.52,1025.74,1045.16,-2.65,-5.65,-0.21,0.347
593,1,251.50,419.50,185.00,187.00,90.00,1,-195.40,-62.59,1027.67,1047.96,-1.76,-4.90,-0.26,0.277
594,1,241.50,419.50,185.00,187.00,90.00,1,-199.93,-62.61,1028.46,1049.58,-1.28,-4.38,-0.27,0.233
595,1,231.50,419.50,185.00,187.00,90.00,1,-204.29,-62.63,1028.68,1050.64,-1.04,-4.09,-0.26,0.210
596,1,221.50,419.50,185.00,187.00,90.00,1,-208.58,-62.63,1028.64,1051.44,-0.92,-3.95,-0.24,0.199
597,1,213.50,419.50,187.00,185.00,0.00,1,-212.39,-62.63,1028.51,1052.08,-0.86,-3.92,-0.23,0.195
598,1,203.50,419.50,185.00,187.00,90.00,1,-216.37,-62.64,1028.36,1052.74,-0.83,-3.92,-0.21,0.193
599,1,195.50,419.50,185.00,187.00,90.00,1,-220.03,-62.64,1028.22,1053.37,-0.81,-3.94,-0.20,0.194
600,1,187.50,419.50,185.00,187.00,90.00,1,-223.51,-62.64,1028.12,1054.00,-0.80,-3.95,-0.19,0.194
601,1,180.50,419.50,185.00,185.00,90.00,1,-226.91,-62.67,1028.89,1055.48,-0.09,-2.30,-0.08,0.083
602,1,173.50,419.50,185.00,187.00,90.00,1,-229.83,-62.66,1028.57,1055.80,-0.31,-2.91,-0.12,0.122
603,1,166.50,419.50,185.00,185.00,90.00,1,-232.88,-62.68,1028.95,1056.84,0.08,-1.79,-0.05,0.049
604,1,160.50,419.50,185.00,185.00,90.00,1,-235.61,-62.69,1029.09,1057.58,0.26,-1.14,-0.01,0.014
605,1,154.50,419.50,185.00,185.00,90.00,1,-238.17,-62.69,1029.13,1058.19,0.34,-0.82,0.01,0.021
606,1,149.50,419.00,186.00,183.00,90.00,1,-239.91,-62.64,1026.62,1056.14,0.79,1.24,0.14,0.149
607,1,145.50,419.00,186.00,183.00,90.00,1,-241.43,-62.60,1024.93,1054.84,0.97,2.35,0.21,0.219
608,1,142.50,418.00,188.00,181.00,90.00,1,-241.43,-62.46,1018.47,1048.56,1.33,4.93,0.37,0.387
609,1,142.50,418.00,188.00,181.00,90.00,1,-241.08,-62.38,1014.55,1044.66,1.48,6.27,0.45,0.476
610,1,143.97,417.14,186.94,181.54,89.51,1,-241.00,-62.70,1015.47,1045.56,1.51,6.22,0.20,0.472
611,1,146.50,417.50,189.00,181.00,90.00,1,-238.92,-62.49,1010.82,1040.55,1.60,7.14,0.35,0.535
612,1,148.50,418.00,188.00,181.00,90.00,1,-237.73,-62.40,1010.94,1040.39,1.60,7.19,0.42,0.538
613,1,152.50,418.00,188.00,181.00,90.00,1,-236.12,-62.35,1011.45,1040.52,1.60,7.12,0.46,0.533
614,1,155.50,417.00,188.00,183.00,90.00,1,-234.50,-62.55,1012.02,1040.71,1.50,6.09,0.43,0.466
615,1,158.56,417.17,186.09,183.81,89.10,1,-234.11,-62.98,1017.87,1046.35,1.27,4.01,-0.14,0.329
616,1,164.50,417.00,188.00,181.00,90.00,1,-231.57,-62.95,1016.46,1044.40,1.40,5.06,0.10,0.397
617,1,169.50,417.00,188.00,183.00,90.00,1,-228.96,-62.91,1015.28,1042.67,1.38,4.84,0.21,0.384
618,1,176.50,417.17,186.49,183.38,89.26,1,-226.88,-63.09,1018.69,1045.55,1.27,3.78,-0.14,0.313
619,1,183.50,417.00,188.00,183.00,90.00,1,-223.38,-62.97,1016.68,1042.83,1.32,4.14,0.07,0.337
620,1,191.50,417.50,189.00,183.00,90.00,1,-219.10,-62.60,1012.51,1037.84,1.44,4.99,0.25,0.395
621,1,199.57,417.43,186.52,185.87,89.07,1,-216.35,-62.80,1016.62,1041.29,1.12,2.68,-0.29,0.243
622,1,209.50,417.50,189.00,183.00,90.00,1,-211.53,-62.51,1012.77,1036.51,1.36,4.23,0.03,0.345
623,1,218.50,417.50,189.00,185.00,90.00,1,-206.91,-62.32,1010.20,1033.05,1.37,4.20,0.18,0.344
624,1,228.50,417.50,189.00,185.00,90.00,1,-202.33,-62.21,1008.75,1030.72,1.39,4.22,0.28,0.346
625,1,238.50,416.50,189.00,185.00,90.00,1,-197.82,-62.39,1008.11,1029.22,1.42,4.28,0.34,0.350
626,1,248.55,416.71,187.24,187.40,89.22,1,-194.20,-62.77,1012.58,1032.94,1.02,1.76,-0.20,0.182
627,1,260.50,416.50,189.00,185.00,90.00,1,-189.10,-62.76,1011.06,1030.50,1.23,2.85,0.02,0.253
628,1,271.50,417.00,188.00,187.00,90.00,1,-184.48,-62.80,1012.55,1031.13,1.03,1.68,0.06,0.176
629,1,282.50,417.50,187.00,185.00,90.00,1,-180.32,-62.88,1016.46,1034.24,1.04,1.69,0.12,0.174
630,1,293.50,417.50,187.00,187.00,90.00,1,-175.82,-62.91,1018.62,1035.60,0.71,0.25,0.07,0.078
631,1,305.50,417.50,187.00,187.00,90.00,1,-170.94,-62.92,1019.71,1035.85,0.42,-0.69,0.03,0.016
632,1,317.50,417.50,187.00,187.00,0.00,1,-165.86,-62.91,1020.14,1035.44,0.22,-1.19,0.01,0.022
633,1,328.50,417.50,189.00,187.00,-0.00,1,-160.60,-62.84,1018.72,1033.21,-1.07,-3.37,-0.13,0.183
634,1,339.50,417.50,187.00,187.00,90.00,1,-155.87,-62.86,1019.31,1033.07,-0.58,-2.64,-0.09,0.129
635,1,350.50,418.00,186.00,189.00,90.00,1,-150.91,-62.75,1018.33,1031.36,-2.82,-4.65,-0.22,0.317
636,1,362.50,418.00,186.00,189.00,90.00,1,-145.68,-62.61,1016.42,1028.72,-4.41,-5.24,-0.27,0.416
637,1,373.50,418.00,186.00,191.00,90.00,1,-139.94,-62.24,1009.89,1021.44,-6.99,-5.77,-0.30,0.573
638,1,385.50,418.50,185.00,191.00,90.00,1,-134.45,-61.92,1005.80,1016.64,-9.02,-5.91,-0.32,0.696
639,1,397.44,418.50,190.13,186.31,0.40,1,-129.47,-61.84,1005.85,1016.03,-8.55,-5.64,-0.09,0.662
640,1,409.36,418.51,190.09,186.54,0.48,1,-124.50,-61.81,1006.38,1015.93,-7.87,-5.34,0.10,0.614
641,1,420.50,419.00,186.00,189.00,90.00,1,-120.03,-61.87,1009.86,1018.85,-6.87,-4.97,-0.03,0.544
642,1,431.61,418.50,190.23,186.57,0.49,1,-115.12,-61.85,1008.84,1017.27,-6.74,-4.76,0.13,0.532
643,1,443.33,418.50,190.15,186.55,0.49,1,-110.19,-61.84,1008.21,1016.10,-6.68,-4.56,0.22,0.524
644,1,452.52,418.00,190.85,186.70,0.84,1,-105.60,-61.85,1005.89,1013.31,-7.15,-4.47,0.46,0.552
645,1,460.44,417.48,190.21,186.47,1.07,1,-101.88,-62.07,1006.10,1013.14,-7.16,-4.34,0.72,0.549
646,1,466.52,416.97,188.25,187.75,1.79,1,-99.43,-62.55,1011.40,1018.20,-4.11,-3.62,1.28,0.351
647,1,471.47,417.28,188.59,186.28,1.12,1,-97.37,-62.77,1014.02,1020.61,-3.87,-3.48,1.24,0.332
648,1,475.65,417.47,188.40,186.47,1.07,1,-95.76,-62.86,1015.91,1022.35,-3.45,-3.30,1.16,0.302
649,1,480.71,417.99,187.80,186.83,0.87,1,-94.26,-62.81,1018.13,1024.41,-2.13,-2.73,1.00,0.212
650,1,485.50,418.49,189.70,186.57,0.49,1,-92.21,-62.43,1014.58,1020.67,-4.11,-3.32,0.63,0.340
651,1,490.37,418.50,188.12,186.59,0.49,1,-90.57,-62.37,1015.98,1021.92,-3.61,-3.12,0.43,0.306
652,1,494.41,418.96,188.30,187.15,0.38,1,-88.93,-62.18,1016.19,1021.97,-2.82,-2.80,0.27,0.253
653,1,498.37,418.99,188.31,187.23,0.39,1,-87.33,-62.05,1016.10,1021.73,-2.25,-2.53,0.20,0.213
654,1,501.50,418.99,186.67,187.17,0.37,1,-86.21,-62.11,1018.95,1024.48,0.14,-0.77,0.27,0.024
655,1,504.42,418.99,188.29,187.13,0.36,1,-84.85,-62.06,1018.04,1023.46,-0.57,-1.47,0.21,0.088
656,1,506.46,418.50,187.97,186.56,0.49,1,-83.86,-62.21,1018.21,1023.55,-1.60,-2.13,0.25,0.165
657,1,508.67,418.50,188.15,186.56,0.49,1,-82.93,-62.28,1017.59,1022.86,-2.59,-2.53,0.28,0.232
658,1,512.23,418.51,187.66,187.48,0.76,1,-81.83,-62.31,1017.87,1023.06,-1.28,-1.91,0.50,0.141
659,1,515.44,419.06,189.69,187.39,0.49,1,-80.21,-61.99,1013.23,1018.29,-3.30,-2.68,0.43,0.278
660,1,513.60,419.49,190.32,186.56,0.50,1,-79.61,-61.61,1008.44,1013.45,-5.91,-3.20,0.38,0.447
661,1,503.13,418.96,193.02,187.11,0.94,1,-81.14,-61.10,998.41,1003.56,-8.81,-3.65,0.57,0.645
662,1,488.23,418.53,191.45,187.66,0.85,1,-85.84,-61.12,996.85,1002.41,-8.73,-3.86,0.64,0.646
663,1,478.54,418.52,190.94,187.63,0.83,1,-91.10,-61.26,998.12,1004.14,-8.09,-4.02,0.66,0.607
664,1,473.36,418.51,189.32,187.57,0.80,1,-95.80,-61.61,1003.89,1010.33,-6.18,-3.94,0.66,0.484
665,1,469.40,418.50,189.37,187.60,0.82,1,-99.27,-61.84,1007.75,1014.51,-4.68,-3.76,0.67,0.389
666,1,463.28,418.48,189.75,187.43,0.76,1,-102.23,-61.93,1009.20,1016.26,-4.23,-3.75,0.63,0.363
667,1,453.56,418.44,192.68,187.77,0.90,1,-104.93,-61.59,1002.34,1009.70,-6.52,-4.38,0.64,0.516
668,1,442.43,418.17,191.21,187.48,0.87,1,-109.00,-61.64,1001.84,1009.63,-6.82,-4.60,0.64,0.540
669,1,432.82,417.90,191.49,187.09,0.90,1,-113.14,-61.71,1001.11,1009.37,-7.46,-4.87,0.64,0.586
670,1,423.35,417.53,193.05,187.65,0.86,1,-116.84,-61.61,996.78,1005.50,-8.49,-5.20,0.61,0.659
671,1,411.42,417.38,193.28,187.80,0.81,1,-121.15,-61.55,993.80,1003.05,-9.03,-5.47,0.56,0.702
672,1,399.26,417.30,193.50,187.72,0.82,1,-125.91,-61.52,991.86,1001.71,-9.43,-5.74,0.53,0.735
673,1,387.27,416.95,193.27,188.23,0.80,1,-131.03,-61.61,991.77,1002.28,-9.02,-5.91,0.50,0.716
674,1,375.53,416.91,193.31,188.12,0.72,1,-136.20,-61.70,992.15,1003.36,-8.72,-6.09,0.44,0.702
675,1,364.50,416.02,192.50,187.54,0.48,1,-141.53,-62.08,994.97,1006.90,-8.26,-6.21,0.27,0.676
676,1,351.50,415.50,187.00,195.00,90.00,1,-146.10,-62.10,990.64,1003.28,-9.93,-6.63,-0.11,0.790
677,1,338.50,414.50,193.00,189.00,0.00,1,-151.86,-62.57,993.20,1006.68,-8.19,-6.57,-0.31,0.685
678,1,326.50,414.00,188.00,193.00,90.00,1,-157.45,-62.99,995.28,1009.62,-7.59,-6.65,-0.43,0.651
679,1,315.50,413.51,188.22,192.08,89.66,1,-163.02,-63.47,999.06,1014.26,-6.24,-6.48,-0.64,0.569
680,1,308.50,413.50,189.00,189.00,90.00,1,-168.33,-64.00,1007.20,1023.17,-1.80,-4.27,-0.44,0.260
681,1,305.50,413.50,189.00,191.00,90.00,1,-170.67,-64.01,1006.97,1023.33,-1.03,-3.46,-0.32,0.189
682,1,307.50,413.50,191.00,189.00,0.00,1,-170.93,-63.97,1006.53,1022.94,-0.83,-3.20,-0.24,0.168
683,1,316.50,413.50,189.00,193.00,90.00,1,-168.00,-63.80,1003.48,1019.44,-2.53,-4.94,-0.31,0.325
684,1,326.50,413.50,189.00,193.00,90.00,1,-163.32,-63.59,1000.19,1015.43,-4.09,-5.73,-0.33,0.433
685,1,336.50,414.00,188.00,193.00,90.00,1,-157.98,-63.36,997.89,1012.31,-6.05,-6.27,-0.35,0.553
686,1,348.50,414.00,188.00,193.00,90.00,1,-152.05,-63.18,996.21,1009.72,-7.21,-6.34,-0.35,0.620
687,1,359.50,414.00,188.00,195.00,90.00,1,-145.44,-62.78,989.98,1002.58,-9.25,-6.48,-0.35,0.747
688,1,371.43,414.50,193.98,188.53,0.47,1,-139.58,-62.57,988.74,1000.50,-9.39,-6.27,-0.09,0.752
689,1,383.62,414.79,194.13,188.27,0.57,1,-133.83,-62.37,987.83,998.81,-9.66,-6.08,0.13,0.764
690,1,395.65,415.48,194.22,188.51,0.47,1,-128.27,-62.10,987.17,997.41,-9.68,-5.85,0.21,0.761
691,1,407.64,415.51,194.26,188.42,0.45,1,-122.91,-61.94,986.77,996.32,-9.74,-5.63,0.23,0.759
692,1,419.65,415.78,194.08,188.30,0.57,1,-117.76,-61.83,987.05,995.97,-9.74,-5.40,0.30,0.753
693,1,431.39,416.06,193.59,188.17,0.71,1,-112.90,-61.79,988.51,996.86,-9.52,-5.16,0.41,0.732
694,1,443.36,416.47,193.77,188.02,0.90,1,-107.97,-61.67,988.91,996.70,-9.63,-4.96,0.57,0.734
695,1,454.16,417.22,193.81,188.76,1.33,1,-103.27,-61.43,988.92,996.20,-9.27,-4.74,0.89,0.707
696,1,464.63,417.48,193.56,188.83,1.56,1,-98.86,-61.26,989.43,996.24,-8.85,-4.52,1.20,0.676
697,1,474.10,416.86,192.50,188.76,2.01,1,-95.04,-61.46,992.41,998.84,-7.91,-4.26,1.62,0.608
698,1,480.88,416.05,191.89,188.72,2.22,1,-92.01,-61.87,995.78,1001.93,-6.85,-4.01,1.96,0.534
699,1,486.21,415.05,191.12,188.35,2.56,1,-89.79,-62.46,999.73,1005.70,-5.87,-3.78,2.32,0.466
700,1,489.82,414.33,190.69,188.20,2.83,1,-88.31,-63.04,1003.06,1008.91,-5.05,-3.58,2.64,0.409
701,1,492.18,414.45,190.73,188.28,2.78,1,-87.37,-63.34,1004.67,1010.45,-4.60,-3.46,2.78,0.379
702,1,494.50,415.40,190.71,188.41,2.86,1,-86.71,-63.26,1005.27,1010.99,-4.31,-3.37,2.86,0.360
703,1,495.94,415.85,190.71,188.46,2.39,1,-86.31,-63.06,1005.28,1010.95,-4.20,-3.31,2.63,0.352
704,1,496.87,416.71,190.46,188.69,2.00,1,-86.19,-62.74,1005.62,1011.25,-3.70,-3.15,2.26,0.318
705,1,496.68,417.95,190.43,188.73,1.52,1,-86.36,-62.25,1005.67,1011.29,-3.36,-3.02,1.76,0.295
706,1,496.19,418.52,190.02,188.67,1.34,1,-86.80,-61.87,1006.57,1012.19,-2.79,-2.82,1.38,0.256
707,1,495.68,418.38,190.12,188.54,1.09,1,-87.27,-61.69,1006.78,1012.44,-2.80,-2.81,1.02,0.256
708,1,495.43,418.14,190.00,188.54,0.93,1,-87.68,-61.68,1007.10,1012.79,-2.71,-2.77,0.76,0.250
709,1,494.50,417.50,189.00,189.00,90.00,1,-88.35,-61.90,1009.07,1014.82,-0.76,-1.70,0.22,0.108
710,1,493.35,417.00,189.97,187.55,0.48,1,-88.86,-62.20,1009.05,1014.86,-2.78,-2.78,0.06,0.254
711,1,492.50,417.00,189.00,188.00,-0.00,1,-89.52,-62.45,1010.79,1016.67,-2.31,-2.60,-0.17,0.222
712,1,492.50,417.00,189.00,188.00,-0.00,1,-89.88,-62.61,1011.79,1017.70,-2.00,-2.45,-0.28,0.199
713,1,494.50,417.00,189.00,188.00,0.00,1,-89.60,-62.68,1012.27,1018.16,-1.82,-2.35,-0.30,0.186
714,1,496.50,417.00,188.00,189.00,90.00,1,-88.92,-62.71,1012.42,1018.25,-1.74,-2.30,-0.28,0.180
715,1,500.50,417.00,188.00,189.00,90.00,1,-87.57,-62.71,1012.37,1018.09,-1.73,-2.26,-0.24,0.179
716,1,503.50,417.00,188.00,191.00,90.00,1,-85.63,-62.46,1007.27,1012.83,-4.22,-3.07,-0.25,0.345
717,1,506.50,417.00,188.00,189.00,90.00,1,-84.26,-62.53,1008.98,1014.42,-3.44,-2.82,-0.21,0.292
718,1,509.97,417.44,191.04,188.24,0.35,1,-82.32,-62.21,1004.92,1010.20,-4.86,-3.11,-0.01,0.386
719,1,512.50,417.50,189.00,189.00,90.00,1,-81.14,-62.23,1007.52,1012.70,-2.54,-2.46,-0.02,0.232
720,1,515.25,417.76,189.99,188.20,0.55,1,-79.79,-62.10,1007.03,1012.10,-3.12,-2.63,0.21,0.270
721,1,518.16,418.22,190.71,187.80,0.70,1,-78.34,-61.86,1004.89,1009.84,-4.78,-2.98,0.42,0.378
722,1,521.40,418.41,189.99,187.99,0.87,1,-77.06,-61.75,1005.38,1010.22,-4.83,-2.95,0.64,0.380
723,1,524.64,418.60,190.88,188.18,1.04,1,-75.56,-61.54,1003.43,1008.15,-5.51,-3.03,0.84,0.424
724,1,527.80,418.75,190.14,188.30,1.15,1,-74.27,-61.49,1004.19,1008.81,-5.05,-2.91,1.01,0.393
725,1,531.46,418.77,190.02,188.49,0.99,1,-72.89,-61.48,1005.08,1009.60,-4.36,-2.73,1.01,0.346
726,1,533.78,418.76,190.02,188.29,1.10,1,-71.71,-61.50,1005.71,1010.13,-4.10,-2.64,1.05,0.328
727,1,536.73,418.90,190.59,188.28,1.25,1,-70.41,-61.42,1004.59,1008.93,-4.61,-2.69,1.12,0.361
728,1,539.53,418.97,190.11,188.51,1.04,1,-69.27,-61.41,1005.06,1009.31,-4.18,-2.57,1.06,0.332
729,1,541.93,419.22,190.03,188.59,1.20,1,-68.23,-61.37,1005.59,1009.77,-3.72,-2.44,1.09,0.301
730,1,544.78,419.30,190.73,188.55,1.20,1,-67.01,-61.25,1004.06,1008.15,-4.31,-2.52,1.09,0.339
731,1,547.50,419.32,190.04,188.74,1.08,1,-65.95,-61.25,1004.83,1008.85,-3.71,-2.36,1.04,0.299
732,1,549.78,419.35,190.30,188.49,1.22,1,-64.91,-61.23,1004.71,1008.67,-3.93,-2.36,1.07,0.312
733,1,551.80,419.42,190.20,188.50,1.20,1,-64.00,-61.22,1004.89,1008.79,-3.96,-2.34,1.08,0.314
734,1,553.69,419.53,190.10,188.52,1.24,1,-63.20,-61.21,1005.25,1009.09,-3.87,-2.29,1.11,0.307
735,1,555.05,419.88,190.29,188.59,1.49,1,-62.53,-61.10,1004.97,1008.77,-3.96,-2.29,1.25,0.313
736,1,556.16,419.67,189.88,188.52,1.30,1,-62.07,-61.13,1005.83,1009.60,-3.63,-2.21,1.25,0.290
737,1,557.74,419.71,190.15,188.54,1.29,1,-61.53,-61.12,1005.66,1009.40,-3.72,-2.21,1.23,0.295
738,1,558.85,419.97,189.94,188.60,1.47,1,-61.09,-61.08,1006.06,1009.76,-3.46,-2.15,1.31,0.278
739,1,560.03,419.76,190.01,188.54,1.29,1,-60.64,-61.10,1006.09,1009.76,-3.48,-2.13,1.26,0.279
740,1,561.25,420.06,190.29,188.61,1.49,1,-60.14,-61.01,1005.34,1008.98,-3.76,-2.17,1.33,0.298
741,1,562.02,419.78,190.00,188.51,1.28,1,-59.78,-61.06,1005.58,1009.20,-3.73,-2.15,1.26,0.295
742,1,562.47,419.93,189.60,188.55,1.38,1,-59.61,-61.11,1006.83,1010.44,-3.14,-2.02,1.27,0.256
743,1,563.67,419.82,190.01,188.49,1.29,1,-59.24,-61.12,1006.52,1010.11,-3.37,-2.06,1.23,0.271
744,1,564.17,419.83,189.84,188.47,1.30,1,-58.98,-61.14,1006.72,1010.30,-3.35,-2.04,1.21,0.269
745,1,565.23,419.81,189.46,188.78,1.15,1,-58.70,-61.19,1007.75,1011.31,-2.42,-1.80,1.13,0.207
746,1,565.89,419.86,190.16,188.48,1.31,1,-58.32,-61.13,1006.59,1010.13,-3.21,-1.99,1.15,0.259
747,1,566.16,419.86,189.89,188.45,1.31,1,-58.11,-61.13,1006.50,1010.03,-3.40,-2.02,1.17,0.272
748,1,566.30,419.86,189.71,188.45,1.31,1,-58.03,-61.15,1006.93,1010.46,-3.29,-2.00,1.19,0.264
749,1,566.38,419.87,189.62,188.41,1.33,1,-58.02,-61.18,1007.44,1010.96,-3.15,-1.97,1.22,0.255
750,1,566.28,419.83,189.81,188.48,1.33,1,-58.04,-61.17,1007.25,1010.78,-3.21,-1.98,1.23,0.259
751,1,565.84,419.76,190.07,188.55,1.37,1,-58.14,-61.15,1006.40,1009.93,-3.50,-2.05,1.26,0.279
752,1,564.38,419.55,190.34,188.28,1.66,1,-58.48,-61.15,1005.17,1008.73,-4.30,-2.21,1.41,0.332
753,1,561.52,419.39,190.78,188.48,1.65,1,-59.27,-61.13,1003.25,1006.86,-5.01,-2.35,1.50,0.379
754,1,557.52,419.27,191.18,188.51,1.62,1,-60.55,-61.08,1001.07,1004.76,-5.72,-2.50,1.53,0.429
755,1,552.25,419.24,190.67,188.49,1.64,1,-62.55,-61.13,1001.27,1005.08,-5.61,-2.57,1.55,0.423
756,1,545.91,419.08,191.46,188.44,1.64,1,-64.97,-61.10,999.51,1003.48,-6.25,-2.75,1.54,0.468
757,1,539.43,419.03,191.95,188.40,1.59,1,-67.66,-61.03,997.29,1001.44,-7.03,-2.95,1.50,0.522
758,1,531.62,418.98,191.72,188.44,1.57,1,-70.87,-61.03,996.75,1001.13,-7.19,-3.10,1.46,0.535
759,1,523.87,418.97,192.36,188.42,1.55,1,-74.18,-60.95,995.01,999.63,-7.72,-3.30,1.41,0.574
760,1,515.16,418.81,192.24,188.43,1.47,1,-77.84,-60.96,994.50,999.40,-7.86,-3.48,1.34,0.587
761,1,506.15,418.68,193.24,188.63,1.66,1,-81.50,-60.86,991.86,997.06,-8.45,-3.71,1.39,0.631
762,1,496.18,418.25,193.50,188.53,1.55,1,-85.46,-60.87,989.79,995.34,-8.97,-3.94,1.36,0.671
763,1,485.51,417.96,193.36,188.69,1.43,1,-89.82,-60.97,989.21,995.14,-8.99,-4.14,1.28,0.677
764,1,474.41,417.88,193.62,188.75,1.45,1,-94.41,-61.02,988.57,994.94,-9.03,-4.35,1.23,0.684
765,1,463.63,417.60,193.62,188.80,1.32,1,-99.08,-61.13,988.53,995.36,-8.92,-4.54,1.14,0.681
766,1,452.40,417.60,193.67,188.90,1.45,1,-103.85,-61.19,988.70,996.02,-8.74,-4.73,1.15,0.674
767,1,441.70,417.22,193.81,188.72,1.34,1,-108.52,-61.29,988.71,996.54,-8.78,-4.94,1.10,0.682
768,1,430.41,417.10,193.77,188.65,1.45,1,-113.27,-61.40,989.10,997.45,-8.78,-5.16,1.12,0.686
769,1,419.23,416.83,194.89,188.44,1.27,1,-117.69,-61.37,986.67,995.56,-9.61,-5.46,1.04,0.747
770,1,408.21,416.99,193.98,188.64,1.45,1,-122.46,-61.44,987.72,997.18,-9.34,-5.64,1.09,0.734
771,1,396.63,416.47,194.62,188.62,1.14,1,-127.11,-61.51,987.02,997.07,-9.50,-5.86,0.95,0.749
772,1,385.57,416.33,193.90,188.73,1.09,1,-132.00,-61.69,988.68,999.35,-8.96,-5.99,0.84,0.718
773,1,374.28,416.38,194.09,189.24,1.40,1,-136.80,-61.76,989.50,1000.82,-8.29,-6.11,0.93,0.682
774,1,363.07,416.14,194.60,189.04,1.47,1,-141.39,-61.79,988.90,1000.87,-8.32,-6.33,1.03,0.691
775,1,352.04,415.88,194.21,188.94,1.43,1,-146.13,-61.92,989.68,1002.32,-8.11,-6.50,1.08,0.682
776,1,340.42,415.66,193.94,189.14,1.40,1,-151.07,-62.09,991.07,1004.44,-7.56,-6.59,1.08,0.653
777,1,329.92,415.60,194.26,189.34,1.43,1,-155.66,-62.16,991.28,1005.35,-7.24,-6.72,1.09,0.640
778,1,318.37,415.47,193.91,189.39,1.46,1,-160.51,-62.27,992.44,1007.26,-6.68,-6.79,1.11,0.611
779,1,307.53,415.29,195.11,189.18,1.45,1,-164.76,-62.22,990.35,1005.88,-7.41,-7.15,1.10,0.665
780,1,296.53,414.75,194.71,188.85,1.12,1,-169.30,-62.38,990.20,1006.50,-7.75,-7.39,0.91,0.692
781,1,286.18,414.66,194.77,188.90,1.19,1,-173.73,-62.49,990.22,1007.29,-7.90,-7.60,0.83,0.707
782,1,274.74,414.42,194.94,188.91,1.16,1,-178.28,-62.59,990.11,1007.98,-8.00,-7.80,0.76,0.719
783,1,263.62,414.47,195.45,189.43,1.38,1,-182.69,-62.56,989.03,1007.70,-7.95,-8.00,0.83,0.726
784,1,252.34,413.95,194.87,189.54,1.10,1,-187.54,-62.74,990.03,1009.59,-7.27,-8.01,0.75,0.690
785,1,241.22,414.30,195.22,189.88,1.51,1,-192.22,-62.72,990.13,1010.56,-6.74,-8.07,0.91,0.666
786,1,229.51,413.88,195.57,189.89,1.35,1,-196.90,-62.76,989.61,1010.96,-6.57,-8.21,0.93,0.665
787,1,218.28,413.67,194.35,189.67,1.39,1,-202.24,-63.00,992.47,1014.82,-5.59,-8.05,0.97,0.609
788,1,207.41,413.19,195.49,190.11,1.36,1,-206.75,-63.10,991.76,1015.05,-5.45,-8.16,0.97,0.609
789,1,196.47,413.21,194.88,189.42,1.02,1,-211.64,-63.27,993.08,1017.35,-5.41,-8.27,0.78,0.611
790,1,186.36,413.03,194.90,189.35,1.05,1,-216.27,-63.41,994.11,1019.34,-5.40,-8.41,0.66,0.615
791,1,176.35,413.00,194.95,189.33,1.04,1,-220.68,-63.50,994.83,1020.99,-5.39,-8.54,0.59,0.620
792,1,166.33,412.98,195.00,189.35,1.04,1,-224.97,-63.55,995.33,1022.41,-5.32,-8.65,0.55,0.622
793,1,156.39,412.94,194.68,189.61,1.12,1,-229.32,-63.61,996.30,1024.33,-4.72,-8.49,0.59,0.589
794,1,146.85,412.40,195.34,189.33,0.91,1,-233.23,-63.71,995.82,1024.75,-5.02,-8.77,0.49,0.615
795,1,138.37,412.18,194.54,189.94,1.15,1,-237.22,-63.86,996.77,1026.60,-4.01,-8.28,0.60,0.552
796,1,130.23,411.98,194.75,189.46,1.05,1,-240.87,-64.01,997.40,1028.07,-3.85,-8.28,0.61,0.545
797,1,122.29,411.55,195.20,189.66,0.84,1,-244.07,-64.13,996.88,1028.32,-3.93,-8.40,0.49,0.555
798,1,114.43,411.52,195.20,189.58,0.80,1,-247.26,-64.21,996.68,1028.90,-4.00,-8.53,0.39,0.564
799,1,107.15,411.53,193.78,189.81,0.87,1,-250.83,-64.34,998.56,1031.59,-2.81,-7.56,0.44,0.471
800,1,100.52,411.48,194.83,189.94,0.91,1,-253.56,-64.32,998.06,1031.77,-2.68,-7.50,0.46,0.464
801,1,95.58,411.27,193.10,189.75,0.70,1,-256.38,-64.46,999.71,1034.08,-1.78,-6.34,0.44,0.370
802,1,92.47,411.27,187.30,189.74,0.71,1,-258.90,-64.60,1002.39,1037.30,0.14,-1.53,0.69,0.035
803,1,89.77,411.06,181.26,189.50,0.52,1,-260.69,-64.73,1004.01,1039.32,1.12,3.87,0.90,0.329
804,1,86.76,411.07,175.28,189.46,0.53,1,-262.09,-64.80,1004.94,1040.58,1.65,8.85,1.14,0.651
805,1,84.66,411.10,171.18,189.45,0.56,1,-263.11,-64.83,1005.46,1041.34,1.94,12.66,1.37,0.895
806,1,81.70,411.10,165.30,189.42,0.57,1,-264.16,-64.84,1005.82,1041.95,2.17,16.27,1.61,1.121
807,1,79.69,411.11,161.28,189.38,0.58,1,-265.06,-64.85,1006.09,1042.43,2.34,19.11,1.82,1.295
808,1,77.65,411.08,157.23,189.29,0.58,1,-265.94,-64.87,1006.47,1043.03,2.47,21.45,2.00,1.437
809,1,75.61,411.11,153.24,189.26,0.61,1,-266.79,-64.88,1006.75,1043.52,2.58,23.48,2.17,1.557
810,1,73.25,411.15,149.36,188.87,0.87,1,-267.96,-64.94,1007.90,1044.93,2.65,25.21,2.43,1.655
811,1,71.71,411.11,145.30,189.24,0.57,1,-268.63,-64.92,1007.61,1044.82,2.76,26.95,2.51,1.757
812,1,70.50,411.00,190.00,141.00,90.00,1,-268.63,-64.79,1005.32,1042.60,2.95,28.81,2.37,1.872
813,1,68.26,411.28,139.39,188.98,0.87,1,-269.70,-64.82,1006.52,1044.04,2.95,29.85,2.65,1.925
814,1,67.50,411.00,135.00,190.00,0.00,1,-269.73,-64.73,1004.66,1042.25,3.10,31.32,2.53,2.015
815,1,65.29,411.35,133.45,189.02,0.87,1,-270.81,-64.77,1006.05,1043.87,3.09,32.16,2.82,2.055
816,1,64.27,411.36,131.42,189.02,0.87,1,-271.63,-64.80,1007.01,1045.01,3.09,32.87,3.03,2.090
817,1,63.26,411.34,129.39,188.96,0.87,1,-272.31,-64.83,1007.77,1045.92,3.10,33.53,3.18,2.122
818,1,62.26,411.33,127.39,188.90,0.87,1,-272.90,-64.86,1008.36,1046.65,3.13,34.16,3.29,2.153
819,1,61.29,411.35,125.46,188.90,0.87,1,-273.38,-64.88,1008.67,1047.07,3.16,34.80,3.37,2.185
820,1,60.29,411.38,123.46,188.93,0.87,1,-273.77,-64.88,1008.70,1047.20,3.20,35.47,3.43,2.220
821,1,60.50,411.50,189.00,121.00,90.00,1,-273.87,-64.83,1008.60,1047.13,3.37,36.27,3.13,2.263
822,1,82.92,411.68,72.12,189.68,1.93,1,-268.34,-64.65,1006.55,1043.71,3.81,45.87,4.55,2.737
823,1,81.61,411.76,71.53,189.17,1.38,1,-265.41,-64.59,1006.60,1043.00,4.43,51.46,5.49,2.973
824,1,80.27,411.64,71.45,189.55,1.85,1,-263.77,-64.53,1005.62,1041.64,4.78,54.42,6.25,3.093
825,1,79.54,411.76,71.43,189.16,1.36,1,-263.49,-64.54,1006.17,1042.10,5.04,55.67,6.47,3.135
826,1,77.68,411.73,71.37,189.34,1.49,1,-263.86,-64.53,1006.08,1042.11,5.10,55.92,6.52,3.145
827,1,77.56,411.80,71.48,189.23,1.36,1,-264.42,-64.53,1006.37,1042.53,5.08,55.64,6.41,3.133
828,1,76.62,411.67,71.74,189.77,2.00,1,-264.69,-64.48,1005.03,1041.30,4.90,55.12,6.48,3.122
829,1,75.68,411.73,71.32,189.36,1.51,1,-265.44,-64.50,1005.37,1041.82,4.84,54.65,6.32,3.103
830,1,75.62,411.76,71.49,189.24,1.40,1,-266.05,-64.54,1005.99,1042.58,4.81,54.20,6.15,3.082
831,1,75.49,411.77,71.34,189.18,1.36,1,-266.48,-64.57,1006.56,1043.24,4.80,53.88,6.02,3.067
832,1,74.66,411.64,71.81,189.70,2.00,1,-266.51,-64.53,1005.43,1042.15,4.66,53.61,6.14,3.063
833,1,73.68,411.71,71.37,189.29,1.49,1,-267.00,-64.55,1005.86,1042.69,4.67,53.48,6.06,3.056
834,1,73.65,411.71,71.31,189.29,1.49,1,-267.28,-64.57,1006.16,1043.06,4.68,53.43,6.00,3.052
835,1,73.65,411.70,71.21,189.32,1.53,1,-267.39,-64.58,1006.26,1043.18,4.69,53.43,5.99,3.051
836,1,73.62,411.72,71.49,189.21,1.40,1,-267.50,-64.60,1006.61,1043.55,4.72,53.39,5.93,3.048
837,1,73.62,411.75,71.49,189.16,1.40,1,-267.57,-64.61,1006.96,1043.90,4.73,53.38,5.90,3.045
838,1,73.59,411.75,71.49,189.15,1.38,1,-267.60,-64.62,1007.19,1044.13,4.74,53.38,5.88,3.044
839,1,73.59,411.75,71.49,189.15,1.38,1,-267.60,-64.62,1007.30,1044.24,4.75,53.38,5.87,3.043
840,1,73.59,411.72,71.53,189.07,1.36,1,-267.64,-64.65,1007.57,1044.51,4.76,53.38,5.86,3.042
841,1,73.59,411.76,71.49,189.17,1.38,1,-267.57,-64.63,1007.41,1044.34,4.75,53.39,5.86,3.043
842,1,73.61,411.76,71.53,189.17,1.38,1,-267.51,-64.62,1007.28,1044.20,4.75,53.40,5.87,3.044
843,1,73.62,411.73,71.45,189.25,1.41,1,-267.41,-64.60,1006.96,1043.87,4.75,53.42,5.89,3.047
844,1,73.66,411.70,71.11,189.38,1.57,1,-267.24,-64.58,1006.39,1043.26,4.72,53.49,5.96,3.053
845,1,73.65,411.71,71.21,189.35,1.53,1,-267.17,-64.56,1006.13,1043.00,4.71,53.52,5.99,3.056
846,1,73.65,411.71,71.26,189.33,1.51,1,-267.14,-64.56,1006.06,1042.92,4.71,53.53,6.00,3.056
847,1,73.65,411.71,71.26,189.33,1.51,1,-267.14,-64.56,1006.04,1042.91,4.71,53.52,6.00,3.056
848,1,73.65,411.72,71.31,189.31,1.49,1,-267.16,-64.56,1006.11,1042.98,4.71,53.51,5.99,3.055
849,1,73.65,411.72,71.31,189.31,1.49,1,-267.18,-64.57,1006.18,1043.05,4.71,53.50,5.98,3.055
850,1,73.65,411.72,71.31,189.31,1.49,1,-267.20,-64.57,1006.23,1043.10,4.71,53.50,5.98,3.054
851,1,73.65,411.72,71.31,189.31,1.49,1,-267.21,-64.57,1006.27,1043.14,4.72,53.49,5.97,3.054
852,1,73.65,411.72,71.31,189.31,1.49,1,-267.21,-64.57,1006.29,1043.16,4.72,53.49,5.97,3.054
853,1,73.68,411.72,71.32,189.33,1.51,1,-267.20,-64.57,1006.26,1043.13,4.71,53.49,5.97,3.054
854,1,73.68,411.71,71.37,189.29,1.49,1,-267.22,-64.58,1006.35,1043.23,4.71,53.48,5.97,3.053
855,1,74.36,411.52,71.47,189.42,1.95,1,-266.98,-64.60,1006.00,1042.82,4.62,53.46,6.12,3.054
856,1,73.85,411.39,71.00,189.31,1.75,1,-267.02,-64.66,1006.10,1042.93,4.62,53.52,6.16,3.056
857,1,71.36,411.07,72.60,189.82,2.20,1,-267.22,-64.68,1004.71,1041.65,4.50,53.30,6.30,3.056
858,1,67.73,410.99,72.22,190.21,2.66,1,-267.85,-64.64,1002.70,1039.87,4.34,53.20,6.53,3.064
859,1,61.75,410.59,72.22,189.98,2.66,1,-269.71,-64.73,1002.10,1039.78,4.23,53.06,6.66,3.062
860,0,0.00,0.00,0.00,0.00,0.00,1,-270.44,-64.76,1001.23,1039.13,4.14,52.97,6.78,3.063
861,0,0.00,0.00,0.00,0.00,0.00,1,-271.16,-64.79,1000.35,1038.47,4.04,52.88,6.91,3.065
862,0,0.00,0.00,0.00,0.00,0.00,1,-271.88,-64.82,999.46,1037.80,3.95,52.79,7.03,3.067
863,0,0.00,0.00,0.00,0.00,0.00,1,-272.59,-64.85,998.55,1037.12,3.85,52.70,7.15,3.068
864,0,0.00,0.00,0.00,0.00,0.00,1,-273.30,-64.87,997.64,1036.43,3.75,52.61,7.27,3.070
865,0,0.00,0.00,0.00,0.00,0.00,0,0.00,0.00,0.00,0.00,0.00,0.00,0.00,0.000
866,0,0.00,0.00,0.00,0.00,0.00,0,0.00,0.00,0.00,0.00,0.00,0.00,0.00,0.000
867,0,0.00,0.00,0.00,0.00,0.00,0,0.00,0.00,0.00,0.00,0.00,0.00,0.00,0.000
868,0,0.00,0.00,0.00,0.00,0.00,0,0.00,0.00,0.00,0.00,0.00,0.00,0.00,0.000
869,0,0.00,0.00,0.00,0.00,0.00,0,0.00,0.00,0.00,0.00,0.00,0.00,0.00,0.000
870,0,0.00,0.00,0.00,0.00,0.00,0,0.00,0.00,0.00,0.00,0.00,0.00,0.00,0.000
871,0,0.00,0.00,0.00,0.00,0.00,0,0.00,0.00,0.00,0.00,0.00,0.00,0.00,0.000
872,0,0.00,0.00,0.00,0.00,0.00,0,0.00,0.00,0.00,0.00,0.00,0.00,0.00,0.000
873,0,0.00,0.00,0.00,0.00,0.00,0,0.00,0.00,0.00,0.00,0.00,0.00,0.00,0.000
874,0,0.00,0.00,0.00,0.00,0.00,0,0.00,0.00,0.00,0.00,0.00,0.00,0.00,0.000
875,0,0.00,0.00,0.00,0.00,0.00,0,0.00,0.00,0.00,0.00,0.00,0.00,0.00,0.000
876,0,0.00,0.00,0.00,0.00,0.00,0,0.00,0.00,0.00,0.00,0.00,0.00,0.00,0.000
877,0,0.00,0.00,0.00,0.00,0.00,0,0.00,0.00,0.00,0.00,0.00,0.00,0.00,0.000
878,0,0.00,0.00,0.00,0.00,0.00,0,0.00,0.00,0.00,0.00,0.00,0.00,0.00,0.000
879,0,0.00,0.00,0.00,0.00,0.00,0,0.00,0.00,0.00,0.00,0.00,0.00,0.00,0.000
880,0,0.00,0.00,0.00,0.00,0.00,0,0.00,0.00,0.00,0.00,0.00,0.00,0.00,0.000
881,0,0.00,0.00,0.00,0.00,0.00,0,0.00,0.00,0.00,0.00,0.00,0.00,0.00,0.000
882,0,0.00,0.00,0.00,0.00,0.00,0,0.00,0.00,0.00,0.00,0.00,0.00,0.00,0.000
883,0,0.00,0.00,0.00,0.00,0.00,0,0.00,0.00,0.00,0.00,0.00,0.00,0.00,0.000
884,0,0.00,0.00,0.00,0.00,0.00,0,0.00,0.00,0.00,0.00,0.00,0.00,0.00,0.000
885,0,0.00,0.00,0.00,0.00,0.00,0,0.00,0.00,0.00,0.00,0.00,0.00,0.00,0.000
886,0,0.00,0.00,0.00,0.00,0.00,0,0.00,0.00,0.00,0.00,0.00,0.00,0.00,0.000
887,0,0.00,0.00,0.00,0.00,0.00,0,0.00,0.00,0.00,0.00,0.00,0.00,0.00,0.000
888,0,0.00,0.00,0.00,0.00,0.00,0,0.00,0.00,0.00,0.00,0.00,0.00,0.00,0.000
889,0,0.00,0.00,0.00,0.00,0.00,0,0.00,0.00,0.00,0.00,0.00,0.00,0.00,0.000
890,0,0.00,0.00,0.00,0.00,0.00,0,0.00,0.00,0.00,0.00,0.00,0.00,0.00,0.000
891,0,0.00,0.00,0.00,0.00,0.00,0,0.00,0.00,0.00,0.00,0.00,0.00,0.00,0.000
892,0,0.00,0.00,0.00,0.00,0.00,0,0.00,0.00,0.00,0.00,0.00,0.00,0.00,0.000
893,0,0.00,0.00,0.00,0.00,0.00,0,0.00,0.00,0.00,0.00,0.00,0.00,0.00,0.000
894,0,0.00,0.00,0.00,0.00,0.00,0,0.00,0.00,0.00,0.00,0.00,0.00,0.00,0.000
895,0,0.00,0.00,0.00,0.00,0.00,0,0.00,0.00,0.00,0.00,0.00,0.00,0.00,0.000
896,0,0.00,0.00,0.00,0.00,0.00,0,0.00,0.00,0.00,0.00,0.00,0.00,0.00,0.000
897,0,0.00,0.00,0.00,0.00,0.00,0,0.00,0.00,0.00,0.00,0.00,0.00,0.00,0.000
898,0,0.00,0.00,0.00,0.00,0.00,0,0.00,0.00,0.00,0.00,0.00,0.00,0.00,0.000
899,0,0.00,0.00,0.00,0.00,0.00,0,0.00,0.00,0.00,0.00,0.00,0.00,0.00,0.000
900,0,0.00,0.00,0.00,0.00,0.00,0,0.00,0.00,0.00,0.00,0.00,0.00,0.00,0.000
901,0,0.00,0.00,0.00,0.00,0.00,0,0.00,0.00,0.00,0.00,0.00,0.00,0.00,0.000
902,0,0.00,0.00,0.00,0.00,0.00,0,0.00,0.00,0.00,0.00,0.00,0.00,0.00,0.000
903,0,0.00,0.00,0.00,0.00,0.00,0,0.00,0.00,0.00,0.00,0.00,0.00,0.00,0.000
904,0,0.00,0.00,0.00,0.00,0.00,0,0.00,0.00,0.00,0.00,0.00,0.00,0.00,0.000
905,0,0.00,0.00,0.00,0.00,0.00,0,0.00,0.00,0.00,0.00,0.00,0.00,0.00,0.000
906,0,0.00,0.00,0.00,0.00,0.00,0,0.00,0.00,0.00,0.00,0.00,0.00,0.00,0.000
907,0,0.00,0.00,0.00,0.00,0.00,0,0.00,0.00,0.00,0.00,0.00,0.00,0.00,0.000
908,0,0.00,0.00,0.00,0.00,0.00,0,0.00,0.00,0.00,0.00,0.00,0.00,0.00,0.000
909,0,0.00,0.00,0.00,0.00,0.00,0,0.00,0.00,0.00,0.00,0.00,0.00,0.00,0.000
910,0,0.00,0.00,0.00,0.00,0.00,0,0.00,0.00,0.00,0.00,0.00,0.00,0.00,0.000
911,0,0.00,0.00,0.00,0.00,0.00,0,0.00,0.00,0.00,0.00,0.00,0.00,0.00,0.000
912,0,0.00,0.00,0.00,0.00,0.00,0,0.00,0.00,0.00,0.00,0.00,0.00,0.00,0.000
913,0,0.00,0.00,0.00,0.00,0.00,0,0.00,0.00,0.00,0.00,0.00,0.00,0.00,0.000
914,0,0.00,0.00,0.00,0.00,0.00,0,0.00,0.00,0.00,0.00,0.00,0.00,0.00,0.000
915,0,0.00,0.00,0.00,0.00,0.00,0,0.00,0.00,0.00,0.00,0.00,0.00,0.00,0.000
916,0,0.00,0.00,0.00,0.00,0.00,0,0.00,0.00,0.00,0.00,0.00,0.00,0.00,0.000
917,0,0.00,0.00,0.00,0.00,0.00,0,0.00,0.00,0.00,0.00,0.00,0.00,0.00,0.000
918,0,0.00,0.00,0.00,0.00,0.00,0,0.00,0.00,0.00,0.00,0.00,0.00,0.00,0.000
919,0,0.00,0.00,0.00,0.00,0.00,0,0.00,0.00,0.00,0.00,0.00,0.00,0.00,0.000
920,0,0.00,0.00,0.00,0.00,0.00,0,0.00,0.00,0.00,0.00,0.00,0.00,0.00,0.000
921,0,0.00,0.00,0.00,0.00,0.00,0,0.00,0.00,0.00,0.00,0.00,0.00,0.00,0.000
922,0,0.00,0.00,0.00,0.00,0.00,0,0.00,0.00,0.00,0.00,0.00,0.00,0.00,0.000
923,0,0.00,0.00,0.00,0.00,0.00,0,0.00,0.00,0.00,0.00,0.00,0.00,0.00,0.000
924,0,0.00,0.00,0.00,0.00,0.00,0,0.00,0.00,0.00,0.00,0.00,0.00,0.00,0.000
925,0,0.00,0.00,0.00,0.00,0.00,0,0.00,0.00,0.00,0.00,0.00,0.00,0.00,0.000
926,0,0.00,0.00,0.00,0.00,0.00,0,0.00,0.00,0.00,0.00,0.00,0.00,0.00,0.000
927,0,0.00,0.00,0.00,0.00,0.00,0,0.00,0.00,0.00,0.00,0.00,0.00,0.00,0.000
928,0,0.00,0.00,0.00,0.00,0.00,0,0.00,0.00,0.00,0.00,0.00,0.00,0.00,0.000
929,0,0.00,0.00,0.00,0.00,0.00,0,0.00,0.00,0.00,0.00,0.00,0.00,0.00,0.000
930,0,0.00,0.00,0.00,0.00,0.00,0,0.00,0.00,0.00,0.00,0.00,0.00,0.00,0.000
931,0,0.00,0.00,0.00,0.00,0.00,0,0.00,0.00,0.00,0.00,0.00,0.00,0.00,0.000
932,0,0.00,0.00,0.00,0.00,0.00,0,0.00,0.00,0.00,0.00,0.00,0.00,0.00,0.000
933,0,0.00,0.00,0.00,0.00,0.00,0,0.00,0.00,0.00,0.00,0.00,0.00,0.00,0.000
934,0,0.00,0.00,0.00,0.00,0.00,0,0.00,0.00,0.00,0.00,0.00,0.00,0.00,0.000
935,0,0.00,0.00,0.00,0.00,0.00,0,0.00,0.00,0.00,0.00,0.00,0.00,0.00,0.000
936,0,0.00,0.00,0.00,0.00,0.00,0,0.00,0.00,0.00,0.00,0.00,0.00,0.00,0.000
937,0,0.00,0.00,0.00,0.00,0.00,0,0.00,0.00,0.00,0.00,0.00,0.00,0.00,0.000
938,0,0.00,0.00,0.00,0.00,0.00,0,0.00,0.00,0.00,0.00,0.00,0.00,0.00,0.000
939,0,0.00,0.00,0.00,0.00,0.00,0,0.00,0.00,0.00,0.00,0.00,0.00,0.00,0.000
940,0,0.00,0.00,0.00,0.00,0.00,0,0.00,0.00,0.00,0.00,0.00,0.00,0.00,0.000
941,0,0.00,0.00,0.00,0.00,0.00,0,0.00,0.00,0.00,0.00,0.00,0.00,0.00,0.000
942,0,0.00,0.00,0.00,0.00,0.00,0,0.00,0.00,0.00,0.00,0.00,0.00,0.00,0.000
943,0,0.00,0.00,0.00,0.00,0.00,0,0.00,0.00,0.00,0.00,0.00,0.00,0.00,0.000
944,0,0.00,0.00,0.00,0.00,0.00,0,0.00,0.00,0.00,0.00,0.00,0.00,0.00,0.000
945,0,0.00,0.00,0.00,0.00,0.00,0,0.00,0.00,0.00,0.00,0.00,0.00,0.00,0.000
946,0,0.00,0.00,0.00,0.00,0.00,0,0.00,0.00,0.00,0.00,0.00,0.00,0.00,0.000
947,0,0.00,0.00,0.00,0.00,0.00,0,0.00,0.00,0.00,0.00,0.00,0.00,0.00,0.000
948,0,0.00,0.00,0.00,0.00,0.00,0,0.00,0.00,0.00,0.00,0.00,0.00,0.00,0.000
949,0,0.00,0.00,0.00,0.00,0.00,0,0.00,0.00,0.00,0.00,0.00,0.00,0.00,0.000
950,0,0.00,0.00,0.00,0.00,0.00,0,0.00,0.00,0.00,0.00,0.00,0.00,0.00,0.000
951,0,0.00,0.00,0.00,0.00,0.00,0,0.00,0.00,0.00,0.00,0.00,0.00,0.00,0.000
952,0,0.00,0.00,0.00,0.00,0.00,0,0.00,0.00,0.00,0.00,0.00,0.00,0.00,0.000
953,0,0.00,0.00,0.00,0.00,0.00,0,0.00,0.00,0.00,0.00,0.00,0.00,0.00,0.000
954,0,0.00,0.00,0.00,0.00,0.00,0,0.00,0.00,0.00,0.00,0.00,0.00,0.00,0.000
955,0,0.00,0.00,0.00,0.00,0.00,0,0.00,0.00,0.00,0.00,0.00,0.00,0.00,0.000
956,0,0.00,0.00,0.00,0.00,0.00,0,0.00,0.00,0.00,0.00,0.00,0.00,0.00,0.000
957,0,0.00,0.00,0.00,0.00,0.00,0,0.00,0.00,0.00,0.00,0.00,0.00,0.00,0.000
958,0,0.00,0.00,0.00,0.00,0.00,0,0.00,0.00,0.00,0.00,0.00,0.00,0.00,0.000
959,0,0.00,0.00,0.00,0.00,0.00,0,0.00,0.00,0.00,0.00,0.00,0.00,0.00,0.000
960,0,0.00,0.00,0.00,0.00,0.00,0,0.00,0.00,0.00,0.00,0.00,0.00,0.00,0.000
961,0,0.00,0.00,0.00,0.00,0.00,0,0.00,0.00,0.00,0.00,0.00,0.00,0.00,0.000
962,0,0.00,0.00,0.00,0.00,0.00,0,0.00,0.00,0.00,0.00,0.00,0.00,0.00,0.000
963,1,63.93,411.12,74.23,190.13,1.97,1,-270.16,-64.55,1001.81,1039.60,4.40,52.46,6.13,3.040
964,1,75.64,411.16,73.73,190.05,2.00,1,-265.38,-64.56,1002.33,1038.87,4.46,52.84,6.21,3.052
965,1,61.72,411.21,125.30,189.27,0.56,1,-271.74,-64.80,1006.38,1044.43,3.28,36.16,3.25,2.267
966,1,67.22,411.32,137.41,188.98,0.90,1,-271.68,-64.89,1008.44,1046.41,2.91,27.80,2.61,1.803
967,1,72.98,411.40,149.35,189.34,1.02,1,-269.35,-64.80,1007.64,1045.03,2.59,21.57,2.28,1.441
968,1,78.17,411.47,159.49,189.47,0.95,1,-266.69,-64.71,1006.72,1043.45,2.29,16.07,1.94,1.107
969,1,84.21,411.48,171.44,189.69,0.91,1,-263.59,-64.62,1005.43,1041.41,1.87,9.64,1.53,0.703
970,1,90.19,411.48,183.34,189.84,0.90,1,-260.19,-64.53,1003.78,1038.96,0.92,0.94,1.00,0.143
971,1,95.29,411.48,193.43,189.92,0.90,1,-253.29,-63.73,988.30,1022.23,-6.62,-10.57,0.30,0.779
972,1,105.53,412.00,195.93,190.20,1.30,1,-243.38,-62.17,963.33,995.54,-12.65,-11.85,0.44,1.166
973,1,117.44,412.04,196.13,189.96,1.25,1,-237.01,-61.62,955.38,986.26,-14.24,-11.83,0.55,1.271
974,1,129.30,412.07,196.45,189.72,1.17,1,-232.41,-61.64,956.43,986.19,-14.20,-11.57,0.58,1.257
975,1,140.62,412.37,195.29,189.56,1.30,1,-229.47,-62.06,964.97,993.82,-12.74,-11.13,0.68,1.139
976,1,151.66,412.57,195.76,189.50,1.29,1,-226.32,-62.42,972.64,1000.57,-11.29,-10.67,0.74,1.028
977,1,163.52,412.74,196.13,189.51,1.22,1,-222.58,-62.66,978.38,1005.33,-10.07,-10.22,0.74,0.936
978,1,175.41,412.88,196.36,189.52,1.14,1,-218.33,-62.80,982.16,1008.09,-9.18,-9.80,0.70,0.868
979,1,187.21,412.96,196.55,189.40,1.07,1,-213.72,-62.86,984.20,1009.10,-8.75,-9.48,0.64,0.831
980,1,198.29,412.98,195.05,189.32,1.05,1,-209.88,-63.11,988.98,1012.97,-7.53,-8.96,0.60,0.742
981,1,209.64,413.03,196.21,189.43,1.10,1,-205.05,-63.07,988.82,1011.82,-7.57,-8.78,0.61,0.737
982,1,221.51,413.21,195.51,190.19,1.43,1,-200.39,-63.06,989.74,1011.79,-6.66,-8.34,0.81,0.674
983,1,233.27,413.75,195.62,189.85,1.41,1,-195.50,-62.91,989.67,1010.75,-6.56,-8.14,0.92,0.662
984,1,244.41,413.58,194.99,189.73,0.99,1,-190.95,-62.92,990.68,1010.87,-6.26,-7.84,0.78,0.633
985,1,256.19,414.40,194.26,189.92,1.49,1,-186.51,-62.83,992.68,1012.00,-5.47,-7.40,0.96,0.575
986,1,267.60,414.47,195.41,189.58,1.41,1,-181.39,-62.61,990.92,1009.33,-6.38,-7.54,1.01,0.626
987,1,279.35,414.51,195.85,188.99,1.23,1,-176.07,-62.40,988.25,1005.75,-7.89,-7.72,0.93,0.713
988,1,290.45,414.62,194.82,188.85,1.13,1,-171.44,-62.39,988.77,1005.46,-8.23,-7.58,0.84,0.726
989,1,302.25,414.81,194.98,188.93,1.08,1,-166.60,-62.32,988.51,1004.38,-8.53,-7.43,0.75,0.737
990,1,313.49,415.01,195.96,189.14,1.14,1,-161.39,-62.08,985.62,1000.68,-9.25,-7.34,0.73,0.779
991,1,324.75,415.15,194.90,189.17,1.13,1,-156.81,-62.05,986.28,1000.60,-9.00,-7.10,0.73,0.756
992,1,336.30,415.54,194.14,189.43,1.42,1,-152.45,-62.05,988.58,1002.19,-8.13,-6.76,0.90,0.693
993,1,347.96,415.61,194.28,189.31,1.40,1,-147.80,-62.02,989.51,1002.41,-7.79,-6.50,1.01,0.665
994,1,359.01,415.71,194.82,189.11,1.40,1,-142.95,-61.91,988.47,1000.67,-8.20,-6.38,1.06,0.686
995,1,370.28,416.04,193.98,189.12,1.45,1,-138.45,-61.88,989.67,1001.22,-7.94,-6.14,1.13,0.662
996,1,381.95,416.21,194.22,189.19,1.38,1,-133.68,-61.79,989.57,1000.46,-7.98,-5.94,1.13,0.659
997,1,393.02,416.44,194.59,189.18,1.36,1,-128.83,-61.62,988.28,998.54,-8.35,-5.79,1.11,0.678
998,1,404.30,416.53,194.32,188.87,1.25,1,-124.12,-61.54,987.92,997.59,-8.69,-5.63,1.04,0.694
999,1,415.65,416.58,193.99,188.59,1.16,1,-119.50,-61.53,988.39,997.49,-8.91,-5.44,0.95,0.702
1000,1,426.49,417.02,193.62,188.69,1.45,1,-115.05,-61.49,989.54,998.10,-8.76,-5.22,1.06,0.686
1001,1,437.98,417.07,193.91,188.71,1.27,1,-110.36,-61.41,989.33,997.36,-8.87,-5.03,1.04,0.688
1002,1,449.55,417.31,193.77,188.90,1.19,1,-105.63,-61.32,989.32,996.83,-8.76,-4.80,0.99,0.676
1003,1,460.47,417.81,193.66,188.94,1.43,1,-101.00,-61.17,989.41,996.44,-8.62,-4.58,1.09,0.663
1004,1,471.96,417.79,193.79,188.74,1.23,1,-96.26,-61.06,988.95,995.50,-8.81,-4.39,1.06,0.671
1005,1,483.50,418.07,193.75,188.88,1.16,1,-91.48,-60.95,988.60,994.69,-8.85,-4.18,1.00,0.670
1006,1,494.45,418.60,193.91,188.59,1.25,1,-86.76,-60.75,987.84,993.50,-9.23,-4.01,1.02,0.691
1007,1,505.83,418.67,193.73,188.44,1.19,1,-82.08,-60.64,987.72,992.98,-9.48,-3.81,1.00,0.704
1008,1,516.64,419.02,193.32,188.59,1.45,1,-77.59,-60.57,988.66,993.55,-9.28,-3.60,1.14,0.686
1009,1,528.25,419.04,193.69,188.42,1.38,1,-72.88,-60.48,988.19,992.71,-9.53,-3.40,1.19,0.700
1010,1,539.48,419.22,193.54,188.55,1.31,1,-68.21,-60.42,988.16,992.35,-9.52,-3.19,1.19,0.696
1011,1,550.50,419.51,193.30,188.61,1.36,1,-63.63,-60.35,988.66,992.54,-9.32,-2.96,1.21,0.679
1012,1,562.13,419.61,193.60,188.49,1.28,1,-58.88,-60.26,988.10,991.68,-9.49,-2.76,1.19,0.689
1013,1,573.38,419.81,193.23,188.45,1.29,1,-54.22,-60.22,988.61,991.93,-9.41,-2.54,1.18,0.680
1014,1,584.58,420.18,193.31,188.22,1.43,1,-49.55,-60.11,988.65,991.71,-9.60,-2.33,1.25,0.690
1015,1,596.09,420.49,193.52,188.16,1.30,1,-44.81,-59.95,988.03,990.86,-9.91,-2.13,1.23,0.710
1016,1,606.95,420.76,192.70,188.20,1.30,1,-40.27,-59.92,989.72,992.35,-9.55,-1.90,1.22,0.681
1017,1,618.29,420.87,193.29,188.22,1.27,1,-35.61,-59.81,989.20,991.64,-9.69,-1.69,1.20,0.690
1018,1,629.86,421.17,193.40,188.16,1.42,1,-30.87,-59.66,988.44,990.72,-9.92,-1.48,1.28,0.704
1019,1,640.69,421.48,192.04,188.82,1.08,1,-26.35,-59.70,991.50,993.64,-8.68,-1.23,1.15,0.616
1020,1,652.47,421.76,193.11,188.24,1.35,1,-21.58,-59.53,990.56,992.58,-9.05,-1.02,1.21,0.641
1021,1,664.13,422.23,193.16,187.83,1.36,1,-16.76,-59.33,989.67,991.59,-9.66,-0.82,1.27,0.681
1022,1,674.87,422.47,191.85,188.36,1.12,1,-12.16,-59.34,992.54,994.39,-8.79,-0.58,1.19,0.619
1023,1,686.51,422.68,192.04,188.62,1.01,1,-7.44,-59.29,993.83,995.62,-8.14,-0.35,1.08,0.573
1024,1,697.40,422.96,191.58,188.15,1.35,1,-2.81,-59.28,995.73,997.50,-7.76,-0.15,1.19,0.546
1025,1,708.65,423.23,191.88,188.81,1.02,1,1.84,-59.17,995.98,997.73,-7.27,0.06,1.11,0.513
1026,1,720.33,423.41,191.74,188.85,0.97,1,6.60,-59.09,996.32,998.10,-6.84,0.27,1.03,0.484
1027,1,731.15,423.59,192.24,187.74,1.44,1,11.23,-58.97,995.04,996.85,-7.98,0.47,1.24,0.561
1028,1,742.53,423.71,191.82,188.77,0.95,1,15.92,-58.91,995.25,997.12,-7.57,0.68,1.13,0.535
1029,1,753.51,424.08,190.11,188.19,0.97,1,20.64,-59.05,1000.02,1001.97,-6.32,0.85,1.06,0.448
1030,1,764.81,424.26,191.64,188.02,1.04,1,25.29,-58.92,998.89,1000.94,-7.00,1.07,1.07,0.495
1031,1,775.54,424.56,190.73,187.81,1.19,1,29.92,-58.89,1000.43,1002.61,-6.88,1.26,1.15,0.487
1032,1,787.04,424.76,191.41,187.98,1.12,1,34.58,-58.75,999.48,1001.80,-7.24,1.48,1.18,0.513
1033,1,798.31,424.96,191.30,188.35,0.90,1,39.26,-58.63,999.06,1001.55,-7.06,1.68,1.09,0.503
1034,1,809.49,425.14,190.11,188.21,0.97,1,44.09,-58.70,1002.04,1004.72,-5.97,1.81,1.06,0.432
1035,1,820.53,425.54,191.36,188.76,0.88,1,48.70,-58.49,1000.55,1003.44,-5.88,2.00,1.01,0.429
1036,1,831.49,426.03,190.02,187.96,0.95,1,53.46,-58.45,1003.15,1006.27,-5.35,2.14,1.02,0.395
1037,1,842.48,426.18,191.11,188.17,0.84,1,58.01,-58.27,1001.88,1005.25,-5.88,2.38,0.98,0.433
1038,1,853.48,426.45,189.97,187.75,0.94,1,62.75,-58.27,1004.09,1007.74,-5.55,2.53,1.01,0.413
1039,1,864.26,426.63,191.66,187.30,1.22,1,67.11,-58.04,1000.98,1004.91,-7.25,2.87,1.19,0.529
1040,1,875.49,426.96,189.87,188.04,0.90,1,71.94,-58.06,1003.80,1008.05,-6.07,2.95,1.14,0.453
1041,1,886.70,427.19,191.70,187.23,1.22,1,76.38,-57.83,1000.80,1005.38,-7.51,3.29,1.28,0.552
1042,1,897.50,427.53,189.75,187.45,0.87,1,81.26,-57.87,1004.18,1009.12,-6.56,3.39,1.18,0.491
1043,1,907.78,427.88,189.41,187.70,0.92,1,86.01,-57.89,1007.38,1012.70,-5.22,3.39,1.13,0.408
1044,1,919.48,428.04,189.80,187.73,0.90,1,90.79,-57.82,1008.34,1014.06,-4.61,3.46,1.09,0.373
1045,1,929.55,428.29,189.23,187.77,0.73,1,95.46,-57.80,1010.30,1016.45,-3.52,3.37,0.97,0.308
1046,1,941.45,428.36,189.82,187.48,0.91,1,100.19,-57.73,1009.98,1016.57,-3.87,3.63,1.01,0.335
1047,1,951.51,428.50,188.10,188.40,0.35,1,105.07,-57.78,1013.06,1020.13,-0.84,2.28,0.66,0.127
1048,1,963.42,428.69,189.71,187.37,0.90,1,109.75,-57.71,1012.22,1019.79,-2.31,3.35,0.84,0.241
1049,1,973.50,429.00,190.00,187.00,90.00,1,114.19,-57.40,1010.09,1018.14,1.20,-1.51,0.19,0.158
1050,1,984.50,429.47,187.85,187.09,0.88,1,119.20,-57.48,1013.91,1022.51,0.85,-0.34,0.48,0.079
1051,1,995.50,429.50,189.00,187.00,90.00,1,123.63,-57.26,1011.75,1020.88,1.34,-2.23,0.08,0.207
1052,1,1006.49,429.94,187.85,186.82,0.88,1,128.75,-57.37,1015.87,1025.60,0.77,-0.18,0.47,0.071
1053,1,1017.50,430.50,187.00,189.00,0.00,1,133.11,-57.00,1013.01,1023.30,1.19,-1.76,0.11,0.177
1054,1,1028.50,430.50,187.78,187.18,0.87,1,138.12,-57.06,1015.65,1026.58,0.74,-0.12,0.48,0.069
1055,1,1039.50,430.50,189.00,187.00,90.00,1,142.44,-56.84,1012.69,1024.24,1.09,-1.50,0.14,0.163
1056,1,1050.49,431.07,187.66,186.65,0.83,1,147.66,-56.95,1016.68,1028.92,0.51,0.54,0.52,0.028
1057,1,1061.50,431.00,188.00,187.00,90.00,1,152.27,-56.85,1015.89,1028.81,0.70,-0.07,0.22,0.070
1058,1,1072.49,431.31,187.62,186.52,0.82,1,157.36,-56.94,1018.72,1032.38,0.10,1.61,0.57,0.045
1059,1,1082.51,431.78,187.16,186.80,0.67,1,162.03,-56.87,1019.86,1034.22,-0.02,1.93,0.68,0.065
1060,1,1094.48,431.83,187.45,186.69,0.76,1,166.92,-56.83,1020.47,1035.59,-0.25,2.45,0.81,0.099
1061,1,1104.50,432.00,185.00,188.00,0.00,1,171.18,-56.59,1018.12,1033.96,0.85,-0.84,0.28,0.124
1062,1,1115.50,431.99,185.91,186.43,0.90,1,176.15,-56.68,1020.15,1036.80,0.81,-0.64,0.53,0.112
1063,1,1125.51,431.97,185.45,186.72,0.76,1,180.71,-56.71,1020.71,1038.13,0.90,-1.00,0.60,0.135
1064,1,1133.68,431.62,185.00,187.36,0.73,1,184.41,-56.71,1019.22,1037.32,1.08,-1.95,0.57,0.198
1065,1,1141.44,431.61,185.18,187.39,0.73,1,187.72,-56.72,1018.06,1036.77,1.14,-2.33,0.56,0.224
1066,1,1146.51,431.66,184.11,186.84,0.97,1,190.59,-56.80,1018.93,1038.15,1.22,-2.83,0.66,0.256
1067,1,1152.49,432.25,184.04,187.09,0.94,1,193.00,-56.68,1018.82,1038.48,1.28,-3.25,0.69,0.283
1068,1,1157.50,432.50,189.00,183.00,90.00,1,194.11,-56.25,1013.48,1033.43,1.47,-5.14,0.13,0.408
1069,1,1162.50,432.99,183.64,186.30,0.82,1,196.81,-56.29,1017.55,1037.93,1.37,-4.33,0.30,0.353
1070,1,1167.50,433.00,188.00,183.00,90.00,1,198.35,-56.07,1015.64,1036.34,1.42,-4.99,-0.06,0.397
1071,1,1173.50,433.50,183.00,187.00,-0.00,1,200.78,-55.99,1017.14,1038.28,1.37,-4.78,-0.25,0.382
1072,1,1178.48,433.52,183.70,185.98,0.84,1,203.63,-56.12,1021.03,1042.65,1.23,-3.57,0.14,0.303
1073,1,1182.50,433.50,187.00,181.00,90.00,1,205.48,-56.06,1020.67,1042.66,1.37,-4.89,-0.14,0.387
1074,1,1186.50,433.50,187.00,181.00,90.00,1,207.15,-56.03,1020.20,1042.53,1.44,-5.67,-0.31,0.437
1075,1,1190.50,433.50,181.00,187.00,-0.00,1,208.74,-56.02,1019.77,1042.42,1.47,-6.10,-0.41,0.465
1076,1,1194.50,433.50,181.00,187.00,-0.00,1,210.32,-56.01,1019.41,1042.39,1.48,-6.28,-0.45,0.477
1077,1,1197.50,433.50,187.00,183.00,90.00,1,211.66,-56.02,1019.10,1042.36,1.38,-5.29,-0.40,0.414
1078,1,1200.50,434.00,188.00,181.00,90.00,1,212.36,-55.76,1016.16,1039.60,1.46,-6.13,-0.45,0.470
1079,1,1204.50,434.00,188.00,181.00,90.00,1,213.43,-55.60,1014.29,1037.99,1.50,-6.62,-0.46,0.504
1080,1,1208.50,434.00,188.00,181.00,90.00,1,214.78,-55.51,1013.25,1037.25,1.51,-6.88,-0.47,0.521
1081,1,1210.50,432.50,181.00,189.00,-0.00,1,215.31,-55.65,1010.01,1034.20,1.57,-7.43,-0.49,0.560
1082,1,1211.51,432.55,181.86,187.25,0.88,1,216.68,-56.01,1013.03,1037.46,1.53,-6.55,0.01,0.501
1083,1,1211.24,432.20,184.54,185.83,1.68,1,218.11,-56.55,1019.12,1043.74,1.25,-3.76,0.87,0.318
1084,1,1208.54,432.06,185.25,185.69,1.79,1,218.26,-56.92,1023.23,1047.80,0.88,-1.15,1.50,0.150
1085,1,1205.27,432.23,184.83,185.77,1.68,1,217.37,-57.07,1025.29,1049.63,0.62,0.20,1.79,0.064
1086,1,1200.88,432.43,182.64,187.54,0.74,1,214.81,-56.81,1021.73,1045.61,1.03,-1.94,1.24,0.201
1087,1,1196.79,432.49,182.82,187.50,0.74,1,212.23,-56.60,1019.13,1042.53,1.22,-3.26,0.85,0.286
1088,1,1192.50,432.63,183.30,187.54,0.72,1,209.70,-56.41,1017.28,1040.20,1.30,-3.87,0.60,0.325
1089,1,1186.52,433.08,183.33,186.67,0.73,1,207.44,-56.33,1018.62,1041.06,1.29,-3.74,0.48,0.316
1090,1,1180.50,433.17,183.29,186.64,0.71,1,204.93,-56.28,1019.72,1041.63,1.28,-3.64,0.41,0.309
1091,1,1173.50,433.00,183.00,188.00,-0.00,1,201.34,-56.08,1016.70,1037.96,1.36,-4.53,-0.04,0.367
1092,1,1165.50,433.00,188.00,183.00,90.00,1,197.61,-55.96,1014.78,1035.35,1.42,-5.11,-0.30,0.405
1093,1,1157.50,433.00,188.00,183.00,90.00,1,193.88,-55.91,1013.72,1033.61,1.47,-5.46,-0.44,0.428
1094,1,1149.48,432.52,185.93,186.91,0.92,1,190.69,-56.16,1016.25,1035.51,1.23,-3.32,0.11,0.288
1095,1,1139.50,432.42,185.36,187.34,0.73,1,186.71,-56.30,1016.83,1035.36,1.12,-2.41,0.36,0.229
1096,1,1129.50,432.29,185.45,187.30,0.76,1,182.47,-56.41,1017.32,1035.09,1.05,-1.80,0.54,0.189
1097,1,1119.49,431.95,185.81,186.61,0.87,1,178.38,-56.66,1019.47,1036.51,0.85,-0.70,0.73,0.116
1098,1,1108.50,432.00,188.00,185.00,90.00,1,173.33,-56.58,1017.19,1033.40,1.07,-1.86,0.29,0.191
1099,1,1098.50,432.00,188.00,185.00,90.00,1,168.50,-56.51,1015.61,1031.05,1.23,-2.73,-0.01,0.247
1100,1,1088.44,431.81,187.57,186.60,0.83,1,164.35,-56.71,1018.20,1032.93,0.71,-0.18,0.41,0.079
1101,1,1076.50,432.00,188.00,185.00,90.00,1,159.29,-56.58,1016.53,1030.49,1.10,-1.87,0.08,0.189
1102,1,1066.49,431.51,187.42,187.09,0.75,1,154.77,-56.73,1017.57,1030.83,0.73,-0.21,0.41,0.079
1103,1,1055.50,431.00,188.00,187.00,90.00,1,149.85,-56.80,1015.94,1028.50,0.78,-0.34,0.17,0.087
1104,1,1044.50,430.78,187.45,187.37,0.76,1,145.19,-56.97,1016.44,1028.34,0.51,0.55,0.47,0.027
1105,1,1033.50,430.50,189.00,187.00,90.00,1,140.00,-56.89,1012.80,1024.01,1.00,-1.06,0.14,0.133
1106,1,1022.50,430.47,187.96,187.12,0.92,1,135.56,-57.11,1015.12,1025.72,0.44,0.71,0.57,0.014
1107,1,1011.50,430.50,189.00,187.00,90.00,1,130.53,-56.96,1012.32,1022.28,1.05,-1.16,0.20,0.137
1108,1,1000.48,429.91,187.96,186.75,0.92,1,126.21,-57.31,1015.93,1025.34,0.26,1.05,0.63,0.017
1109,1,989.50,429.50,189.00,187.00,90.00,1,121.24,-57.29,1013.17,1022.01,1.08,-1.13,0.22,0.133
1110,1,978.50,429.44,187.65,187.27,0.82,1,116.78,-57.54,1015.52,1023.83,0.70,0.07,0.52,0.051
1111,1,968.49,429.00,188.81,186.90,1.19,1,112.30,-57.76,1016.11,1023.93,-1.28,2.74,1.03,0.166
1112,1,957.50,428.64,189.22,187.74,0.71,1,107.43,-57.79,1013.28,1020.59,-2.62,3.42,1.03,0.259
1113,1,946.51,428.53,188.05,187.44,0.95,1,102.93,-57.94,1014.24,1021.10,-2.25,3.12,1.10,0.230
1114,1,935.57,428.40,189.07,187.84,0.69,1,98.13,-57.92,1012.48,1018.87,-2.69,3.17,1.00,0.255
1115,1,925.42,428.30,189.75,187.48,0.91,1,93.39,-57.85,1009.71,1015.67,-4.15,3.46,1.06,0.346
1116,1,913.54,428.04,189.23,188.18,0.73,1,88.63,-57.87,1009.26,1014.79,-3.60,3.16,0.98,0.306
1117,1,903.41,427.96,189.88,187.75,0.94,1,83.95,-57.85,1007.52,1012.66,-4.41,3.18,1.04,0.355
1118,1,891.51,427.57,189.53,187.56,0.81,1,79.17,-57.95,1007.45,1012.21,-4.73,3.06,1.00,0.371
1119,1,881.44,427.21,190.01,187.87,0.97,1,74.54,-58.02,1006.24,1010.66,-5.05,2.93,1.06,0.388
1120,1,869.54,426.98,189.54,188.24,0.82,1,69.82,-58.15,1006.79,1010.88,-4.33,2.63,1.00,0.338
1121,1,859.46,426.85,189.99,187.99,0.95,1,65.24,-58.21,1006.03,1009.82,-4.62,2.51,1.04,0.354
1122,1,848.91,426.57,191.75,187.14,1.40,1,60.46,-58.08,1000.83,1004.33,-7.26,2.58,1.30,0.525
1123,1,837.55,426.27,189.96,187.92,0.95,1,55.96,-58.26,1002.38,1005.63,-6.59,2.34,1.22,0.477
1124,1,827.47,426.11,189.99,188.01,0.95,1,51.60,-58.41,1003.54,1006.56,-5.98,2.11,1.15,0.434
1125,1,816.47,425.73,191.87,187.17,1.49,1,46.90,-58.33,999.25,1002.05,-7.90,2.03,1.38,0.561
1126,1,805.50,425.49,190.02,188.61,0.95,1,42.46,-58.54,1001.53,1004.14,-6.36,1.75,1.24,0.456
1127,1,794.83,425.20,192.40,187.51,1.41,1,37.76,-58.42,996.72,999.15,-8.19,1.64,1.37,0.579
1128,1,783.51,424.91,190.07,188.21,0.97,1,33.26,-58.70,999.99,1002.26,-6.90,1.39,1.22,0.490
1129,1,772.75,424.75,191.58,188.08,1.06,1,28.62,-58.70,998.21,1000.34,-7.35,1.22,1.16,0.520
1130,1,761.50,424.55,190.11,188.38,0.97,1,24.05,-58.92,1001.07,1003.09,-6.13,0.99,1.07,0.435
1131,1,750.84,424.42,192.20,187.52,1.30,1,19.40,-58.81,997.29,999.21,-7.87,0.83,1.19,0.553
1132,1,739.52,424.14,190.07,188.19,0.97,1,14.81,-59.06,1000.57,1002.43,-6.68,0.61,1.09,0.470
1133,1,729.22,423.82,192.14,187.70,1.49,1,10.28,-59.01,997.18,998.98,-7.99,0.42,1.30,0.560
1134,1,718.28,423.56,191.50,188.91,0.97,1,5.77,-59.07,996.71,998.48,-7.34,0.23,1.15,0.516
1135,1,707.46,423.41,191.74,187.84,1.48,1,1.27,-59.13,995.89,997.65,-7.92,0.02,1.31,0.556
1136,1,696.49,423.28,191.92,188.86,1.02,1,-3.26,-59.14,995.00,996.76,-7.61,-0.17,1.18,0.537
1137,1,685.34,422.97,191.81,188.03,1.41,1,-7.85,-59.24,994.86,996.66,-7.96,-0.38,1.28,0.561
1138,1,674.52,422.65,192.00,188.61,1.04,1,-12.40,-59.32,994.38,996.22,-7.87,-0.57,1.15,0.556
1139,1,663.38,422.45,191.82,187.72,1.43,1,-17.00,-59.45,994.70,996.62,-8.33,-0.79,1.26,0.587
1140,1,652.53,422.07,192.02,189.20,1.02,1,-21.56,-59.55,994.46,996.48,-7.59,-0.97,1.12,0.539
1141,1,641.35,421.76,191.86,188.17,1.42,1,-26.18,-59.72,994.84,996.98,-7.78,-1.19,1.23,0.552
1142,1,630.52,421.49,192.06,188.97,1.02,1,-30.75,-59.82,994.62,996.90,-7.40,-1.36,1.09,0.529
1143,1,619.17,421.20,192.19,188.19,1.40,1,-35.38,-59.94,994.22,996.65,-7.88,-1.60,1.19,0.563
1144,1,608.38,420.96,193.25,188.30,1.36,1,-39.83,-59.89,991.19,993.80,-8.87,-1.85,1.23,0.634
1145,1,596.97,420.73,192.63,188.11,1.25,1,-44.47,-60.00,991.05,993.86,-9.13,-2.07,1.19,0.654
1146,1,586.13,420.51,193.32,188.02,1.23,1,-48.97,-60.01,989.36,992.39,-9.75,-2.31,1.15,0.699
1147,1,574.80,419.97,191.99,188.18,0.87,1,-53.75,-60.31,992.02,995.31,-9.05,-2.47,0.93,0.651
1148,1,565.01,418.69,191.51,188.11,0.47,1,-58.29,-60.84,995.24,998.80,-8.18,-2.59,0.59,0.592
1149,1,556.50,417.50,187.00,189.00,90.00,1,-62.76,-61.81,1004.10,1007.96,-6.38,-2.58,0.14,0.469
1150,1,550.50,417.50,187.00,189.00,90.00,1,-66.23,-62.38,1009.62,1013.71,-5.09,-2.51,-0.12,0.383
1151,1,544.50,417.50,187.00,189.00,90.00,1,-69.07,-62.67,1012.61,1016.90,-4.30,-2.46,-0.25,0.333
1152,1,540.50,417.50,187.00,189.00,90.00,1,-71.10,-62.78,1013.90,1018.33,-3.94,-2.45,-0.29,0.310
1153,1,536.50,417.50,187.00,189.00,90.00,1,-72.68,-62.78,1014.18,1018.72,-3.85,-2.49,-0.28,0.305
1154,1,532.50,417.50,187.00,189.00,90.00,1,-74.07,-62.74,1013.94,1018.58,-3.91,-2.56,-0.26,0.311
1155,1,528.50,417.50,187.00,189.00,90.00,1,-75.42,-62.68,1013.50,1018.24,-4.03,-2.64,-0.23,0.319
1156,1,523.00,417.50,187.00,190.00,90.00,1,-76.92,-62.48,1010.38,1015.23,-5.19,-2.93,-0.22,0.397
1157,1,518.50,417.50,189.00,187.00,0.00,1,-78.77,-62.49,1011.01,1016.00,-4.89,-2.95,-0.19,0.379
1158,1,514.94,417.94,189.49,187.49,0.42,1,-80.33,-62.31,1010.18,1015.29,-4.65,-2.98,0.05,0.366
1159,1,511.58,418.45,189.93,188.09,0.92,1,-81.69,-62.02,1008.50,1013.70,-4.31,-3.00,0.46,0.347
1160,1,509.28,418.33,189.88,187.91,0.80,1,-82.79,-61.87,1007.61,1012.90,-4.22,-3.04,0.64,0.344
1161,1,505.80,418.47,189.52,188.09,0.95,1,-84.08,-61.81,1008.11,1013.50,-3.55,-2.93,0.82,0.302
1162,1,503.68,418.47,189.76,188.09,0.95,1,-85.10,-61.77,1007.96,1013.42,-3.40,-2.93,0.90,0.293
1163,1,501.63,418.44,189.86,188.14,0.95,1,-85.95,-61.75,1007.68,1013.22,-3.40,-2.96,0.92,0.295
1164,1,499.62,418.46,189.87,188.19,0.97,1,-86.74,-61.74,1007.52,1013.13,-3.38,-2.99,0.92,0.294
1165,1,497.75,418.60,190.00,188.24,1.07,1,-87.44,-61.70,1007.16,1012.83,-3.49,-3.04,0.96,0.302
1166,1,496.17,418.68,190.35,188.39,1.18,1,-88.00,-61.62,1006.07,1011.79,-3.80,-3.16,1.02,0.323
1167,1,494.35,418.64,190.31,188.39,1.18,1,-88.61,-61.59,1005.54,1011.32,-3.94,-3.22,1.05,0.334
1168,1,492.67,418.65,190.61,188.39,1.18,1,-89.18,-61.54,1004.53,1010.36,-4.35,-3.34,1.05,0.361
1169,1,490.94,418.46,190.91,188.39,1.05,1,-89.73,-61.51,1003.19,1009.08,-4.89,-3.48,0.98,0.397
1170,1,489.60,418.44,190.08,188.41,1.05,1,-90.47,-61.62,1004.62,1010.57,-4.30,-3.37,0.93,0.359
1171,1,488.23,418.57,190.33,188.43,1.17,1,-91.08,-61.64,1005.04,1011.04,-4.11,-3.35,0.96,0.347
1172,1,486.75,418.37,190.77,188.43,1.05,1,-91.58,-61.63,1004.21,1010.26,-4.45,-3.45,0.92,0.371
1173,1,485.77,418.38,190.09,188.38,1.14,1,-92.18,-61.71,1005.44,1011.54,-4.00,-3.35,0.94,0.341
1174,1,484.33,418.19,190.08,188.61,1.45,1,-92.78,-61.80,1006.26,1012.42,-3.38,-3.21,1.13,0.301
1175,1,482.14,417.80,190.61,188.60,1.52,1,-93.43,-61.87,1005.44,1011.67,-3.63,-3.32,1.27,0.319
1176,1,477.83,417.54,191.72,188.44,1.71,1,-94.41,-61.83,1002.07,1008.40,-5.15,-3.76,1.43,0.421
1177,1,471.57,417.40,192.04,188.50,1.65,1,-96.22,-61.78,999.10,1005.62,-6.22,-4.04,1.48,0.493
1178,1,464.26,417.27,192.76,188.67,1.74,1,-98.65,-61.67,995.58,1002.36,-7.21,-4.31,1.54,0.563
1179,1,456.11,417.23,192.94,188.73,1.74,1,-101.74,-61.59,993.25,1000.35,-7.77,-4.53,1.56,0.605
1180,1,447.16,417.13,192.47,188.66,1.55,1,-105.55,-61.64,993.49,1000.98,-7.67,-4.67,1.46,0.602
1181,1,438.32,417.00,193.34,188.55,1.57,1,-109.34,-61.60,991.85,999.76,-8.22,-4.92,1.39,0.643
1182,1,428.62,416.82,193.43,188.65,1.51,1,-113.42,-61.61,990.94,999.31,-8.45,-5.12,1.31,0.663
1183,1,418.52,416.91,193.63,188.71,1.47,1,-117.69,-61.58,990.25,999.12,-8.57,-5.33,1.23,0.676
1184,1,407.24,416.67,195.06,188.59,1.25,1,-121.89,-61.43,986.47,995.87,-9.59,-5.65,1.06,0.751
1185,1,396.08,416.52,194.57,188.76,1.25,1,-126.57,-61.44,985.74,995.73,-9.67,-5.87,0.96,0.762
1186,1,384.04,416.30,194.25,189.09,1.41,1,-131.68,-61.56,986.62,997.27,-9.15,-6.03,0.99,0.734
1187,1,372.18,416.12,194.08,188.99,1.45,1,-136.96,-61.72,988.09,999.45,-8.64,-6.19,1.04,0.706
1188,1,360.79,415.79,194.58,188.99,1.40,1,-141.94,-61.84,988.08,1000.14,-8.57,-6.40,1.04,0.708
1189,1,349.95,415.73,194.15,189.13,1.41,1,-146.91,-61.99,989.39,1002.16,-8.07,-6.52,1.06,0.681
1190,1,338.39,415.61,193.83,189.35,1.47,1,-151.99,-62.15,991.26,1004.76,-7.26,-6.57,1.10,0.636
1191,1,327.52,415.51,195.06,189.34,1.43,1,-156.37,-62.10,989.48,1003.68,-7.64,-6.85,1.09,0.668
1192,1,316.45,415.13,194.58,189.12,1.15,1,-161.01,-62.22,989.70,1004.64,-7.66,-7.03,0.93,0.675
1193,1,306.00,415.36,194.31,189.32,1.43,1,-165.64,-62.28,990.75,1006.43,-7.27,-7.13,0.98,0.656
1194,1,294.50,414.79,194.75,188.85,1.11,1,-170.20,-62.40,990.60,1007.05,-7.63,-7.39,0.83,0.685
1195,1,283.62,414.57,195.40,189.35,1.36,1,-174.48,-62.43,989.05,1006.26,-7.90,-7.64,0.87,0.710
1196,1,272.44,414.43,194.70,188.86,1.14,1,-179.26,-62.58,990.09,1008.13,-7.83,-7.81,0.79,0.711
1197,1,261.36,414.49,195.51,189.35,1.34,1,-183.66,-62.56,989.03,1007.88,-7.92,-8.03,0.83,0.725
1198,1,250.13,414.44,194.45,189.61,1.41,1,-188.73,-62.69,991.22,1010.98,-6.87,-7.96,0.92,0.667
1199,1,238.74,413.93,195.19,189.75,1.19,1,-193.40,-62.78,991.04,1011.69,-6.53,-8.04,0.85,0.653
1200,1,227.52,413.73,195.58,189.65,1.39,1,-197.95,-62.84,990.25,1011.79,-6.64,-8.27,0.90,0.670
1201,1,216.33,413.29,194.91,189.41,1.10,1,-202.92,-63.08,991.63,1014.14,-6.31,-8.32,0.78,0.654
1202,1,205.39,413.11,196.35,189.31,1.09,1,-207.08,-63.09,989.39,1012.80,-7.20,-8.77,0.68,0.718
1203,1,194.25,413.03,195.08,189.34,1.07,1,-212.11,-63.27,991.24,1015.65,-6.70,-8.78,0.62,0.693
1204,1,183.34,412.98,196.48,189.40,1.09,1,-216.30,-63.23,989.46,1014.80,-7.25,-9.13,0.58,0.736
1205,1,171.61,412.80,196.18,189.38,1.15,1,-221.01,-63.28,989.37,1015.72,-7.28,-9.33,0.59,0.747
1206,1,161.16,412.76,196.27,189.44,1.21,1,-225.58,-63.31,989.46,1016.83,-7.20,-9.50,0.64,0.750
1207,1,149.38,412.53,196.00,189.50,1.35,1,-230.56,-63.43,990.57,1019.03,-6.76,-9.55,0.75,0.731
1208,1,137.55,412.48,195.77,189.62,1.39,1,-235.80,-63.56,992.13,1021.75,-6.06,-9.48,0.85,0.696
1209,1,125.73,412.45,195.22,189.84,1.47,1,-241.29,-63.70,994.40,1025.24,-4.88,-9.09,0.97,0.628
1210,1,115.16,412.10,196.26,189.92,1.25,1,-245.84,-63.74,993.72,1025.66,-4.80,-9.19,0.90,0.632
1211,1,103.49,412.02,195.99,190.19,1.31,1,-250.64,-63.79,993.74,1026.84,-4.29,-9.01,0.89,0.604
1212,1,95.10,411.60,193.27,189.89,0.94,1,-255.86,-64.13,997.78,1032.06,-2.33,-7.22,0.78,0.438
1213,1,89.45,411.31,181.33,189.66,0.73,1,-260.48,-64.49,1002.55,1037.84,0.80,1.65,1.07,0.183
1214,1,84.50,410.50,169.00,189.00,0.00,1,-263.88,-64.92,1005.62,1041.70,1.82,10.17,1.11,0.736
1215,1,80.50,409.00,161.00,190.00,0.00,1,-265.51,-65.31,1004.60,1041.14,2.30,16.81,1.25,1.157
1216,1,76.50,408.00,153.00,190.00,0.00,1,-266.83,-65.75,1003.80,1040.74,2.63,22.08,1.47,1.482
1217,1,74.74,406.96,188.77,151.85,89.28,1,-268.49,-66.44,1006.72,1044.02,2.86,24.66,1.29,1.627
1218,1,74.50,406.50,149.00,191.00,0.00,1,-267.57,-66.52,1002.41,1039.64,2.98,26.76,1.58,1.764
1219,1,74.50,407.00,149.00,190.00,0.00,1,-267.38,-66.58,1002.31,1039.49,3.01,27.40,1.76,1.802
1220,1,74.50,408.00,149.00,190.00,0.00,1,-267.06,-66.35,1002.35,1039.44,3.00,27.40,1.85,1.802
1221,1,74.50,408.50,149.00,189.00,0.00,1,-267.47,-66.24,1005.21,1042.29,2.96,26.91,1.88,1.763
1222,1,73.50,408.50,147.00,189.00,0.00,1,-267.88,-66.16,1007.09,1044.21,2.94,26.82,1.92,1.752
1223,1,74.00,408.50,148.00,189.00,0.00,1,-267.97,-66.10,1008.18,1045.28,2.92,26.42,1.92,1.725
1224,1,74.50,408.50,149.00,189.00,0.00,1,-267.85,-66.07,1008.72,1045.77,2.88,25.85,1.89,1.690
1225,1,75.50,410.50,151.00,189.00,0.00,1,-267.49,-65.61,1008.88,1045.80,2.81,24.98,1.81,1.639
1226,1,75.14,411.67,153.55,189.78,0.99,1,-266.71,-64.93,1006.60,1043.36,2.63,23.95,2.17,1.586
1227,1,75.74,411.06,155.72,189.51,1.27,1,-266.26,-64.70,1005.75,1042.41,2.47,22.74,2.49,1.516
1228,1,76.40,410.76,157.87,189.57,1.52,1,-265.81,-64.66,1005.04,1041.61,2.32,21.51,2.76,1.444
1229,1,77.03,409.95,160.05,189.31,1.79,1,-265.59,-64.90,1005.33,1041.84,2.18,20.21,2.99,1.364
1230,1,76.92,408.44,161.68,189.28,2.35,1,-265.54,-65.43,1005.64,1042.16,2.05,19.05,3.34,1.292
1231,1,74.81,407.67,158.34,189.35,2.60,1,-265.97,-65.93,1005.64,1042.31,2.00,19.38,3.70,1.313
1232,1,71.95,407.96,152.40,189.48,2.53,1,-266.84,-66.14,1005.32,1042.23,2.09,21.32,3.96,1.431
1233,1,68.44,408.73,144.15,189.55,2.18,1,-268.15,-66.06,1004.99,1042.25,2.30,24.58,4.06,1.627
1234,1,64.39,408.90,135.75,189.64,2.08,1,-269.78,-65.92,1004.57,1042.25,2.54,28.38,4.16,1.849
1235,1,60.29,409.37,125.83,189.51,1.58,1,-271.75,-65.73,1004.75,1042.92,2.85,32.51,4.13,2.079
1236,1,76.53,409.86,73.54,190.12,2.73,1,-268.78,-65.38,1003.18,1040.62,3.48,44.65,5.39,2.699
1237,1,67.60,410.72,73.63,189.56,2.05,1,-269.04,-65.08,1003.76,1041.23,4.16,51.14,6.09,2.976
1238,1,57.44,411.16,73.41,190.00,2.02,1,-271.11,-64.73,1002.96,1040.97,4.57,54.35,6.48,3.106
1239,0,0.00,0.00,0.00,0.00,0.00,1,-271.72,-64.49,1002.54,1040.71,5.21,58.76,7.20,3.264
1240,0,0.00,0.00,0.00,0.00,0.00,1,-272.32,-64.25,1002.12,1040.45,6.04,63.06,8.10,3.400
1241,0,0.00,0.00,0.00,0.00,0.00,1,-272.90,-64.01,1001.70,1040.19,7.15,67.28,9.28,3.515
1242,0,0.00,0.00,0.00,0.00,0.00,1,-273.48,-63.78,1001.29,1039.92,8.74,71.44,10.94,3.611
1243,0,0.00,0.00,0.00,0.00,0.00,1,-274.12,-63.54,1000.87,1039.67,169.53,-73.03,-167.29,3.643
1244,0,0.00,0.00,0.00,0.00,0.00,0,0.00,0.00,0.00,0.00,0.00,0.00,0.00,0.000
1245,0,0.00,0.00,0.00,0.00,0.00,0,0.00,0.00,0.00,0.00,0.00,0.00,0.00,0.000
1246,0,0.00,0.00,0.00,0.00,0.00,0,0.00,0.00,0.00,0.00,0.00,0.00,0.00,0.000
1247,0,0.00,0.00,0.00,0.00,0.00,0,0.00,0.00,0.00,0.00,0.00,0.00,0.00,0.000
1248,0,0.00,0.00,0.00,0.00,0.00,0,0.00,0.00,0.00,0.00,0.00,0.00,0.00,0.000
1249,0,0.00,0.00,0.00,0.00,0.00,0,0.00,0.00,0.00,0.00,0.00,0.00,0.00,0.000
1250,0,0.00,0.00,0.00,0.00,0.00,0,0.00,0.00,0.00,0.00,0.00,0.00,0.00,0.000
1251,0,0.00,0.00,0.00,0.00,0.00,0,0.00,0.00,0.00,0.00,0.00,0.00,0.00,0.000
1252,0,0.00,0.00,0.00,0.00,0.00,0,0.00,0.00,0.00,0.00,0.00,0.00,0.00,0.000
1253,0,0.00,0.00,0.00,0.00,0.00,0,0.00,0.00,0.00,0.00,0.00,0.00,0.00,0.000
1254,0,0.00,0.00,0.00,0.00,0.00,0,0.00,0.00,0.00,0.00,0.00,0.00,0.00,0.000
1255,0,0.00,0.00,0.00,0.00,0.00,0,0.00,0.00,0.00,0.00,0.00,0.00,0.00,0.000
1256,0,0.00,0.00,0.00,0.00,0.00,0,0.00,0.00,0.00,0.00,0.00,0.00,0.00,0.000
1257,0,0.00,0.00,0.00,0.00,0.00,0,0.00,0.00,0.00,0.00,0.00,0.00,0.00,0.000
1258,0,0.00,0.00,0.00,0.00,0.00,0,0.00,0.00,0.00,0.00,0.00,0.00,0.00,0.000
1259,0,0.00,0.00,0.00,0.00,0.00,0,0.00,0.00,0.00,0.00,0.00,0.00,0.00,0.000
1260,0,0.00,0.00,0.00,0.00,0.00,0,0.00,0.00,0.00,0.00,0.00,0.00,0.00,0.000
1261,0,0.00,0.00,0.00,0.00,0.00,0,0.00,0.00,0.00,0.00,0.00,0.00,0.00,0.000
1262,0,0.00,0.00,0.00,0.00,0.00,0,0.00,0.00,0.00,0.00,0.00,0.00,0.00,0.000
1263,0,0.00,0.00,0.00,0.00,0.00,0,0.00,0.00,0.00,0.00,0.00,0.00,0.00,0.000
1264,0,0.00,0.00,0.00,0.00,0.00,0,0.00,0.00,0.00,0.00,0.00,0.00,0.00,0.000
1265,0,0.00,0.00,0.00,0.00,0.00,0,0.00,0.00,0.00,0.00,0.00,0.00,0.00,0.000
1266,0,0.00,0.00,0.00,0.00,0.00,0,0.00,0.00,0.00,0.00,0.00,0.00,0.00,0.000
1267,0,0.00,0.00,0.00,0.00,0.00,0,0.00,0.00,0.00,0.00,0.00,0.00,0.00,0.000
1268,0,0.00,0.00,0.00,0.00,0.00,0,0.00,0.00,0.00,0.00,0.00,0.00,0.00,0.000
1269,0,0.00,0.00,0.00,0.00,0.00,0,0.00,0.00,0.00,0.00,0.00,0.00,0.00,0.000
1270,0,0.00,0.00,0.00,0.00,0.00,0,0.00,0.00,0.00,0.00,0.00,0.00,0.00,0.000
1271,0,0.00,0.00,0.00,0.00,0.00,0,0.00,0.00,0.00,0.00,0.00,0.00,0.00,0.000
1272,0,0.00,0.00,0.00,0.00,0.00,0,0.00,0.00,0.00,0.00,0.00,0.00,0.00,0.000
1273,0,0.00,0.00,0.00,0.00,0.00,0,0.00,0.00,0.00,0.00,0.00,0.00,0.00,0.000
1274,0,0.00,0.00,0.00,0.00,0.00,0,0.00,0.00,0.00,0.00,0.00,0.00,0.00,0.000
1275,0,0.00,0.00,0.00,0.00,0.00,0,0.00,0.00,0.00,0.00,0.00,0.00,0.00,0.000
1276,0,0.00,0.00,0.00,0.00,0.00,0,0.00,0.00,0.00,0.00,0.00,0.00,0.00,0.000
1277,0,0.00,0.00,0.00,0.00,0.00,0,0.00,0.00,0.00,0.00,0.00,0.00,0.00,0.000
1278,0,0.00,0.00,0.00,0.00,0.00,0,0.00,0.00,0.00,0.00,0.00,0.00,0.00,0.000
1279,0,0.00,0.00,0.00,0.00,0.00,0,0.00,0.00,0.00,0.00,0.00,0.00,0.00,0.000
1280,0,0.00,0.00,0.00,0.00,0.00,0,0.00,0.00,0.00,0.00,0.00,0.00,0.00,0.000
1281,0,0.00,0.00,0.00,0.00,0.00,0,0.00,0.00,0.00,0.00,0.00,0.00,0.00,0.000
1282,0,0.00,0.00,0.00,0.00,0.00,0,0.00,0.00,0.00,0.00,0.00,0.00,0.00,0.000
1283,0,0.00,0.00,0.00,0.00,0.00,0,0.00,0.00,0.00,0.00,0.00,0.00,0.00,0.000
1284,0,0.00,0.00,0.00,0.00,0.00,0,0.00,0.00,0.00,0.00,0.00,0.00,0.00,0.000
1285,0,0.00,0.00,0.00,0.00,0.00,0,0.00,0.00,0.00,0.00,0.00,0.00,0.00,0.000
1286,0,0.00,0.00,0.00,0.00,0.00,0,0.00,0.00,0.00,0.00,0.00,0.00,0.00,0.000
1287,0,0.00,0.00,0.00,0.00,0.00,0,0.00,0.00,0.00,0.00,0.00,0.00,0.00,0.000
1288,0,0.00,0.00,0.00,0.00,0.00,0,0.00,0.00,0.00,0.00,0.00,0.00,0.00,0.000
1289,0,0.00,0.00,0.00,0.00,0.00,0,0.00,0.00,0.00,0.00,0.00,0.00,0.00,0.000
1290,0,0.00,0.00,0.00,0.00,0.00,0,0.00,0.00,0.00,0.00,0.00,0.00,0.00,0.000
1291,0,0.00,0.00,0.00,0.00,0.00,0,0.00,0.00,0.00,0.00,0.00,0.00,0.00,0.000
1292,0,0.00,0.00,0.00,0.00,0.00,0,0.00,0.00,0.00,0.00,0.00,0.00,0.00,0.000
1293,0,0.00,0.00,0.00,0.00,0.00,0,0.00,0.00,0.00,0.00,0.00,0.00,0.00,0.000
1294,0,0.00,0.00,0.00,0.00,0.00,0,0.00,0.00,0.00,0.00,0.00,0.00,0.00,0.000
1295,0,0.00,0.00,0.00,0.00,0.00,0,0.00,0.00,0.00,0.00,0.00,0.00,0.00,0.000
1296,0,0.00,0.00,0.00,0.00,0.00,0,0.00,0.00,0.00,0.00,0.00,0.00,0.00,0.000
1297,0,0.00,0.00,0.00,0.00,0.00,0,0.00,0.00,0.00,0.00,0.00,0.00,0.00,0.000
1298,0,0.00,0.00,0.00,0.00,0.00,0,0.00,0.00,0.00,0.00,0.00,0.00,0.00,0.000
1299,0,0.00,0.00,0.00,0.00,0.00,0,0.00,0.00,0.00,0.00,0.00,0.00,0.00,0.000
1300,0,0.00,0.00,0.00,0.00,0.00,0,0.00,0.00,0.00,0.00,0.00,0.00,0.00,0.000
1301,0,0.00,0.00,0.00,0.00,0.00,0,0.00,0.00,0.00,0.00,0.00,0.00,0.00,0.000
1302,0,0.00,0.00,0.00,0.00,0.00,0,0.00,0.00,0.00,0.00,0.00,0.00,0.00,0.000
1303,0,0.00,0.00,0.00,0.00,0.00,0,0.00,0.00,0.00,0.00,0.00,0.00,0.00,0.000
1304,0,0.00,0.00,0.00,0.00,0.00,0,0.00,0.00,0.00,0.00,0.00,0.00,0.00,0.000
1305,0,0.00,0.00,0.00,0.00,0.00,0,0.00,0.00,0.00,0.00,0.00,0.00,0.00,0.000
1306,0,0.00,0.00,0.00,0.00,0.00,0,0.00,0.00,0.00,0.00,0.00,0.00,0.00,0.000
1307,0,0.00,0.00,0.00,0.00,0.00,0,0.00,0.00,0.00,0.00,0.00,0.00,0.00,0.000
1308,0,0.00,0.00,0.00,0.00,0.00,0,0.00,0.00,0.00,0.00,0.00,0.00,0.00,0.000
1309,0,0.00,0.00,0.00,0.00,0.00,0,0.00,0.00,0.00,0.00,0.00,0.00,0.00,0.000
1310,0,0.00,0.00,0.00,0.00,0.00,0,0.00,0.00,0.00,0.00,0.00,0.00,0.00,0.000
1311,0,0.00,0.00,0.00,0.00,0.00,0,0.00,0.00,0.00,0.00,0.00,0.00,0.00,0.000
1312,0,0.00,0.00,0.00,0.00,0.00,0,0.00,0.00,0.00,0.00,0.00,0.00,0.00,0.000
1313,0,0.00,0.00,0.00,0.00,0.00,0,0.00,0.00,0.00,0.00,0.00,0.00,0.00,0.000
1314,0,0.00,0.00,0.00,0.00,0.00,0,0.00,0.00,0.00,0.00,0.00,0.00,0.00,0.000
1315,0,0.00,0.00,0.00,0.00,0.00,0,0.00,0.00,0.00,0.00,0.00,0.00,0.00,0.000
1316,0,0.00,0.00,0.00,0.00,0.00,0,0.00,0.00,0.00,0.00,0.00,0.00,0.00,0.000
1317,0,0.00,0.00,0.00,0.00,0.00,0,0.00,0.00,0.00,0.00,0.00,0.00,0.00,0.000
1318,0,0.00,0.00,0.00,0.00,0.00,0,0.00,0.00,0.00,0.00,0.00,0.00,0.00,0.000
1319,0,0.00,0.00,0.00,0.00,0.00,0,0.00,0.00,0.00,0.00,0.00,0.00,0.00,0.000
1320,0,0.00,0.00,0.00,0.00,0.00,0,0.00,0.00,0.00,0.00,0.00,0.00,0.00,0.000
1321,0,0.00,0.00,0.00,0.00,0.00,0,0.00,0.00,0.00,0.00,0.00,0.00,0.00,0.000
1322,0,0.00,0.00,0.00,0.00,0.00,0,0.00,0.00,0.00,0.00,0.00,0.00,0.00,0.000
1323,0,0.00,0.00,0.00,0.00,0.00,0,0.00,0.00,0.00,0.00,0.00,0.00,0.00,0.000
1324,0,0.00,0.00,0.00,0.00,0.00,0,0.00,0.00,0.00,0.00,0.00,0.00,0.00,0.000
1325,0,0.00,0.00,0.00,0.00,0.00,0,0.00,0.00,0.00,0.00,0.00,0.00,0.00,0.000
1326,0,0.00,0.00,0.00,0.00,0.00,0,0.00,0.00,0.00,0.00,0.00,0.00,0.00,0.000
1327,0,0.00,0.00,0.00,0.00,0.00,0,0.00,0.00,0.00,0.00,0.00,0.00,0.00,0.000
1328,0,0.00,0.00,0.00,0.00,0.00,0,0.00,0.00,0.00,0.00,0.00,0.00,0.00,0.000
1329,0,0.00,0.00,0.00,0.00,0.00,0,0.00,0.00,0.00,0.00,0.00,0.00,0.00,0.000
1330,0,0.00,0.00,0.00,0.00,0.00,0,0.00,0.00,0.00,0.00,0.00,0.00,0.00,0.000
1331,0,0.00,0.00,0.00,0.00,0.00,0,0.00,0.00,0.00,0.00,0.00,0.00,0.00,0.000
1332,0,0.00,0.00,0.00,0.00,0.00,0,0.00,0.00,0.00,0.00,0.00,0.00,0.00,0.000
1333,0,0.00,0.00,0.00,0.00,0.00,0,0.00,0.00,0.00,0.00,0.00,0.00,0.00,0.000
1334,0,0.00,0.00,0.00,0.00,0.00,0,0.00,0.00,0.00,0.00,0.00,0.00,0.00,0.000
1335,0,0.00,0.00,0.00,0.00,0.00,0,0.00,0.00,0.00,0.00,0.00,0.00,0.00,0.000
1336,0,0.00,0.00,0.00,0.00,0.00,0,0.00,0.00,0.00,0.00,0.00,0.00,0.00,0.000
1337,0,0.00,0.00,0.00,0.00,0.00,0,0.00,0.00,0.00,0.00,0.00,0.00,0.00,0.000
1338,0,0.00,0.00,0.00,0.00,0.00,0,0.00,0.00,0.00,0.00,0.00,0.00,0.00,0.000
1339,0,0.00,0.00,0.00,0.00,0.00,0,0.00,0.00,0.00,0.00,0.00,0.00,0.00,0.000
1340,0,0.00,0.00,0.00,0.00,0.00,0,0.00,0.00,0.00,0.00,0.00,0.00,0.00,0.000
1341,0,0.00,0.00,0.00,0.00,0.00,0,0.00,0.00,0.00,0.00,0.00,0.00,0.00,0.000
1342,0,0.00,0.00,0.00,0.00,0.00,0,0.00,0.00,0.00,0.00,0.00,0.00,0.00,0.000
1343,0,0.00,0.00,0.00,0.00,0.00,0,0.00,0.00,0.00,0.00,0.00,0.00,0.00,0.000
1344,0,0.00,0.00,0.00,0.00,0.00,0,0.00,0.00,0.00,0.00,0.00,0.00,0.00,0.000
1345,0,0.00,0.00,0.00,0.00,0.00,0,0.00,0.00,0.00,0.00,0.00,0.00,0.00,0.000
1346,0,0.00,0.00,0.00,0.00,0.00,0,0.00,0.00,0.00,0.00,0.00,0.00,0.00,0.000
1347,0,0.00,0.00,0.00,0.00,0.00,0,0.00,0.00,0.00,0.00,0.00,0.00,0.00,0.000
1348,0,0.00,0.00,0.00,0.00,0.00,0,0.00,0.00,0.00,0.00,0.00,0.00,0.00,0.000
1349,0,0.00,0.00,0.00,0.00,0.00,0,0.00,0.00,0.00,0.00,0.00,0.00,0.00,0.000
1350,0,0.00,0.00,0.00,0.00,0.00,0,0.00,0.00,0.00,0.00,0.00,0.00,0.00,0.000
1351,0,0.00,0.00,0.00,0.00,0.00,0,0.00,0.00,0.00,0.00,0.00,0.00,0.00,0.000
1352,0,0.00,0.00,0.00,0.00,0.00,0,0.00,0.00,0.00,0.00,0.00,0.00,0.00,0.000
1353,0,0.00,0.00,0.00,0.00,0.00,0,0.00,0.00,0.00,0.00,0.00,0.00,0.00,0.000
1354,0,0.00,0.00,0.00,0.00,0.00,0,0.00,0.00,0.00,0.00,0.00,0.00,0.00,0.000
1355,0,0.00,0.00,0.00,0.00,0.00,0,0.00,0.00,0.00,0.00,0.00,0.00,0.00,0.000
1356,0,0.00,0.00,0.00,0.00,0.00,0,0.00,0.00,0.00,0.00,0.00,0.00,0.00,0.000
1357,0,0.00,0.00,0.00,0.00,0.00,0,0.00,0.00,0.00,0.00,0.00,0.00,0.00,0.000
1358,0,0.00,0.00,0.00,0.00,0.00,0,0.00,0.00,0.00,0.00,0.00,0.00,0.00,0.000
1359,0,0.00,0.00,0.00,0.00,0.00,0,0.00,0.00,0.00,0.00,0.00,0.00,0.00,0.000
1360,0,0.00,0.00,0.00,0.00,0.00,0,0.00,0.00,0.00,0.00,0.00,0.00,0.00,0.000
1361,0,0.00,0.00,0.00,0.00,0.00,0,0.00,0.00,0.00,0.00,0.00,0.00,0.00,0.000
1362,0,0.00,0.00,0.00,0.00,0.00,0,0.00,0.00,0.00,0.00,0.00,0.00,0.00,0.000
1363,0,0.00,0.00,0.00,0.00,0.00,0,0.00,0.00,0.00,0.00,0.00,0.00,0.00,0.000
1364,0,0.00,0.00,0.00,0.00,0.00,0,0.00,0.00,0.00,0.00,0.00,0.00,0.00,0.000
1365,0,0.00,0.00,0.00,0.00,0.00,0,0.00,0.00,0.00,0.00,0.00,0.00,0.00,0.000
1366,0,0.00,0.00,0.00,0.00,0.00,0,0.00,0.00,0.00,0.00,0.00,0.00,0.00,0.000
1367,0,0.00,0.00,0.00,0.00,0.00,0,0.00,0.00,0.00,0.00,0.00,0.00,0.00,0.000
1368,0,0.00,0.00,0.00,0.00,0.00,0,0.00,0.00,0.00,0.00,0.00,0.00,0.00,0.000
1369,0,0.00,0.00,0.00,0.00,0.00,0,0.00,0.00,0.00,0.00,0.00,0.00,0.00,0.000
1370,0,0.00,0.00,0.00,0.00,0.00,0,0.00,0.00,0.00,0.00,0.00,0.00,0.00,0.000
1371,0,0.00,0.00,0.00,0.00,0.00,0,0.00,0.00,0.00,0.00,0.00,0.00,0.00,0.000
1372,0,0.00,0.00,0.00,0.00,0.00,0,0.00,0.00,0.00,0.00,0.00,0.00,0.00,0.000
1373,0,0.00,0.00,0.00,0.00,0.00,0,0.00,0.00,0.00,0.00,0.00,0.00,0.00,0.000
1374,0,0.00,0.00,0.00,0.00,0.00,0,0.00,0.00,0.00,0.00,0.00,0.00,0.00,0.000
1375,0,0.00,0.00,0.00,0.00,0.00,0,0.00,0.00,0.00,0.00,0.00,0.00,0.00,0.000
1376,0,0.00,0.00,0.00,0.00,0.00,0,0.00,0.00,0.00,0.00,0.00,0.00,0.00,0.000
1377,0,0.00,0.00,0.00,0.00,0.00,0,0.00,0.00,0.00,0.00,0.00,0.00,0.00,0.000
1378,0,0.00,0.00,0.00,0.00,0.00,0,0.00,0.00,0.00,0.00,0.00,0.00,0.00,0.000
1379,0,0.00,0.00,0.00,0.00,0.00,0,0.00,0.00,0.00,0.00,0.00,0.00,0.00,0.000
1380,0,0.00,0.00,0.00,0.00,0.00,0,0.00,0.00,0.00,0.00,0.00,0.00,0.00,0.000
1381,0,0.00,0.00,0.00,0.00,0.00,0,0.00,0.00,0.00,0.00,0.00,0.00,0.00,0.000
1382,0,0.00,0.00,0.00,0.00,0.00,0,0.00,0.00,0.00,0.00,0.00,0.00,0.00,0.000
1383,0,0.00,0.00,0.00,0.00,0.00,0,0.00,0.00,0.00,0.00,0.00,0.00,0.00,0.000
1384,1,58.64,411.00,73.57,189.58,1.36,1,-273.20,-64.78,1004.80,1043.29,4.63,52.51,5.74,3.024
1385,1,71.67,411.21,75.00,189.81,1.53,1,-267.42,-64.62,1003.64,1040.67,4.57,52.35,5.83,3.025
1386,1,61.15,411.36,125.18,188.87,0.87,1,-272.55,-64.86,1008.24,1046.44,3.22,36.01,3.46,2.251
1387,1,67.25,411.27,137.36,188.87,0.87,1,-271.72,-64.95,1009.32,1047.27,2.82,27.82,2.71,1.801
1388,1,73.02,411.40,149.42,189.34,1.02,1,-269.06,-64.82,1007.77,1045.09,2.50,21.65,2.34,1.445
1389,1,79.18,411.48,161.41,189.57,0.92,1,-265.96,-64.69,1006.22,1042.78,2.17,15.54,1.92,1.075
1390,1,85.14,411.43,173.46,189.61,0.96,1,-262.82,-64.62,1005.14,1040.94,1.68,8.45,1.49,0.626
1391,1,91.17,411.40,185.38,189.74,0.92,1,-259.34,-64.54,1003.34,1038.32,0.34,-1.41,0.89,0.035
1392,1,98.01,411.51,195.13,189.97,1.01,1,-249.81,-63.20,978.74,1012.10,-9.33,-11.27,0.33,0.944
1393,1,107.49,411.95,195.87,190.40,1.36,1,-241.06,-61.88,958.14,989.93,-13.57,-11.89,0.51,1.229
1394,1,119.12,412.03,196.06,190.20,1.32,1,-235.57,-61.51,953.26,983.86,-14.46,-11.79,0.63,1.287
1395,1,129.58,412.10,195.90,190.03,1.31,1,-232.09,-61.69,957.35,987.01,-13.77,-11.48,0.71,1.227
1396,1,141.27,412.47,195.63,189.89,1.47,1,-229.22,-62.06,965.49,994.27,-12.30,-11.05,0.84,1.112
1397,1,151.72,412.47,195.43,189.60,1.39,1,-226.55,-62.51,974.28,1002.22,-10.65,-10.56,0.89,0.988
1398,1,163.45,412.59,195.95,189.49,1.31,1,-222.99,-62.80,980.17,1007.17,-9.50,-10.12,0.87,0.900
1399,1,175.17,412.86,196.32,189.51,1.15,1,-218.76,-62.91,983.52,1009.52,-8.78,-9.73,0.77,0.844
1400,1,185.63,412.96,196.25,189.48,1.10,1,-214.55,-62.97,985.84,1010.87,-8.25,-9.39,0.68,0.800
1401,1,197.51,413.02,196.33,189.45,1.10,1,-209.91,-62.98,986.83,1010.87,-8.05,-9.13,0.63,0.778
1402,1,209.35,413.10,195.95,189.95,1.27,1,-205.23,-62.99,987.91,1010.97,-7.39,-8.76,0.71,0.729
1403,1,220.74,413.53,195.15,189.80,1.25,1,-200.85,-63.00,990.13,1012.26,-6.57,-8.33,0.77,0.669
1404,1,232.15,413.88,194.50,190.06,1.39,1,-196.53,-62.99,992.57,1013.80,-5.42,-7.75,0.90,0.588
1405,1,243.58,413.97,195.72,189.98,1.31,1,-191.39,-62.79,990.83,1011.10,-5.94,-7.77,0.92,0.615
1406,1,255.29,414.14,195.36,190.18,1.41,1,-186.41,-62.65,989.99,1009.33,-6.03,-7.63,0.99,0.614
1407,1,266.36,413.98,194.83,189.52,1.10,1,-181.78,-62.69,990.49,1008.99,-6.34,-7.52,0.86,0.624
1408,1,278.12,414.49,194.51,189.42,1.36,1,-177.14,-62.64,991.35,1009.00,-6.50,-7.39,0.92,0.626
1409,1,289.44,414.50,195.94,188.85,1.19,1,-171.80,-62.42,988.07,1004.84,-8.21,-7.60,0.85,0.726
1410,1,300.66,414.63,195.02,188.79,1.13,1,-167.07,-62.37,987.91,1003.88,-8.70,-7.48,0.79,0.749
1411,1,312.32,414.76,194.58,189.02,1.23,1,-162.46,-62.36,988.78,1003.97,-8.54,-7.25,0.81,0.731
1412,1,324.15,415.25,194.29,189.12,1.44,1,-157.79,-62.29,989.89,1004.32,-8.17,-6.99,0.95,0.701
1413,1,335.53,415.48,195.22,189.41,1.45,1,-152.70,-62.05,987.98,1001.64,-8.43,-6.84,1.04,0.713
1414,1,347.33,415.55,195.21,189.35,1.41,1,-147.62,-61.88,986.49,999.39,-8.69,-6.68,1.08,0.725
1415,1,358.88,415.65,194.83,189.07,1.36,1,-142.79,-61.81,986.37,998.57,-8.83,-6.49,1.08,0.728
1416,1,370.31,416.05,193.99,189.09,1.47,1,-138.29,-61.81,988.35,999.89,-8.37,-6.21,1.13,0.691
1417,1,381.98,416.36,194.25,189.26,1.41,1,-133.53,-61.71,988.78,999.66,-8.17,-5.97,1.14,0.672
1418,1,392.75,416.33,194.67,188.84,1.12,1,-128.76,-61.59,987.73,997.99,-8.72,-5.83,0.98,0.701
1419,1,404.24,416.58,194.36,188.70,1.21,1,-124.07,-61.52,987.63,997.29,-9.02,-5.66,0.93,0.715
1420,1,414.95,416.70,194.68,188.49,1.21,1,-119.40,-61.40,986.56,995.65,-9.60,-5.52,0.91,0.748
1421,1,426.31,417.02,193.81,188.62,1.43,1,-114.98,-61.39,987.98,996.54,-9.34,-5.30,1.02,0.725
1422,1,437.77,417.06,194.03,188.73,1.26,1,-110.33,-61.34,988.17,996.20,-9.25,-5.07,1.02,0.714
1423,1,448.53,417.48,193.62,189.00,1.45,1,-105.88,-61.27,989.18,996.71,-8.75,-4.82,1.12,0.676
1424,1,459.96,417.44,193.82,188.80,1.21,1,-101.23,-61.21,989.09,996.14,-8.74,-4.61,1.06,0.671
1425,1,471.50,417.64,193.63,188.74,1.25,1,-96.54,-61.16,989.32,995.90,-8.72,-4.39,1.04,0.665
1426,1,482.41,418.03,193.61,188.57,1.41,1,-91.91,-61.05,989.34,995.48,-8.88,-4.21,1.12,0.671
1427,1,493.92,418.12,193.83,188.72,1.23,1,-87.14,-60.92,988.56,994.27,-9.07,-4.01,1.08,0.681
1428,1,504.62,418.81,193.37,188.55,1.45,1,-82.62,-60.77,989.15,994.45,-9.05,-3.81,1.17,0.675
1429,1,516.00,418.69,193.66,188.47,1.23,1,-77.95,-60.66,988.62,993.55,-9.31,-3.61,1.12,0.689
1430,1,526.87,418.97,193.02,188.49,1.38,1,-73.48,-60.64,989.87,994.44,-9.05,-3.39,1.17,0.667
1431,1,538.15,419.20,193.67,188.52,1.44,1,-68.79,-60.49,988.83,993.06,-9.33,-3.20,1.23,0.684
1432,1,548.53,419.44,193.36,188.65,1.40,1,-64.35,-60.39,988.84,992.77,-9.24,-2.99,1.25,0.674
1433,1,559.71,419.67,193.30,188.63,1.34,1,-59.83,-60.30,988.91,992.56,-9.17,-2.78,1.24,0.667
1434,1,570.39,419.92,193.45,188.50,1.37,1,-55.35,-60.17,988.49,991.86,-9.34,-2.59,1.25,0.676
1435,1,581.01,420.28,192.56,188.44,1.43,1,-51.04,-60.16,990.48,993.62,-8.91,-2.36,1.29,0.643
1436,1,592.00,420.54,193.29,188.27,1.28,1,-46.53,-60.00,989.76,992.67,-9.28,-2.18,1.24,0.666
1437,1,602.57,420.68,192.10,188.71,1.06,1,-42.21,-60.04,992.32,995.03,-8.38,-1.92,1.09,0.601
1438,1,613.17,420.93,192.37,188.31,1.32,1,-37.84,-59.99,993.14,995.67,-8.30,-1.72,1.14,0.593
1439,1,624.39,421.11,193.26,188.24,1.40,1,-33.23,-59.80,991.08,993.44,-9.01,-1.55,1.22,0.641
1440,1,634.82,421.35,192.06,188.66,1.15,1,-28.85,-59.80,992.79,995.01,-8.33,-1.32,1.16,0.592
1441,1,646.37,421.52,193.20,188.21,1.34,1,-24.18,-59.62,990.78,992.87,-9.06,-1.14,1.21,0.642
1442,1,656.94,421.69,191.82,188.54,1.15,1,-19.71,-59.66,993.09,995.07,-8.31,-0.91,1.16,0.588
1443,1,668.56,421.84,192.04,188.83,1.01,1,-15.04,-59.64,993.97,995.87,-7.74,-0.68,1.06,0.548
1444,1,680.41,422.41,193.11,187.70,1.38,1,-10.17,-59.38,991.56,993.39,-9.06,-0.50,1.19,0.638
1445,1,691.33,422.65,191.72,187.91,1.35,1,-5.47,-59.36,993.63,995.41,-8.78,-0.28,1.27,0.617
1446,1,702.65,422.87,191.81,188.47,1.02,1,-0.74,-59.29,994.75,996.52,-8.21,-0.06,1.16,0.577
1447,1,714.42,423.26,191.89,188.92,0.99,1,4.08,-59.16,995.18,996.95,-7.52,0.16,1.07,0.531
1448,1,725.24,423.37,192.20,187.83,1.45,1,8.76,-59.04,994.51,996.29,-8.22,0.36,1.26,0.578
1449,1,736.62,423.62,191.82,188.82,0.99,1,13.46,-58.96,995.03,996.87,-7.63,0.57,1.15,0.538
1450,1,747.51,423.89,190.81,188.17,1.19,1,18.13,-59.02,998.06,999.97,-6.94,0.76,1.18,0.490
1451,1,758.93,424.22,191.47,188.00,1.06,1,22.82,-58.91,998.19,1000.19,-7.20,0.97,1.15,0.508
1452,1,770.52,424.52,191.69,188.60,0.91,1,27.57,-58.74,997.52,999.63,-7.10,1.18,1.05,0.504
1453,1,781.50,424.75,190.11,188.23,0.97,1,32.38,-58.82,1001.29,1003.54,-5.97,1.33,1.02,0.427
1454,1,792.76,424.89,191.42,188.25,0.94,1,37.04,-58.68,1000.11,1002.52,-6.41,1.55,1.00,0.459
1455,1,803.52,425.06,190.11,188.14,0.97,1,41.75,-58.75,1002.75,1005.34,-5.63,1.69,1.01,0.408
1456,1,815.47,425.21,190.07,188.07,0.97,1,46.63,-58.77,1004.48,1007.27,-5.14,1.85,1.03,0.377
1457,1,826.00,425.64,192.29,187.19,1.42,1,51.00,-58.43,999.42,1002.43,-7.69,2.20,1.29,0.549
1458,1,837.47,426.01,190.06,187.94,0.95,1,55.85,-58.42,1002.14,1005.40,-6.73,2.34,1.21,0.486
1459,1,847.54,426.16,189.99,187.91,0.95,1,60.44,-58.41,1004.21,1007.72,-5.92,2.46,1.15,0.435
1460,1,859.45,426.41,190.02,187.67,0.95,1,65.23,-58.37,1005.45,1009.25,-5.60,2.62,1.12,0.417
1461,1,869.53,426.80,189.68,188.28,0.86,1,69.84,-58.30,1007.06,1011.16,-4.39,2.64,1.04,0.341
1462,1,880.49,426.85,189.35,187.33,1.36,1,74.51,-58.32,1008.93,1013.36,-4.27,2.77,1.26,0.336
1463,1,890.47,426.93,189.30,187.45,1.36,1,78.97,-58.34,1010.13,1014.89,-4.05,2.88,1.41,0.325
1464,1,898.45,426.55,187.97,188.71,1.01,1,83.10,-58.49,1013.33,1018.41,-0.41,1.48,1.22,0.077
1465,1,904.38,425.79,188.64,186.88,2.14,1,86.23,-58.83,1014.67,1020.02,-1.65,2.28,1.78,0.170
1466,1,908.87,425.48,187.60,187.66,1.91,1,88.70,-59.11,1016.59,1022.16,-0.07,1.20,1.92,0.048
1467,1,912.46,425.48,187.98,186.94,2.20,1,90.42,-59.33,1017.70,1023.43,-0.66,1.74,2.21,0.099
1468,1,915.21,426.02,187.12,188.18,1.59,1,91.55,-59.19,1017.09,1022.92,1.04,-0.49,1.89,0.083
1469,1,917.77,426.70,186.36,188.21,1.19,1,92.34,-58.90,1015.84,1021.73,1.72,-2.74,1.40,0.233
1470,1,921.14,427.60,188.51,187.01,1.59,1,93.34,-58.69,1017.43,1023.39,0.70,0.19,1.54,0.035
1471,1,923.52,428.00,186.07,187.82,0.95,1,94.22,-58.36,1017.28,1023.30,1.49,-1.92,1.08,0.179
1472,1,925.59,428.18,186.58,187.26,1.15,1,95.07,-58.21,1018.33,1024.41,1.47,-1.86,0.97,0.175
1473,1,927.68,428.32,185.94,187.63,0.84,1,95.81,-58.06,1018.09,1024.24,1.69,-2.86,0.71,0.240
1474,1,929.51,428.22,185.95,187.41,0.92,1,96.55,-58.04,1018.46,1024.67,1.74,-3.14,0.62,0.258
1475,1,930.50,428.50,189.00,185.00,90.00,1,96.73,-57.74,1014.33,1020.56,2.05,-5.52,-0.01,0.413
1476,1,931.49,427.85,186.04,186.68,0.94,1,97.44,-58.08,1018.04,1024.34,1.85,-3.99,0.27,0.312
1477,1,931.50,427.87,185.29,187.00,0.71,1,97.73,-58.27,1019.72,1026.05,1.83,-3.78,0.31,0.298
1478,1,932.50,428.00,188.00,185.00,90.00,1,97.80,-58.20,1017.96,1024.30,1.96,-4.79,-0.07,0.364
1479,1,933.52,428.28,186.09,187.39,0.95,1,98.10,-58.19,1018.39,1024.75,1.83,-3.88,0.28,0.305
1480,1,935.50,428.37,186.12,187.49,0.95,1,98.63,-58.14,1018.35,1024.76,1.73,-3.25,0.53,0.265
1481,1,936.50,428.50,189.00,185.00,90.00,1,98.80,-57.84,1014.21,1020.65,2.00,-5.25,0.05,0.396
1482,1,937.53,428.41,186.06,187.41,0.95,1,99.43,-57.92,1015.92,1022.42,1.87,-4.21,0.37,0.328
1483,1,939.50,428.44,185.98,187.48,0.91,1,100.19,-57.97,1016.96,1023.53,1.77,-3.55,0.56,0.286
1484,1,941.48,428.46,186.14,187.41,0.97,1,101.06,-58.02,1017.83,1024.47,1.65,-2.86,0.72,0.241
1485,1,941.55,428.48,186.02,187.47,0.95,1,101.53,-58.04,1018.20,1024.89,1.61,-2.63,0.79,0.226
1486,1,943.47,428.51,186.11,187.45,0.97,1,102.15,-58.04,1018.44,1025.19,1.56,-2.41,0.83,0.212
1487,1,943.50,428.51,185.98,187.55,0.91,1,102.45,-58.03,1018.28,1025.07,1.59,-2.57,0.80,0.223
1488,1,943.50,428.51,185.80,187.64,0.86,1,102.53,-58.01,1017.92,1024.71,1.67,-2.99,0.72,0.250
1489,1,943.52,428.51,185.85,187.59,0.88,1,102.52,-58.00,1017.77,1024.56,1.71,-3.17,0.69,0.261
1490,1,943.52,428.51,185.81,187.61,0.87,1,102.45,-57.99,1017.62,1024.41,1.74,-3.34,0.65,0.272
1491,1,943.51,428.52,185.77,187.62,0.86,1,102.37,-57.99,1017.52,1024.30,1.76,-3.48,0.62,0.282
1492,1,943.51,428.51,185.73,187.64,0.84,1,102.29,-57.98,1017.41,1024.18,1.78,-3.61,0.60,0.290
1493,1,943.51,428.50,185.54,187.76,0.78,1,102.21,-57.96,1017.03,1023.80,1.84,-3.96,0.54,0.313
1494,1,943.51,428.49,185.62,187.76,0.81,1,102.15,-57.95,1016.82,1023.58,1.86,-4.09,0.52,0.321
1495,1,943.47,428.38,186.06,187.59,0.95,1,102.13,-58.00,1017.15,1023.91,1.78,-3.58,0.62,0.288
1496,1,941.52,428.06,185.98,188.04,0.94,1,101.58,-58.03,1016.17,1022.88,1.81,-3.74,0.65,0.299
1497,1,938.86,427.69,188.03,186.82,1.74,1,100.84,-58.32,1018.41,1025.05,0.88,-0.25,1.30,0.067
1498,1,933.59,427.55,186.02,188.73,0.98,1,98.90,-58.24,1015.35,1021.82,1.60,-2.56,1.04,0.222
1499,1,928.55,427.51,187.82,188.61,1.04,1,96.56,-58.19,1013.32,1019.57,1.48,-1.96,1.01,0.184
1500,1,922.19,427.44,187.51,188.75,0.99,1,93.80,-58.15,1011.84,1017.84,1.55,-2.14,0.92,0.196
1501,1,914.83,427.43,187.71,188.59,1.04,1,90.67,-58.15,1011.48,1017.20,1.51,-1.90,0.91,0.179
1502,1,908.33,427.41,187.85,188.71,0.99,1,87.49,-58.13,1011.10,1016.54,1.49,-1.77,0.88,0.170
1503,1,900.49,427.30,188.04,188.80,0.97,1,84.06,-58.13,1010.76,1015.92,1.47,-1.62,0.85,0.160
1504,1,892.44,426.96,189.36,187.41,1.40,1,80.50,-58.35,1011.77,1016.64,-1.29,2.01,1.27,0.143
1505,1,882.49,426.87,188.11,188.21,0.97,1,76.54,-58.45,1012.62,1017.19,-0.89,1.70,1.17,0.111
1506,1,872.50,426.69,189.35,187.45,1.36,1,72.08,-58.48,1010.63,1014.88,-3.36,2.49,1.36,0.275
1507,1,861.56,426.54,189.70,188.61,0.88,1,67.31,-58.41,1008.16,1012.10,-3.63,2.39,1.19,0.290
1508,1,851.44,426.32,189.99,188.02,0.95,1,62.59,-58.40,1006.03,1009.66,-4.66,2.40,1.12,0.354
1509,1,839.76,426.15,189.60,187.94,0.97,1,57.72,-58.48,1005.93,1009.28,-4.86,2.24,1.08,0.364
1510,1,829.52,425.99,189.88,188.10,0.91,1,53.01,-58.52,1005.34,1008.43,-5.01,2.08,1.02,0.371
1511,1,819.45,425.61,190.04,188.60,0.97,1,48.47,-58.59,1004.67,1007.54,-4.66,1.87,1.02,0.346
1512,1,808.65,425.47,192.29,187.51,1.42,1,43.66,-58.39,998.28,1000.93,-7.54,1.87,1.27,0.537
1513,1,797.50,425.35,190.07,188.68,0.97,1,39.15,-58.55,1000.33,1002.80,-6.30,1.61,1.18,0.452
1514,1,786.76,425.00,191.52,188.20,1.02,1,34.50,-58.54,998.08,1000.39,-7.06,1.47,1.14,0.502
1515,1,775.49,424.85,190.11,188.29,0.97,1,29.93,-58.75,1000.63,1002.80,-6.19,1.24,1.08,0.441
1516,1,764.48,424.75,191.67,188.35,0.97,1,25.21,-58.70,998.22,1000.26,-6.92,1.07,1.04,0.490
1517,1,753.43,424.47,191.62,187.47,1.43,1,20.54,-58.73,996.86,998.80,-8.03,0.88,1.25,0.564
1518,1,742.32,424.13,191.51,188.25,0.99,1,15.89,-58.82,996.41,998.27,-7.97,0.68,1.15,0.560
1519,1,731.49,423.77,191.46,187.91,1.41,1,11.30,-58.96,996.40,998.21,-8.10,0.47,1.30,0.568
1520,1,720.84,423.53,191.78,188.58,1.15,1,6.79,-59.04,995.65,997.42,-7.86,0.27,1.25,0.552
1521,1,710.30,423.34,191.50,188.86,1.06,1,2.36,-59.14,996.02,997.78,-7.21,0.08,1.16,0.509
1522,1,699.51,423.13,191.52,188.12,1.43,1,-2.09,-59.26,996.33,998.09,-7.40,-0.12,1.29,0.521
1523,1,688.85,422.80,191.94,188.23,1.19,1,-6.52,-59.33,995.45,997.24,-7.78,-0.31,1.24,0.548
1524,1,678.02,422.59,192.51,187.77,1.43,1,-10.95,-59.34,993.39,995.22,-8.79,-0.53,1.33,0.618
1525,1,666.70,422.37,192.04,188.43,1.12,1,-15.54,-59.43,993.43,995.33,-8.55,-0.73,1.22,0.602
1526,1,655.22,421.98,192.04,188.19,1.40,1,-20.24,-59.57,993.64,995.63,-8.51,-0.95,1.28,0.601
1527,1,644.45,421.72,193.11,188.19,1.40,1,-24.79,-59.56,991.03,993.13,-9.21,-1.18,1.31,0.652
1528,1,632.97,421.51,192.21,188.46,1.29,1,-29.51,-59.70,991.90,994.13,-8.79,-1.38,1.27,0.624
1529,1,622.40,421.29,193.27,188.13,1.45,1,-34.00,-59.69,989.84,992.23,-9.44,-1.61,1.32,0.671
1530,1,610.97,421.03,192.44,188.27,1.38,1,-38.68,-59.85,990.88,993.44,-9.15,-1.81,1.31,0.652
1531,1,600.22,420.79,193.38,188.23,1.28,1,-43.16,-59.86,989.26,992.00,-9.57,-2.04,1.24,0.685
1532,1,589.02,420.70,192.59,188.11,1.36,1,-47.80,-60.00,990.45,993.42,-9.36,-2.24,1.24,0.671
1533,1,578.24,420.45,193.49,188.02,1.36,1,-52.26,-60.00,989.00,992.19,-9.84,-2.47,1.23,0.707
1534,1,566.77,420.01,192.92,188.39,1.41,1,-56.93,-60.17,989.72,993.18,-9.47,-2.67,1.25,0.684
1535,1,555.90,419.73,193.62,188.55,1.32,1,-61.43,-60.23,988.49,992.23,-9.54,-2.88,1.21,0.693
1536,1,544.45,419.50,193.50,188.48,1.40,1,-66.07,-60.33,988.15,992.19,-9.52,-3.09,1.22,0.695
1537,1,533.43,419.22,193.42,188.35,1.47,1,-70.70,-60.46,988.33,992.70,-9.51,-3.31,1.25,0.697
1538,1,522.22,419.02,193.76,188.45,1.41,1,-75.29,-60.53,987.76,992.47,-9.62,-3.53,1.25,0.708
1539,1,510.51,418.95,193.51,188.47,1.43,1,-80.07,-60.61,988.20,993.29,-9.48,-3.74,1.24,0.702
1540,1,499.77,418.53,193.82,188.44,1.21,1,-84.65,-60.71,987.84,993.32,-9.56,-3.94,1.12,0.711
1541,1,488.34,418.29,193.64,188.61,1.38,1,-89.35,-60.84,988.25,994.14,-9.34,-4.14,1.13,0.700
1542,1,477.47,417.91,193.52,188.66,1.30,1,-94.01,-61.01,989.00,995.33,-9.03,-4.32,1.09,0.683
1543,1,465.98,417.68,193.83,188.65,1.29,1,-98.66,-61.12,988.81,995.60,-9.02,-4.52,1.06,0.687
1544,1,454.50,417.67,193.61,188.92,1.43,1,-103.44,-61.21,989.38,996.66,-8.64,-4.70,1.11,0.667
1545,1,443.69,417.27,193.87,188.78,1.21,1,-108.04,-61.31,989.23,997.00,-8.63,-4.90,1.03,0.671
1546,1,432.33,417.23,193.81,188.76,1.41,1,-112.71,-61.39,989.44,997.73,-8.58,-5.10,1.08,0.672
1547,1,420.97,416.85,194.64,188.48,1.21,1,-117.17,-61.40,987.57,996.39,-9.28,-5.39,0.99,0.724
1548,1,410.17,416.99,193.95,188.62,1.41,1,-121.85,-61.47,988.34,997.72,-9.12,-5.58,1.05,0.718
1549,1,398.74,416.56,194.66,188.54,1.15,1,-126.36,-61.51,987.25,997.21,-9.46,-5.82,0.94,0.746
1550,1,388.13,416.55,194.43,188.75,1.24,1,-130.89,-61.56,987.37,997.91,-9.31,-6.00,0.92,0.741
1551,1,376.81,416.40,194.48,189.16,1.39,1,-135.51,-61.62,987.58,998.74,-8.89,-6.16,0.98,0.720
1552,1,365.89,416.13,194.25,189.09,1.41,1,-140.21,-61.75,988.56,1000.36,-8.42,-6.29,1.04,0.696
1553,1,354.29,415.88,194.04,189.07,1.47,1,-145.10,-61.93,989.98,1002.47,-7.93,-6.42,1.10,0.669
1554,1,342.80,415.39,194.77,189.07,1.20,1,-149.73,-62.04,989.18,1002.37,-8.09,-6.64,0.99,0.686
1555,1,332.06,415.57,194.30,189.42,1.47,1,-154.48,-62.13,990.01,1003.91,-7.55,-6.74,1.05,0.659
1556,1,320.49,415.13,194.56,188.99,1.20,1,-159.21,-62.25,990.11,1004.76,-7.68,-6.95,0.95,0.673
1557,1,309.51,415.14,195.11,188.89,1.43,1,-163.67,-62.26,988.99,1004.38,-8.20,-7.26,0.99,0.713
1558,1,298.37,414.66,194.56,188.81,1.19,1,-168.46,-62.44,989.89,1006.06,-8.11,-7.43,0.89,0.713
1559,1,287.46,414.52,195.88,188.74,1.17,1,-172.60,-62.40,987.41,1004.32,-8.94,-7.78,0.80,0.773
1560,1,276.32,414.51,194.40,189.23,1.32,1,-177.62,-62.58,989.81,1007.57,-8.00,-7.79,0.84,0.719
1561,1,265.36,414.47,195.40,189.50,1.38,1,-182.07,-62.56,989.14,1007.70,-7.77,-7.94,0.90,0.714
1562,1,254.17,414.43,194.28,189.70,1.45,1,-187.17,-62.71,991.68,1011.14,-6.53,-7.80,0.99,0.643
1563,1,242.78,413.99,195.19,189.69,1.19,1,-191.79,-62.78,991.30,1011.63,-6.35,-7.92,0.89,0.640
1564,1,231.54,413.92,195.69,189.83,1.32,1,-196.22,-62.77,990.00,1011.21,-6.50,-8.15,0.89,0.658
1565,1,220.18,413.77,194.55,189.79,1.39,1,-201.39,-62.95,992.12,1014.31,-5.65,-8.04,0.94,0.612
1566,1,208.70,413.50,195.06,189.61,1.30,1,-206.26,-63.08,992.62,1015.78,-5.60,-8.19,0.91,0.616
1567,1,197.46,413.17,195.68,190.11,1.36,1,-210.79,-63.13,991.55,1015.67,-5.59,-8.36,0.92,0.625
1568,1,186.21,413.04,195.15,189.38,1.07,1,-215.73,-63.30,992.54,1017.68,-5.69,-8.55,0.76,0.637
1569,1,175.28,412.98,196.47,189.47,1.11,1,-219.89,-63.25,990.41,1016.50,-6.63,-9.07,0.66,0.704
1570,1,163.61,412.89,196.16,189.55,1.15,1,-224.55,-63.28,990.03,1017.15,-6.80,-9.31,0.63,0.723
1571,1,153.22,412.55,196.10,189.49,1.32,1,-229.16,-63.39,990.36,1018.50,-6.77,-9.49,0.71,0.729
1572,1,141.45,412.46,195.86,189.60,1.39,1,-234.14,-63.52,991.52,1020.77,-6.32,-9.52,0.80,0.710
1573,1,129.66,412.44,195.32,189.92,1.49,1,-239.50,-63.66,993.62,1024.05,-5.19,-9.20,0.94,0.646
1574,1,119.05,412.09,196.31,190.07,1.31,1,-243.99,-63.71,992.91,1024.43,-5.00,-9.25,0.91,0.643
1575,1,107.28,411.98,196.13,190.25,1.35,1,-248.77,-63.77,992.88,1025.56,-4.53,-9.13,0.91,0.620
1576,1,96.51,411.44,194.90,189.89,0.92,1,-254.07,-64.05,995.32,1029.24,-3.54,-8.46,0.71,0.547
1577,1,90.25,411.42,183.50,189.77,0.91,1,-259.63,-64.47,1001.96,1037.06,0.47,-0.12,1.05,0.067
1578,1,85.15,411.47,173.38,189.67,0.93,1,-262.91,-64.57,1003.39,1039.28,1.52,8.05,1.47,0.601
1579,1,79.15,411.43,161.46,189.42,0.95,1,-265.79,-64.66,1004.73,1041.30,2.05,15.50,1.91,1.075
1580,1,73.17,411.49,149.50,189.34,0.95,1,-268.38,-64.71,1005.72,1042.92,2.42,22.18,2.34,1.482
1581,1,68.14,411.40,139.25,189.12,0.90,1,-270.75,-64.78,1006.87,1044.65,2.73,27.74,2.73,1.804
1582,1,62.24,411.44,127.36,189.05,0.87,1,-273.11,-64.82,1007.66,1046.02,3.03,32.87,3.12,2.086
1583,1,76.64,411.81,73.48,189.32,1.38,1,-270.75,-64.70,1007.34,1045.10,3.86,45.46,4.53,2.714
1584,1,65.73,411.59,73.94,189.66,2.00,1,-270.90,-64.61,1005.97,1043.81,4.43,51.98,5.76,2.997
1585,0,0.00,0.00,0.00,0.00,0.00,1,-271.64,-64.57,1005.80,1043.83,5.33,57.78,7.02,3.210
1586,0,0.00,0.00,0.00,0.00,0.00,1,-272.35,-64.54,1005.61,1043.83,6.66,63.37,8.70,3.385
1587,0,0.00,0.00,0.00,0.00,0.00,1,-273.04,-64.51,1005.39,1043.80,8.74,68.83,11.14,3.525
1588,0,0.00,0.00,0.00,0.00,0.00,1,-273.71,-64.47,1005.15,1043.74,12.32,74.17,15.10,3.630
1589,0,0.00,0.00,0.00,0.00,0.00,1,-274.65,-64.44,1004.85,1043.70,174.49,-69.07,-171.80,3.535
1590,0,0.00,0.00,0.00,0.00,0.00,0,0.00,0.00,0.00,0.00,0.00,0.00,0.00,0.000
1591,0,0.00,0.00,0.00,0.00,0.00,0,0.00,0.00,0.00,0.00,0.00,0.00,0.00,0.000
1592,0,0.00,0.00,0.00,0.00,0.00,0,0.00,0.00,0.00,0.00,0.00,0.00,0.00,0.000
1593,0,0.00,0.00,0.00,0.00,0.00,0,0.00,0.00,0.00,0.00,0.00,0.00,0.00,0.000
1594,0,0.00,0.00,0.00,0.00,0.00,0,0.00,0.00,0.00,0.00,0.00,0.00,0.00,0.000
1595,0,0.00,0.00,0.00,0.00,0.00,0,0.00,0.00,0.00,0.00,0.00,0.00,0.00,0.000
1596,0,0.00,0.00,0.00,0.00,0.00,0,0.00,0.00,0.00,0.00,0.00,0.00,0.00,0.000
1597,0,0.00,0.00,0.00,0.00,0.00,0,0.00,0.00,0.00,0.00,0.00,0.00,0.00,0.000
1598,0,0.00,0.00,0.00,0.00,0.00,0,0.00,0.00,0.00,0.00,0.00,0.00,0.00,0.000
1599,0,0.00,0.00,0.00,0.00,0.00,0,0.00,0.00,0.00,0.00,0.00,0.00,0.00,0.000
1600,0,0.00,0.00,0.00,0.00,0.00,0,0.00,0.00,0.00,0.00,0.00,0.00,0.00,0.000
1601,0,0.00,0.00,0.00,0.00,0.00,0,0.00,0.00,0.00,0.00,0.00,0.00,0.00,0.000
1602,0,0.00,0.00,0.00,0.00,0.00,0,0.00,0.00,0.00,0.00,0.00,0.00,0.00,0.000
1603,0,0.00,0.00,0.00,0.00,0.00,0,0.00,0.00,0.00,0.00,0.00,0.00,0.00,0.000
1604,0,0.00,0.00,0.00,0.00,0.00,0,0.00,0.00,0.00,0.00,0.00,0.00,0.00,0.000
1605,0,0.00,0.00,0.00,0.00,0.00,0,0.00,0.00,0.00,0.00,0.00,0.00,0.00,0.000
1606,0,0.00,0.00,0.00,0.00,0.00,0,0.00,0.00,0.00,0.00,0.00,0.00,0.00,0.000
1607,0,0.00,0.00,0.00,0.00,0.00,0,0.00,0.00,0.00,0.00,0.00,0.00,0.00,0.000
1608,0,0.00,0.00,0.00,0.00,0.00,0,0.00,0.00,0.00,0.00,0.00,0.00,0.00,0.000
1609,0,0.00,0.00,0.00,0.00,0.00,0,0.00,0.00,0.00,0.00,0.00,0.00,0.00,0.000
1610,0,0.00,0.00,0.00,0.00,0.00,0,0.00,0.00,0.00,0.00,0.00,0.00,0.00,0.000
1611,0,0.00,0.00,0.00,0.00,0.00,0,0.00,0.00,0.00,0.00,0.00,0.00,0.00,0.000
1612,0,0.00,0.00,0.00,0.00,0.00,0,0.00,0.00,0.00,0.00,0.00,0.00,0.00,0.000
1613,0,0.00,0.00,0.00,0.00,0.00,0,0.00,0.00,0.00,0.00,0.00,0.00,0.00,0.000
1614,0,0.00,0.00,0.00,0.00,0.00,0,0.00,0.00,0.00,0.00,0.00,0.00,0.00,0.000
1615,0,0.00,0.00,0.00,0.00,0.00,0,0.00,0.00,0.00,0.00,0.00,0.00,0.00,0.000
1616,0,0.00,0.00,0.00,0.00,0.00,0,0.00,0.00,0.00,0.00,0.00,0.00,0.00,0.000
1617,0,0.00,0.00,0.00,0.00,0.00,0,0.00,0.00,0.00,0.00,0.00,0.00,0.00,0.000
1618,0,0.00,0.00,0.00,0.00,0.00,0,0.00,0.00,0.00,0.00,0.00,0.00,0.00,0.000
1619,0,0.00,0.00,0.00,0.00,0.00,0,0.00,0.00,0.00,0.00,0.00,0.00,0.00,0.000
1620,0,0.00,0.00,0.00,0.00,0.00,0,0.00,0.00,0.00,0.00,0.00,0.00,0.00,0.000
1621,0,0.00,0.00,0.00,0.00,0.00,0,0.00,0.00,0.00,0.00,0.00,0.00,0.00,0.000
1622,0,0.00,0.00,0.00,0.00,0.00,0,0.00,0.00,0.00,0.00,0.00,0.00,0.00,0.000
1623,0,0.00,0.00,0.00,0.00,0.00,0,0.00,0.00,0.00,0.00,0.00,0.00,0.00,0.000
1624,0,0.00,0.00,0.00,0.00,0.00,0,0.00,0.00,0.00,0.00,0.00,0.00,0.00,0.000
1625,0,0.00,0.00,0.00,0.00,0.00,0,0.00,0.00,0.00,0.00,0.00,0.00,0.00,0.000
1626,0,0.00,0.00,0.00,0.00,0.00,0,0.00,0.00,0.00,0.00,0.00,0.00,0.00,0.000
1627,0,0.00,0.00,0.00,0.00,0.00,0,0.00,0.00,0.00,0.00,0.00,0.00,0.00,0.000
1628,0,0.00,0.00,0.00,0.00,0.00,0,0.00,0.00,0.00,0.00,0.00,0.00,0.00,0.000
1629,0,0.00,0.00,0.00,0.00,0.00,0,0.00,0.00,0.00,0.00,0.00,0.00,0.00,0.000
1630,0,0.00,0.00,0.00,0.00,0.00,0,0.00,0.00,0.00,0.00,0.00,0.00,0.00,0.000
1631,0,0.00,0.00,0.00,0.00,0.00,0,0.00,0.00,0.00,0.00,0.00,0.00,0.00,0.000
1632,0,0.00,0.00,0.00,0.00,0.00,0,0.00,0.00,0.00,0.00,0.00,0.00,0.00,0.000
1633,0,0.00,0.00,0.00,0.00,0.00,0,0.00,0.00,0.00,0.00,0.00,0.00,0.00,0.000
1634,0,0.00,0.00,0.00,0.00,0.00,0,0.00,0.00,0.00,0.00,0.00,0.00,0.00,0.000
1635,0,0.00,0.00,0.00,0.00,0.00,0,0.00,0.00,0.00,0.00,0.00,0.00,0.00,0.000
1636,0,0.00,0.00,0.00,0.00,0.00,0,0.00,0.00,0.00,0.00,0.00,0.00,0.00,0.000
1637,0,0.00,0.00,0.00,0.00,0.00,0,0.00,0.00,0.00,0.00,0.00,0.00,0.00,0.000
1638,0,0.00,0.00,0.00,0.00,0.00,0,0.00,0.00,0.00,0.00,0.00,0.00,0.00,0.000
1639,0,0.00,0.00,0.00,0.00,0.00,0,0.00,0.00,0.00,0.00,0.00,0.00,0.00,0.000
1640,0,0.00,0.00,0.00,0.00,0.00,0,0.00,0.00,0.00,0.00,0.00,0.00,0.00,0.000
1641,0,0.00,0.00,0.00,0.00,0.00,0,0.00,0.00,0.00,0.00,0.00,0.00,0.00,0.000
1642,0,0.00,0.00,0.00,0.00,0.00,0,0.00,0.00,0.00,0.00,0.00,0.00,0.00,0.000
1643,0,0.00,0.00,0.00,0.00,0.00,0,0.00,0.00,0.00,0.00,0.00,0.00,0.00,0.000
1644,0,0.00,0.00,0.00,0.00,0.00,0,0.00,0.00,0.00,0.00,0.00,0.00,0.00,0.000
1645,0,0.00,0.00,0.00,0.00,0.00,0,0.00,0.00,0.00,0.00,0.00,0.00,0.00,0.000
1646,0,0.00,0.00,0.00,0.00,0.00,0,0.00,0.00,0.00,0.00,0.00,0.00,0.00,0.000
1647,0,0.00,0.00,0.00,0.00,0.00,0,0.00,0.00,0.00,0.00,0.00,0.00,0.00,0.000
1648,0,0.00,0.00,0.00,0.00,0.00,0,0.00,0.00,0.00,0.00,0.00,0.00,0.00,0.000
1649,0,0.00,0.00,0.00,0.00,0.00,0,0.00,0.00,0.00,0.00,0.00,0.00,0.00,0.000
1650,0,0.00,0.00,0.00,0.00,0.00,0,0.00,0.00,0.00,0.00,0.00,0.00,0.00,0.000
1651,0,0.00,0.00,0.00,0.00,0.00,0,0.00,0.00,0.00,0.00,0.00,0.00,0.00,0.000
1652,0,0.00,0.00,0.00,0.00,0.00,0,0.00,0.00,0.00,0.00,0.00,0.00,0.00,0.000
1653,0,0.00,0.00,0.00,0.00,0.00,0,0.00,0.00,0.00,0.00,0.00,0.00,0.00,0.000
1654,0,0.00,0.00,0.00,0.00,0.00,0,0.00,0.00,0.00,0.00,0.00,0.00,0.00,0.000
1655,1,65.67,411.29,74.95,189.71,1.55,1,-270.04,-64.62,1004.10,1041.78,4.53,52.23,5.82,3.018
1656,1,77.64,411.65,74.72,189.33,1.61,1,-265.55,-64.60,1006.18,1042.64,4.55,52.49,5.90,3.016
1657,1,63.21,411.42,129.30,189.05,0.87,1,-271.44,-64.78,1007.71,1045.64,3.13,34.66,3.33,2.182
1658,1,68.29,411.32,139.45,189.07,0.87,1,-271.07,-64.85,1007.93,1045.76,2.77,26.59,2.61,1.735
1659,1,74.25,411.31,151.47,189.12,0.90,1,-268.90,-64.86,1007.77,1045.04,2.47,20.32,2.16,1.365
1660,1,80.14,411.44,163.46,189.48,0.96,1,-265.92,-64.75,1006.42,1042.97,2.12,14.07,1.80,0.983
1661,1,86.12,411.46,175.35,189.68,0.94,1,-262.65,-64.64,1004.94,1040.71,1.57,6.77,1.37,0.518
1662,1,91.66,411.41,186.24,189.79,0.88,1,-259.07,-64.53,1002.59,1037.52,-0.11,-3.29,0.74,0.150
1663,1,98.20,411.53,195.27,189.99,1.02,1,-249.03,-63.02,975.52,1008.77,-10.07,-11.47,0.31,0.994
1664,1,109.44,412.00,196.04,190.30,1.33,1,-240.45,-61.81,956.98,988.66,-13.81,-11.92,0.49,1.247
1665,1,121.31,412.04,196.17,190.02,1.27,1,-234.96,-61.50,953.25,983.70,-14.55,-11.78,0.60,1.292
1666,1,132.61,412.09,195.42,189.76,1.21,1,-231.56,-61.80,959.19,988.68,-13.60,-11.41,0.64,1.211
1667,1,143.62,412.48,195.64,189.60,1.38,1,-228.55,-62.16,967.11,995.69,-12.24,-10.99,0.75,1.103
1668,1,155.41,412.61,196.04,189.42,1.27,1,-225.11,-62.47,973.98,1001.61,-11.01,-10.56,0.77,1.007
1669,1,167.15,412.82,196.24,189.47,1.17,1,-221.23,-62.68,979.26,1005.89,-9.91,-10.12,0.73,0.923
1670,1,178.15,412.96,195.20,189.49,1.11,1,-217.77,-62.97,985.71,1011.44,-8.29,-9.53,0.69,0.808
1671,1,189.55,413.02,196.36,189.48,1.09,1,-213.18,-62.98,986.93,1011.65,-7.98,-9.24,0.64,0.779
1672,1,201.42,413.06,196.04,189.81,1.22,1,-208.50,-63.01,988.03,1011.75,-7.42,-8.90,0.69,0.736
1673,1,213.13,413.22,195.12,190.69,1.55,1,-204.07,-63.06,990.27,1013.05,-5.76,-8.18,0.93,0.625
1674,1,224.33,413.53,194.91,189.73,1.10,1,-199.61,-63.07,991.95,1013.80,-5.42,-7.85,0.84,0.593
1675,1,236.13,414.00,194.61,190.06,1.35,1,-195.00,-62.97,993.13,1014.05,-4.89,-7.46,0.92,0.551
