frame_id,first_cause,components,L_observations,L_anchors,generated,validated,best_worst_residual_work_px,positive_det_existing_anchor_alternative,epsilon_diagnostic_any_parent,original_gray_max,work_gray_max,original_white_pixels,work_white_pixels
0,has_validated_parent,6,4,4,24,2,1.2423508764479512,0,False,255.0,255.0,9232,4044
1,has_validated_parent,6,4,4,24,2,1.7999821612321123,0,False,255.0,255.0,9200,4032
2,has_validated_parent,6,4,4,24,2,1.929067181829908,0,False,255.0,255.0,9275,4001
3,has_validated_parent,6,4,4,24,2,1.8101813077105382,0,False,255.0,255.0,9209,3970
4,all_generated_rejected_by_residual,6,3,3,6,0,17.076112208312946,0,True,255.0,255.0,9212,3958
5,has_validated_parent,6,4,4,24,2,4.624047710484959,0,False,255.0,255.0,9225,4013
6,has_validated_parent,6,4,4,24,2,1.6444527116425718,0,False,255.0,255.0,9173,3995
7,has_validated_parent,6,4,4,24,2,1.4101448365490017,0,False,255.0,255.0,9162,3996
8,has_validated_parent,6,4,4,24,2,1.41939116035941,0,False,255.0,255.0,9213,4050
9,has_validated_parent,6,4,4,24,2,1.420823645345327,0,False,255.0,255.0,9219,4104
10,has_validated_parent,6,4,4,24,2,2.3926881102184665,0,False,255.0,255.0,9145,4088
11,has_validated_parent,6,4,4,24,2,2.278930625459991,0,False,255.0,255.0,9157,4059
12,has_validated_parent,6,4,4,24,2,1.758737027437897,0,False,255.0,255.0,9157,4020
13,has_validated_parent,6,4,4,24,2,1.9609520735130157,0,False,255.0,255.0,9086,4004
14,has_validated_parent,6,4,4,24,2,1.8076195192431943,0,False,255.0,255.0,9106,3990
15,all_generated_rejected_by_residual,6,3,3,6,0,17.157157040484865,0,True,255.0,255.0,9180,3945
16,has_validated_parent,6,4,4,24,2,1.7210875051507404,0,False,255.0,255.0,9175,3954
17,has_validated_parent,6,4,4,24,2,1.5399601870117385,0,False,255.0,255.0,9205,4009
18,has_validated_parent,6,4,4,24,2,1.6248575770288032,0,False,255.0,255.0,9113,4027
19,has_validated_parent,6,4,4,24,2,1.8719347242633775,0,False,255.0,255.0,9219,3984
20,has_validated_parent,6,4,4,24,2,1.997541689274497,0,False,255.0,255.0,9114,3954
21,has_validated_parent,6,4,4,24,2,1.9974724625246971,0,False,255.0,255.0,9126,3944
22,has_validated_parent,6,4,4,24,2,1.5804499493068123,0,False,255.0,255.0,9104,3929
23,all_generated_rejected_by_residual,6,3,3,6,0,17.44469831116852,0,True,255.0,255.0,9095,3948
24,all_generated_rejected_by_residual,6,3,3,6,0,17.540378469105992,0,True,255.0,255.0,9144,4043
25,has_validated_parent,6,4,4,24,2,1.5869131016424731,0,False,255.0,255.0,9043,4050
26,has_validated_parent,6,4,4,24,2,2.0267899287765485,0,False,255.0,255.0,9085,4038
27,has_validated_parent,6,4,4,24,2,1.551892772772338,0,False,255.0,255.0,9139,4052
28,has_validated_parent,6,4,4,24,2,1.8682099523850708,0,False,255.0,255.0,9116,3980
29,all_generated_rejected_by_residual,6,3,3,6,0,17.521198950129207,0,True,255.0,255.0,9087,3946
30,all_generated_rejected_by_residual,6,3,3,6,0,17.856266928189363,0,True,255.0,255.0,9060,3962
31,all_generated_rejected_by_residual,6,3,3,6,0,17.718050341162694,0,True,255.0,255.0,9006,3985
32,has_validated_parent,6,4,4,24,2,1.529819995366693,0,False,255.0,255.0,9021,4002
33,all_generated_rejected_by_residual,6,3,3,6,0,17.805981280111073,0,True,255.0,255.0,9082,4034
34,all_generated_rejected_by_residual,6,4,4,24,0,5.509606051698555,1,True,255.0,255.0,9060,4042
35,all_generated_rejected_by_residual,6,3,3,6,0,17.87281592013858,0,True,255.0,255.0,9032,4027
36,has_validated_parent,6,4,4,24,2,2.374544994363412,0,False,255.0,255.0,8581,3802
37,fewer_than_three_L_observations,6,2,2,0,0,,0,True,255.0,255.0,7156,3136
38,fewer_than_three_L_observations,5,2,2,0,0,,0,False,255.0,255.0,6273,2730
39,fewer_than_three_L_observations,4,2,2,0,0,,0,False,255.0,255.0,5957,2568
40,fewer_than_three_L_observations,4,2,2,0,0,,0,False,255.0,255.0,5656,2442
41,fewer_than_three_L_observations,4,2,2,0,0,,0,False,255.0,255.0,5440,2362
42,fewer_than_three_L_observations,4,2,2,0,0,,0,False,255.0,255.0,4968,2177
43,fewer_than_three_L_observations,2,2,2,0,0,,0,False,255.0,255.0,4849,2074
44,fewer_than_three_L_observations,2,2,2,0,0,,0,False,255.0,255.0,4829,2077
45,fewer_than_three_L_observations,2,2,2,0,0,,0,False,255.0,255.0,4826,2120
46,fewer_than_three_L_observations,2,2,2,0,0,,0,False,255.0,255.0,4753,2073
47,fewer_than_three_L_observations,2,2,2,0,0,,0,False,255.0,255.0,4752,2057
48,fewer_than_three_L_observations,2,2,2,0,0,,0,False,255.0,255.0,4683,2057
49,fewer_than_three_L_observations,2,2,2,0,0,,0,False,255.0,255.0,4321,1885
50,fewer_than_three_L_observations,2,2,2,0,0,,0,False,255.0,255.0,4050,1778
51,fewer_than_three_L_observations,2,2,2,0,0,,0,False,255.0,255.0,3825,1683
52,fewer_than_three_L_observations,2,2,2,0,0,,0,False,255.0,255.0,3527,1551
53,fewer_than_three_L_observations,2,2,2,0,0,,0,False,255.0,255.0,3274,1458
54,fewer_than_three_L_observations,2,2,2,0,0,,0,False,255.0,255.0,3047,1340
55,fewer_than_three_L_observations,2,1,1,0,0,,0,False,255.0,255.0,2823,1239
56,fewer_than_three_L_observations,2,0,0,0,0,,0,False,255.0,255.0,2331,1054
57,fewer_than_three_L_observations,2,0,0,0,0,,0,False,255.0,255.0,1583,696
58,fewer_than_three_L_observations,2,0,0,0,0,,0,False,255.0,255.0,824,365
59,fewer_than_three_L_observations,4,0,0,0,0,,0,False,250.0,243.0,93,35
60,no_white_components,0,0,0,0,0,,0,False,124.0,122.0,0,0
61,no_white_components,0,0,0,0,0,,0,False,124.0,122.0,0,0
62,no_white_components,0,0,0,0,0,,0,False,123.0,120.0,0,0
63,no_white_components,0,0,0,0,0,,0,False,121.0,119.0,0,0
64,no_white_components,0,0,0,0,0,,0,False,121.0,119.0,0,0
65,no_white_components,0,0,0,0,0,,0,False,121.0,118.0,0,0
66,no_white_components,0,0,0,0,0,,0,False,120.0,118.0,0,0
67,no_white_components,0,0,0,0,0,,0,False,118.0,116.0,0,0
68,no_white_components,0,0,0,0,0,,0,False,117.0,116.0,0,0
69,no_white_components,0,0,0,0,0,,0,False,117.0,116.0,0,0
70,no_white_components,0,0,0,0,0,,0,False,115.0,114.0,0,0
71,no_white_components,0,0,0,0,0,,0,False,118.0,115.0,0,0
72,no_white_components,0,0,0,0,0,,0,False,117.0,115.0,0,0
73,no_white_components,0,0,0,0,0,,0,False,118.0,116.0,0,0
74,no_white_components,0,0,0,0,0,,0,False,118.0,115.0,0,0
75,no_white_components,0,0,0,0,0,,0,False,117.0,114.0,0,0
76,no_white_components,0,0,0,0,0,,0,False,122.0,114.0,0,0
77,no_white_components,0,0,0,0,0,,0,False,115.0,113.0,0,0
78,no_white_components,0,0,0,0,0,,0,False,116.0,115.0,0,0
79,no_white_components,0,0,0,0,0,,0,False,115.0,114.0,0,0
80,no_white_components,0,0,0,0,0,,0,False,114.0,113.0,0,0
81,no_white_components,0,0,0,0,0,,0,False,117.0,114.0,0,0
82,no_white_components,0,0,0,0,0,,0,False,113.0,113.0,0,0
83,no_white_components,0,0,0,0,0,,0,False,113.0,112.0,0,0
84,no_white_components,0,0,0,0,0,,0,False,114.0,112.0,0,0
85,no_white_components,0,0,0,0,0,,0,False,113.0,112.0,0,0
86,no_white_components,0,0,0,0,0,,0,False,113.0,111.0,0,0
87,no_white_components,0,0,0,0,0,,0,False,113.0,111.0,0,0
88,no_white_components,0,0,0,0,0,,0,False,113.0,111.0,0,0
89,no_white_components,0,0,0,0,0,,0,False,111.0,111.0,0,0
90,no_white_components,0,0,0,0,0,,0,False,115.0,114.0,0,0
91,no_white_components,0,0,0,0,0,,0,False,117.0,113.0,0,0
92,no_white_components,0,0,0,0,0,,0,False,117.0,113.0,0,0
93,no_white_components,0,0,0,0,0,,0,False,115.0,113.0,0,0
94,no_white_components,0,0,0,0,0,,0,False,115.0,113.0,0,0
95,no_white_components,0,0,0,0,0,,0,False,115.0,113.0,0,0
96,no_white_components,0,0,0,0,0,,0,False,114.0,113.0,0,0
97,no_white_components,0,0,0,0,0,,0,False,116.0,115.0,0,0
98,no_white_components,0,0,0,0,0,,0,False,117.0,115.0,0,0
99,no_white_components,0,0,0,0,0,,0,False,118.0,116.0,0,0
100,no_white_components,0,0,0,0,0,,0,False,117.0,113.0,0,0
101,no_white_components,0,0,0,0,0,,0,False,115.0,114.0,0,0
102,no_white_components,0,0,0,0,0,,0,False,115.0,113.0,0,0
103,no_white_components,0,0,0,0,0,,0,False,121.0,116.0,0,0
104,no_white_components,0,0,0,0,0,,0,False,118.0,116.0,0,0
105,no_white_components,0,0,0,0,0,,0,False,117.0,117.0,0,0
106,no_white_components,0,0,0,0,0,,0,False,117.0,116.0,0,0
107,no_white_components,0,0,0,0,0,,0,False,118.0,116.0,0,0
108,no_white_components,0,0,0,0,0,,0,False,118.0,117.0,0,0
109,fewer_than_three_L_observations,2,0,0,0,0,,0,False,255.0,255.0,820,365
110,fewer_than_three_L_observations,2,0,0,0,0,,0,False,255.0,255.0,2346,1059
111,fewer_than_three_L_observations,2,1,1,0,0,,0,False,255.0,255.0,3175,1414
112,fewer_than_three_L_observations,2,2,2,0,0,,0,False,255.0,255.0,3599,1620
113,fewer_than_three_L_observations,2,2,2,0,0,,0,False,255.0,255.0,3991,1751
114,fewer_than_three_L_observations,2,2,2,0,0,,0,False,255.0,255.0,4412,1945
115,fewer_than_three_L_observations,2,1,1,0,0,,0,False,255.0,255.0,4777,2106
116,fewer_than_three_L_observations,2,1,1,0,0,,0,False,255.0,255.0,4874,2169
117,fewer_than_three_L_observations,2,2,2,0,0,,0,False,255.0,255.0,4831,2182
118,fewer_than_three_L_observations,2,2,2,0,0,,0,False,255.0,255.0,4896,2197
119,fewer_than_three_L_observations,2,2,2,0,0,,0,False,255.0,255.0,4923,2157
120,fewer_than_three_L_observations,4,2,2,0,0,,0,False,255.0,255.0,5109,2196
121,fewer_than_three_L_observations,4,2,2,0,0,,0,False,255.0,255.0,5544,2390
122,fewer_than_three_L_observations,4,2,2,0,0,,0,False,255.0,255.0,5801,2509
123,fewer_than_three_L_observations,5,2,2,0,0,,0,False,255.0,255.0,5946,2591
124,fewer_than_three_L_observations,5,2,2,0,0,,0,False,255.0,255.0,6422,2813
125,has_validated_parent,6,4,4,24,2,3.655953639949731,0,False,255.0,255.0,7668,3428
126,all_generated_rejected_by_residual,6,3,3,6,0,16.45737357007877,0,True,255.0,255.0,8953,3996
127,has_validated_parent,6,4,4,24,2,2.1605673101254,0,False,255.0,255.0,8950,3902
128,all_generated_rejected_by_residual,6,4,4,24,0,5.818538139892577,1,True,255.0,255.0,9022,3945
129,all_generated_rejected_by_residual,6,3,3,6,0,17.113372375930933,0,True,255.0,255.0,9014,3943
130,has_validated_parent,6,4,4,24,2,1.8357072884138355,0,False,255.0,255.0,8999,3952
131,all_generated_rejected_by_residual,6,4,4,24,0,5.618894714861278,1,True,255.0,255.0,9079,4022
132,all_generated_rejected_by_residual,6,4,4,24,0,5.591655604188454,1,True,255.0,255.0,9093,4069
133,has_validated_parent,6,4,4,24,2,1.802098999347682,0,False,255.0,255.0,8977,4048
134,all_generated_rejected_by_residual,6,3,3,6,0,16.290891155291625,0,True,255.0,255.0,9003,4042
135,has_validated_parent,6,4,4,24,2,3.6092202956929533,0,False,255.0,255.0,9162,4001
136,all_generated_rejected_by_residual,6,4,4,24,0,5.60079775345375,2,True,255.0,255.0,9057,3924
137,has_validated_parent,6,4,4,24,2,1.43404164257458,0,False,255.0,255.0,9118,3931
138,has_validated_parent,6,4,4,24,2,1.6742599589131473,0,False,255.0,255.0,9167,3973
139,has_validated_parent,6,4,4,24,2,1.706183963289788,0,False,255.0,255.0,9114,3992
140,has_validated_parent,6,4,4,24,2,1.6251785204723044,0,False,255.0,255.0,9146,4057
141,all_generated_rejected_by_residual,6,3,3,6,0,17.44608327732915,0,True,255.0,255.0,9104,4053
142,has_validated_parent,6,4,4,24,2,4.39018237648641,0,False,255.0,255.0,9096,4038
143,all_generated_rejected_by_residual,6,4,4,24,0,5.675882983472895,1,True,255.0,255.0,9084,3941
144,has_validated_parent,6,4,4,24,2,3.3417583859027533,0,False,255.0,255.0,9076,3918
145,all_generated_rejected_by_residual,6,4,4,24,0,5.328415063939677,2,True,255.0,255.0,9123,3928
146,has_validated_parent,6,4,4,24,2,1.4258295539763164,0,False,255.0,255.0,9110,3964
147,all_generated_rejected_by_residual,6,3,3,6,0,17.5964156863128,0,True,255.0,255.0,9169,4024
148,has_validated_parent,6,4,4,24,2,1.6414516084366972,0,False,255.0,255.0,9164,3978
149,all_generated_rejected_by_residual,6,3,3,6,0,16.38331037656652,0,True,255.0,255.0,9191,3948
150,all_generated_rejected_by_residual,6,4,4,24,0,5.018119642396576,1,True,255.0,255.0,9131,3915
151,has_validated_parent,6,4,4,24,2,1.9255552387853445,0,False,255.0,255.0,9143,3936
152,has_validated_parent,6,4,4,24,2,1.446422348395694,0,False,255.0,255.0,9105,3953
153,has_validated_parent,6,4,4,24,2,1.9864704492355347,0,False,255.0,255.0,9110,3980
154,all_generated_rejected_by_residual,6,4,4,24,0,5.000912382494938,1,True,255.0,255.0,9081,3987
155,all_generated_rejected_by_residual,6,3,3,6,0,17.328707513972127,0,True,255.0,255.0,9167,4029
156,all_generated_rejected_by_residual,6,3,3,6,0,17.077034318484163,0,True,255.0,255.0,9132,3995
157,has_validated_parent,6,4,4,24,2,1.3487513933511917,0,False,255.0,255.0,9164,4048
158,has_validated_parent,6,4,4,24,2,1.4036256987671123,0,False,255.0,255.0,9164,4047
159,has_validated_parent,6,4,4,24,2,1.6879994564898102,0,False,255.0,255.0,9135,4025
160,all_generated_rejected_by_residual,6,4,4,24,0,5.217930855976255,1,True,255.0,255.0,9147,3995
161,all_generated_rejected_by_residual,6,3,3,6,0,17.93481404203415,0,True,255.0,255.0,9094,4000
162,has_validated_parent,6,4,4,24,2,1.8031056512901114,0,False,255.0,255.0,9032,3959
163,has_validated_parent,6,4,4,24,2,2.303620034299761,0,False,255.0,255.0,8887,3851
164,all_generated_rejected_by_residual,6,3,3,6,0,17.443080354896537,0,True,255.0,255.0,8977,3901
165,has_validated_parent,6,4,4,24,2,1.780508679056221,0,False,255.0,255.0,8887,3891
166,all_generated_rejected_by_residual,6,3,3,6,0,17.261709492036804,0,True,255.0,255.0,8879,3859
167,has_validated_parent,6,4,4,24,2,1.5643817713409138,0,False,255.0,255.0,8894,3815
168,has_validated_parent,6,4,4,24,2,1.7196256847063924,0,False,255.0,255.0,8775,3788
169,has_validated_parent,6,4,4,24,2,4.715131056741565,0,False,255.0,255.0,8811,3815
170,has_validated_parent,6,4,4,24,2,1.891273228744925,0,False,255.0,255.0,8752,3757
171,has_validated_parent,6,4,4,24,2,1.7938247056677854,0,False,255.0,255.0,8733,3751
172,has_validated_parent,6,4,4,24,2,1.2923095977311456,0,False,255.0,255.0,8733,3762
173,has_validated_parent,6,4,4,24,2,2.6020366520316878,0,False,255.0,255.0,8734,3827
174,all_generated_rejected_by_residual,6,3,3,6,0,17.083333908404963,0,True,255.0,255.0,8845,3890
175,all_generated_rejected_by_residual,6,3,3,6,0,16.98521518077118,0,True,255.0,255.0,9073,3973
176,has_validated_parent,6,4,4,24,2,1.988787619679197,0,False,255.0,255.0,9097,3984
177,has_validated_parent,6,4,4,24,2,1.601298567961205,0,False,255.0,255.0,9165,4029
178,has_validated_parent,6,4,4,24,2,1.4275268708565452,0,False,255.0,255.0,9150,4011
179,has_validated_parent,6,4,4,24,2,1.4249581581091146,0,False,255.0,255.0,9190,4015
180,all_generated_rejected_by_residual,6,3,3,6,0,16.964910530804264,0,True,255.0,255.0,9125,4002
181,all_generated_rejected_by_residual,6,3,3,6,0,15.945276246326493,0,True,255.0,255.0,9198,4029
182,all_generated_rejected_by_residual,6,4,4,24,0,5.589227555253959,1,True,255.0,255.0,9215,4036
183,has_validated_parent,6,4,4,24,2,2.644563640263541,0,False,255.0,255.0,9233,4002
184,has_validated_parent,6,4,4,24,2,3.515905392171034,0,False,255.0,255.0,9247,4083
185,has_validated_parent,6,4,4,24,2,1.5830824974445774,0,False,255.0,255.0,9149,4034
186,has_validated_parent,6,4,4,24,2,1.4962442768314108,0,False,255.0,255.0,9133,3958
187,all_generated_rejected_by_residual,6,3,3,6,0,17.487650440591857,0,True,255.0,255.0,8730,3833
188,has_validated_parent,6,4,4,24,2,1.4240521614932067,0,False,255.0,255.0,8531,3729
189,has_validated_parent,6,4,4,24,2,1.9270974262868308,0,False,255.0,255.0,8291,3584
190,has_validated_parent,6,4,4,24,2,1.7342974544365566,0,False,255.0,255.0,8280,3552
191,has_validated_parent,6,4,4,24,2,1.733731698147645,0,False,255.0,255.0,8329,3561
192,has_validated_parent,6,4,4,24,2,1.4950892281522687,0,False,255.0,255.0,8294,3565
193,has_validated_parent,6,4,4,24,2,1.542890935296053,0,False,255.0,255.0,8320,3612
194,has_validated_parent,6,4,4,24,2,1.6469186255585102,0,False,255.0,255.0,8358,3602
195,has_validated_parent,6,4,4,24,2,1.5032181629346608,0,False,255.0,255.0,8279,3608
196,has_validated_parent,6,4,4,24,2,1.4123593863441224,0,False,255.0,255.0,8398,3659
197,has_validated_parent,6,4,4,24,2,3.8528127737178366,0,False,255.0,255.0,8339,3590
198,has_validated_parent,6,4,4,24,2,1.8594907003386831,0,False,255.0,255.0,8324,3600
199,all_generated_rejected_by_residual,6,4,4,24,0,5.4453043107804495,1,True,255.0,255.0,8456,3683
200,all_generated_rejected_by_residual,6,3,3,6,0,15.828093414536246,0,True,255.0,255.0,8578,3737
201,fewer_than_three_L_observations,6,2,2,0,0,,0,True,255.0,255.0,8783,3828
202,has_validated_parent,6,4,4,24,2,4.950028985106287,0,False,255.0,255.0,8964,3936
203,has_validated_parent,6,4,4,24,2,1.608288414846528,0,False,255.0,255.0,9000,3931
204,all_generated_rejected_by_residual,6,3,3,6,0,17.030434318346558,0,True,255.0,255.0,9129,3958
205,has_validated_parent,6,4,4,24,2,1.2084533489547458,0,False,255.0,255.0,9216,4021
206,all_generated_rejected_by_residual,6,3,3,6,0,16.916009965711996,0,True,255.0,255.0,9075,4037
207,all_generated_rejected_by_residual,6,3,3,6,0,17.370701306129046,0,True,255.0,255.0,8875,3845
208,fewer_than_three_L_observations,6,2,2,0,0,,0,True,255.0,255.0,8764,3824
209,has_validated_parent,6,4,4,24,2,1.3974901901619337,0,False,255.0,255.0,8567,3721
210,has_validated_parent,6,4,4,24,2,1.262257663526335,0,False,255.0,255.0,8498,3698
211,has_validated_parent,6,4,4,24,2,1.3548507289192473,0,False,255.0,255.0,8420,3662
212,has_validated_parent,6,4,4,24,2,1.6587024851227092,0,False,255.0,255.0,8392,3652
213,has_validated_parent,6,4,4,24,2,1.6682753843952165,0,False,255.0,255.0,8326,3587
214,has_validated_parent,6,4,4,24,2,1.6744033444446444,0,False,255.0,255.0,8321,3591
215,has_validated_parent,6,4,4,24,2,1.5427950400663806,0,False,255.0,255.0,8301,3557
216,has_validated_parent,6,4,4,24,2,1.6081836574171369,0,False,255.0,255.0,8141,3560
217,has_validated_parent,6,4,4,24,2,1.601496736537977,0,False,255.0,255.0,8155,3551
218,all_generated_rejected_by_residual,6,4,4,24,0,5.680666552972391,1,True,255.0,255.0,8218,3543
219,all_generated_rejected_by_residual,6,4,4,24,0,5.291888626099743,1,True,255.0,255.0,8210,3565
220,has_validated_parent,6,4,4,24,2,1.4195770947704975,0,False,255.0,255.0,8415,3646
221,has_validated_parent,6,4,4,24,2,1.2745559752653273,0,False,255.0,255.0,8586,3724
222,has_validated_parent,6,4,4,24,2,1.1999100201639656,0,False,255.0,255.0,8726,3837
223,has_validated_parent,6,4,4,24,2,2.8278068860103964,0,False,255.0,255.0,8829,3836
224,all_generated_rejected_by_residual,6,3,3,6,0,17.111452166061223,0,True,255.0,255.0,8869,3876
225,has_validated_parent,6,4,4,24,2,1.5222045997131726,0,False,255.0,255.0,8899,3916
226,has_validated_parent,6,4,4,24,2,1.7147204365486477,0,False,255.0,255.0,8912,3915
227,all_generated_rejected_by_residual,6,4,4,24,0,5.245173573772733,1,True,255.0,255.0,9026,3968
228,has_validated_parent,6,4,4,24,2,1.3723495581037544,0,False,255.0,255.0,9174,4070
229,has_validated_parent,6,4,4,24,2,1.4713619291932656,0,False,255.0,255.0,9211,4108
230,fewer_than_three_L_observations,6,2,2,0,0,,0,True,255.0,255.0,9117,4009
231,has_validated_parent,6,4,4,24,2,3.322506073626777,0,False,255.0,255.0,9027,3940
232,has_validated_parent,6,4,4,24,2,1.597240523896125,0,False,255.0,255.0,9064,3968
233,has_validated_parent,6,4,4,24,2,1.537876025244854,0,False,255.0,255.0,9060,3975
234,has_validated_parent,6,4,4,24,2,1.8712582470423695,0,False,255.0,255.0,8858,3941
235,all_generated_rejected_by_residual,6,3,3,6,0,17.13289854963565,0,True,255.0,255.0,8838,3888
236,all_generated_rejected_by_residual,6,3,3,6,0,16.913747212979406,0,True,255.0,255.0,8755,3826
237,has_validated_parent,6,4,4,24,2,1.7176726085255971,0,False,255.0,255.0,8683,3809
238,all_generated_rejected_by_residual,6,4,4,24,0,5.06595841815627,1,True,255.0,255.0,8634,3792
239,has_validated_parent,6,4,4,24,2,1.9966315399956303,0,False,255.0,255.0,8617,3741
240,all_generated_rejected_by_residual,6,3,3,6,0,17.024285673197266,0,True,255.0,255.0,8492,3717
241,all_generated_rejected_by_residual,6,3,3,6,0,17.03101613731623,0,True,255.0,255.0,8492,3701
242,has_validated_parent,6,4,4,24,2,1.5901780448798382,0,False,255.0,255.0,8517,3735
243,has_validated_parent,6,4,4,24,2,3.000361648491714,0,False,255.0,255.0,8445,3703
244,has_validated_parent,6,4,4,24,2,1.6398148166505997,0,False,255.0,255.0,8461,3735
245,has_validated_parent,6,4,4,24,2,1.4529574537780918,0,False,255.0,255.0,8531,3750
246,has_validated_parent,6,4,4,24,2,3.346929806548721,0,False,255.0,255.0,8532,3736
247,has_validated_parent,6,4,4,24,2,1.4368012133964092,0,False,255.0,255.0,8520,3751
248,has_validated_parent,6,4,4,24,2,1.636402869692212,0,False,255.0,255.0,8494,3752
249,has_validated_parent,6,4,4,24,2,1.6947705276335066,0,False,255.0,255.0,8441,3726
250,all_generated_rejected_by_residual,6,3,3,6,0,16.90692520588696,0,True,255.0,255.0,8453,3693
251,all_generated_rejected_by_residual,6,3,3,6,0,16.848446037608344,0,True,255.0,255.0,8459,3732
252,has_validated_parent,6,4,4,24,2,1.6947705276335066,0,False,255.0,255.0,8413,3704
253,all_generated_rejected_by_residual,6,3,3,6,0,16.581496634740102,0,True,255.0,255.0,8433,3708
254,has_validated_parent,6,4,4,24,2,1.4697362030255452,0,False,255.0,255.0,8476,3696
255,all_generated_rejected_by_residual,6,3,3,6,0,16.807071882702584,0,True,255.0,255.0,8409,3650
256,all_generated_rejected_by_residual,6,3,3,6,0,16.982810889485084,0,True,255.0,255.0,8470,3695
257,all_generated_rejected_by_residual,6,3,3,6,0,16.998243036538103,0,True,255.0,255.0,8373,3664
258,has_validated_parent,6,4,4,24,2,1.6435309590817928,0,False,255.0,255.0,8359,3666
259,all_generated_rejected_by_residual,6,3,3,6,0,16.858153188498942,0,True,255.0,255.0,8256,3623
260,has_validated_parent,6,4,4,24,2,1.5889662777866018,0,False,255.0,255.0,8181,3576
261,all_generated_rejected_by_residual,6,3,3,6,0,16.54557593760878,0,True,255.0,255.0,8010,3517
262,has_validated_parent,6,4,4,24,2,2.043574433116202,0,False,255.0,255.0,7883,3480
263,has_validated_parent,6,4,4,24,2,1.7955115698845117,0,False,255.0,255.0,7850,3432
264,has_validated_parent,6,4,4,24,2,1.8527448073219464,0,False,255.0,255.0,7878,3392
265,has_validated_parent,6,4,4,24,2,1.9164558533892484,0,False,255.0,255.0,7820,3387
266,has_validated_parent,6,4,4,24,2,2.111151634969176,0,False,255.0,255.0,7637,3340
267,has_validated_parent,6,4,4,24,2,2.792140531601651,0,False,255.0,255.0,7073,3058
268,has_validated_parent,6,4,4,24,2,3.661557427273865,0,False,255.0,255.0,6541,2857
269,has_validated_parent,6,4,4,24,2,3.9981672138546416,0,False,255.0,255.0,6309,2701
270,has_validated_parent,6,4,4,24,2,3.9981672138546416,0,False,255.0,255.0,6306,2698
271,has_validated_parent,6,4,4,24,2,3.619135781246207,0,False,255.0,255.0,6540,2833
272,has_validated_parent,6,4,4,24,2,2.8979944830313915,0,False,255.0,255.0,6963,3061
273,has_validated_parent,6,4,4,24,2,2.3994527650320117,0,False,255.0,255.0,7354,3210
274,has_validated_parent,6,4,4,24,2,1.7775730768401647,0,False,255.0,255.0,7745,3402
275,has_validated_parent,6,4,4,24,2,1.7836969131645841,0,False,255.0,255.0,7790,3398
276,has_validated_parent,6,4,4,24,2,1.7567344213242386,0,False,255.0,255.0,7807,3415
277,has_validated_parent,6,4,4,24,2,1.6366913907124625,0,False,255.0,255.0,7859,3439
278,has_validated_parent,6,4,4,24,2,1.6504554856882159,0,False,255.0,255.0,7922,3473
279,has_validated_parent,6,4,4,24,2,1.4589628445694671,0,False,255.0,255.0,8019,3508
280,all_generated_rejected_by_residual,6,3,3,6,0,17.4123018969382,0,True,255.0,255.0,7993,3484
281,has_validated_parent,6,4,4,24,2,1.6278615314492688,0,False,255.0,255.0,7999,3510
282,has_validated_parent,6,4,4,24,2,1.607744913968889,0,False,255.0,255.0,8040,3508
283,has_validated_parent,6,4,4,24,2,1.922408226820851,0,False,255.0,255.0,8004,3511
284,has_validated_parent,6,4,4,24,2,1.5921143428839788,0,False,255.0,255.0,7993,3492
285,has_validated_parent,6,4,4,24,2,1.603190664805221,0,False,255.0,255.0,8018,3495
286,has_validated_parent,6,4,4,24,2,1.7200562039444278,0,False,255.0,255.0,7921,3478
287,has_validated_parent,6,4,4,24,2,1.76860630864871,0,False,255.0,255.0,7930,3474
288,all_generated_rejected_by_residual,6,3,3,6,0,16.95444192909077,0,True,255.0,255.0,7948,3490
289,all_generated_rejected_by_residual,6,3,3,6,0,16.931615868885007,0,True,255.0,255.0,7894,3482
290,has_validated_parent,6,4,4,24,2,1.6937452883188178,0,False,255.0,255.0,7884,3439
291,has_validated_parent,6,4,4,24,2,4.495542354736205,0,False,255.0,255.0,8011,3495
292,has_validated_parent,6,4,4,24,2,1.7575030060554984,0,False,255.0,255.0,8005,3531
293,has_validated_parent,6,4,4,24,2,1.759011735398951,0,False,255.0,255.0,8209,3610
294,has_validated_parent,6,4,4,24,2,1.4555317627001718,0,False,255.0,255.0,8279,3617
295,has_validated_parent,6,4,4,24,2,2.0183183046080075,0,False,255.0,255.0,8321,3645
296,all_generated_rejected_by_residual,6,3,3,6,0,16.91996908246774,0,True,255.0,255.0,8345,3661
297,has_validated_parent,6,4,4,24,2,1.8507886373711255,0,False,255.0,255.0,8396,3650
298,has_validated_parent,6,4,4,24,2,1.7280341766577545,0,False,255.0,255.0,8398,3678
299,all_generated_rejected_by_residual,6,3,3,6,0,16.878055501878904,0,True,255.0,255.0,8497,3695
300,has_validated_parent,6,4,4,24,2,1.829829405129301,0,False,255.0,255.0,8520,3720
301,all_generated_rejected_by_residual,6,3,3,6,0,16.76524472834756,0,True,255.0,255.0,8601,3776
302,all_generated_rejected_by_residual,6,4,4,24,0,5.22607740251544,1,True,255.0,255.0,8609,3761
303,all_generated_rejected_by_residual,6,3,3,6,0,17.180397094301366,0,True,255.0,255.0,8606,3800
304,has_validated_parent,6,4,4,24,2,1.7251928986442848,0,False,255.0,255.0,8492,3679
305,has_validated_parent,6,4,4,24,2,1.636009877294849,0,False,255.0,255.0,8341,3633
306,all_generated_rejected_by_residual,6,3,3,6,0,17.054538994896888,0,True,255.0,255.0,8256,3599
307,has_validated_parent,6,4,4,24,2,3.1644533558240924,0,False,255.0,255.0,8108,3512
308,has_validated_parent,6,4,4,24,2,1.4432909120770392,0,False,255.0,255.0,8135,3534
309,has_validated_parent,6,4,4,24,2,3.0652958397022254,0,False,255.0,255.0,8036,3484
310,has_validated_parent,6,4,4,24,2,1.7436394216464708,0,False,255.0,255.0,8043,3481
311,has_validated_parent,6,4,4,24,2,1.6994449431509173,0,False,255.0,255.0,8042,3502
312,has_validated_parent,6,4,4,24,2,1.7212654289911835,0,False,255.0,255.0,8133,3493
313,all_generated_rejected_by_residual,6,3,3,6,0,17.162596968660946,0,True,255.0,255.0,8133,3539
314,has_validated_parent,6,4,4,24,2,1.5112838528997912,0,False,255.0,255.0,8277,3630
315,has_validated_parent,6,4,4,24,2,1.4294941665786973,0,False,255.0,255.0,8394,3660
316,has_validated_parent,6,4,4,24,2,1.807009707471071,0,False,255.0,255.0,8522,3722
317,has_validated_parent,6,4,4,24,2,1.4103641044282116,0,False,255.0,255.0,8563,3711
318,all_generated_rejected_by_residual,6,3,3,6,0,16.917433032838733,0,True,255.0,255.0,8652,3805
319,has_validated_parent,6,4,4,24,2,1.4590456602482658,0,False,255.0,255.0,8772,3825
320,all_generated_rejected_by_residual,6,3,3,6,0,16.762869304546822,0,True,255.0,255.0,8850,3845
321,has_validated_parent,6,4,4,24,2,1.6285980126178432,0,False,255.0,255.0,9007,3915
322,has_validated_parent,6,4,4,24,2,1.64495779868841,0,False,255.0,255.0,8962,3925
323,fewer_than_three_L_observations,6,2,2,0,0,,0,True,255.0,255.0,9070,3970
324,has_validated_parent,6,4,4,24,2,1.7113109543948462,0,False,255.0,255.0,9072,4030
325,has_validated_parent,6,4,4,24,2,1.488151294989092,0,False,255.0,255.0,9048,4049
326,has_validated_parent,6,4,4,24,2,3.612480664815805,0,False,255.0,255.0,9097,4015
327,all_generated_rejected_by_residual,6,4,4,24,0,5.536470923635272,1,True,255.0,255.0,9040,3969
328,all_generated_rejected_by_residual,6,3,3,6,0,16.289859588174195,0,True,255.0,255.0,9063,3993
329,has_validated_parent,6,4,4,24,2,1.4702533321955116,0,False,255.0,255.0,9120,3998
330,has_validated_parent,6,4,4,24,2,1.578201488291325,0,False,255.0,255.0,9131,4023
331,all_generated_rejected_by_residual,6,3,3,6,0,17.064756420156357,0,True,255.0,255.0,9051,3981
332,has_validated_parent,6,4,4,24,2,2.1485758070697227,0,False,255.0,255.0,8945,3899
333,has_validated_parent,6,4,4,24,2,1.4385448996794181,0,False,255.0,255.0,8974,3967
334,all_generated_rejected_by_residual,6,3,3,6,0,16.256786861347646,0,True,255.0,255.0,8949,3938
335,has_validated_parent,6,4,4,24,2,1.737151401355624,0,False,255.0,255.0,8927,3893
336,has_validated_parent,6,4,4,24,2,1.4385448996794181,0,False,255.0,255.0,8900,3940
337,has_validated_parent,6,4,4,24,2,1.5198481104334716,0,False,255.0,255.0,8866,3900
338,all_generated_rejected_by_residual,6,4,4,24,0,5.564150258994541,1,True,255.0,255.0,8809,3910
339,has_validated_parent,6,4,4,24,2,1.4939494354219398,0,False,255.0,255.0,8744,3853
340,has_validated_parent,6,4,4,24,2,1.4131024704077684,0,False,255.0,255.0,8777,3897
341,has_validated_parent,6,4,4,24,2,1.6838732845700726,0,False,255.0,255.0,8761,3866
342,has_validated_parent,6,4,4,24,2,1.402355397630375,0,False,255.0,255.0,8687,3850
343,has_validated_parent,6,4,4,24,2,1.5484112426603807,0,False,255.0,255.0,8689,3880
344,all_generated_rejected_by_residual,6,3,3,6,0,17.29149721099137,0,True,255.0,255.0,8675,3838
345,all_generated_rejected_by_residual,6,3,3,6,0,17.60630986357126,0,True,255.0,255.0,8677,3826
346,has_validated_parent,6,4,4,24,2,1.3720010180036415,0,False,255.0,255.0,8605,3824
347,has_validated_parent,6,4,4,24,2,1.41087024274304,0,False,255.0,255.0,8660,3812
348,has_validated_parent,6,4,4,24,2,1.4749315281135125,0,False,255.0,255.0,8637,3801
349,has_validated_parent,6,4,4,24,2,1.6477553289142568,0,False,255.0,255.0,8577,3790
350,has_validated_parent,6,4,4,24,2,1.7315781384934545,0,False,255.0,255.0,8581,3769
351,has_validated_parent,6,4,4,24,2,3.7074314270906474,0,False,255.0,255.0,8474,3713
352,has_validated_parent,6,4,4,24,2,1.7125678622046994,0,False,255.0,255.0,8573,3757
353,has_validated_parent,6,4,4,24,2,1.4480058831348337,0,False,255.0,255.0,8431,3671
354,has_validated_parent,6,4,4,24,2,1.6146725498015002,0,False,255.0,255.0,8411,3644
355,has_validated_parent,6,4,4,24,2,2.2330623164109067,0,False,255.0,255.0,8420,3641
356,has_validated_parent,6,4,4,24,2,1.7336859276110106,0,False,255.0,255.0,8393,3631
357,has_validated_parent,6,4,4,24,2,1.6124636845360945,0,False,255.0,255.0,8389,3634
358,has_validated_parent,6,4,4,24,2,1.5329364391498042,0,False,255.0,255.0,8502,3687
359,has_validated_parent,6,4,4,24,2,1.681624054192184,0,False,255.0,255.0,8421,3643
360,has_validated_parent,6,4,4,24,2,4.089424074499664,0,False,255.0,255.0,8428,3641
361,has_validated_parent,6,4,4,24,2,1.7495848816742523,0,False,255.0,255.0,8439,3637
362,has_validated_parent,6,4,4,24,2,4.509141723611402,0,False,255.0,255.0,8472,3668
363,has_validated_parent,6,4,4,24,2,1.7461431017481004,0,False,255.0,255.0,8422,3689
364,has_validated_parent,6,4,4,24,2,1.5063989996435199,0,False,255.0,255.0,8568,3749
365,has_validated_parent,6,4,4,24,2,1.8224676056587734,0,False,255.0,255.0,8649,3787
366,has_validated_parent,6,4,4,24,2,1.3472011188370658,0,False,255.0,255.0,8774,3828
367,has_validated_parent,6,4,4,24,2,1.7584448076894823,0,False,255.0,255.0,8931,3924
368,has_validated_parent,6,4,4,24,2,1.6235139284853342,0,False,255.0,255.0,9007,3952
369,all_generated_rejected_by_residual,6,3,3,6,0,17.644666911400222,0,True,255.0,255.0,9184,4032
370,has_validated_parent,6,4,4,24,2,1.5154084699056345,0,False,255.0,255.0,9092,3983
371,has_validated_parent,6,4,4,24,2,1.2657160544125539,0,False,255.0,255.0,9084,3972
372,all_generated_rejected_by_residual,6,3,3,6,0,17.15870112318719,0,True,255.0,255.0,9135,3988
373,has_validated_parent,6,4,4,24,2,1.68800595084256,0,False,255.0,255.0,9199,4023
374,has_validated_parent,6,4,4,24,2,1.6803784880339467,0,False,255.0,255.0,9318,4096
375,has_validated_parent,6,4,4,24,2,1.498223678596591,0,False,255.0,255.0,9303,4130
376,has_validated_parent,6,4,4,24,2,1.3989268730019588,0,False,255.0,255.0,9383,4145
377,all_generated_rejected_by_residual,6,4,4,24,0,6.031992964166168,1,True,255.0,255.0,9311,4172
378,has_validated_parent,6,4,4,24,2,1.7112787765599384,0,False,255.0,255.0,9266,4074
379,all_generated_rejected_by_residual,6,4,4,24,0,5.405574604345763,2,True,255.0,255.0,9318,4058
380,all_generated_rejected_by_residual,6,4,4,24,0,5.405574604345763,2,True,255.0,255.0,9286,4047
381,has_validated_parent,6,4,4,24,2,1.7820603049405639,0,False,255.0,255.0,9262,4024
382,all_generated_rejected_by_residual,6,3,3,6,0,17.668604115329476,0,True,255.0,255.0,9238,4002
383,all_generated_rejected_by_residual,6,3,3,6,0,17.46261739276483,0,True,255.0,255.0,9295,4054
384,has_validated_parent,6,4,4,24,2,1.531688387780992,0,False,255.0,255.0,9284,4052
385,has_validated_parent,6,4,4,24,2,1.6596691829457633,0,False,255.0,255.0,9291,4058
386,all_generated_rejected_by_residual,6,3,3,6,0,17.482373307539465,0,True,255.0,255.0,9281,4093
387,all_generated_rejected_by_residual,6,3,3,6,0,17.5964156863128,0,True,255.0,255.0,9243,4089
388,has_validated_parent,6,4,4,24,2,1.5957036135758689,0,False,255.0,255.0,9181,4054
389,has_validated_parent,6,4,4,24,2,1.3573804761789523,0,False,255.0,255.0,9143,4020
390,has_validated_parent,6,4,4,24,2,1.428956262034221,0,False,255.0,255.0,9229,4039
391,has_validated_parent,6,4,4,24,2,3.8363267586195824,0,False,255.0,255.0,9139,4011
392,has_validated_parent,6,4,4,24,2,2.842925429295706,0,False,255.0,255.0,9158,3982
393,all_generated_rejected_by_residual,6,4,4,24,0,5.121745712919618,1,True,255.0,255.0,9155,3998
394,all_generated_rejected_by_residual,6,3,3,6,0,17.598055603495496,0,True,255.0,255.0,9143,4014
395,all_generated_rejected_by_residual,6,3,3,6,0,17.796041078493,0,True,255.0,255.0,9167,4044
396,has_validated_parent,6,4,4,24,2,1.5727805786271813,0,False,255.0,255.0,9127,4053
397,all_generated_rejected_by_residual,6,3,3,6,0,17.686480344434926,0,True,255.0,255.0,9096,3962
398,has_validated_parent,6,4,4,24,2,2.0229161037109544,0,False,255.0,255.0,8904,3884
399,all_generated_rejected_by_residual,6,3,3,6,0,17.733398408348215,0,True,255.0,255.0,8813,3878
400,all_generated_rejected_by_residual,6,3,3,6,0,17.738745933909232,0,True,255.0,255.0,8706,3821
401,all_generated_rejected_by_residual,6,4,4,24,0,5.984345066852072,2,True,255.0,255.0,8632,3776
402,all_generated_rejected_by_residual,6,4,4,24,0,5.984345066852072,2,True,255.0,255.0,8607,3768
403,all_generated_rejected_by_residual,6,4,4,24,0,5.525025793987314,2,True,255.0,255.0,8601,3753
404,all_generated_rejected_by_residual,6,4,4,24,0,5.173777508697793,1,True,255.0,255.0,8654,3753
405,all_generated_rejected_by_residual,6,3,3,6,0,17.35139426160255,0,True,255.0,255.0,8642,3767
406,all_generated_rejected_by_residual,6,4,4,24,0,5.173777508697793,1,True,255.0,255.0,8670,3755
407,all_generated_rejected_by_residual,6,4,4,24,0,5.376511082484412,1,True,255.0,255.0,8654,3748
408,has_validated_parent,6,4,4,24,2,1.7267529005570765,0,False,255.0,255.0,8599,3764
409,has_validated_parent,6,4,4,24,2,1.6363132574111061,0,False,255.0,255.0,8646,3762
410,has_validated_parent,6,4,4,24,2,1.465773431834614,0,False,255.0,255.0,8660,3766
411,has_validated_parent,6,4,4,24,2,1.9562508019270262,0,False,255.0,255.0,8800,3847
412,has_validated_parent,6,4,4,24,2,1.3719174150770181,0,False,255.0,255.0,8883,3903
413,has_validated_parent,6,4,4,24,2,1.7729308575382934,0,False,255.0,255.0,9098,4023
414,has_validated_parent,6,4,4,24,2,1.7266519970930776,0,False,255.0,255.0,9233,4052
415,all_generated_rejected_by_residual,6,3,3,6,0,17.356391940844947,0,True,255.0,255.0,9133,4004
416,all_generated_rejected_by_residual,6,3,3,6,0,17.294438002417373,0,True,255.0,255.0,9063,3966
417,has_validated_parent,6,4,4,24,2,1.8855249092136217,0,False,255.0,255.0,8927,3932
418,has_validated_parent,6,4,4,24,2,1.5990366351775462,0,False,255.0,255.0,8937,3926
419,all_generated_rejected_by_residual,6,3,3,6,0,17.815397434999664,0,True,255.0,255.0,9057,3955
420,has_validated_parent,6,4,4,24,2,1.6198750522979122,0,False,255.0,255.0,9102,4016
421,has_validated_parent,6,4,4,24,2,1.7937779779029788,0,False,255.0,255.0,9142,3991
422,has_validated_parent,6,4,4,24,2,1.7542591901942337,0,False,255.0,255.0,9101,4025
423,has_validated_parent,6,4,4,24,2,3.1514269859880506,0,False,255.0,255.0,8041,3570
424,fewer_than_three_L_observations,5,2,2,0,0,,0,False,255.0,255.0,6544,2901
425,fewer_than_three_L_observations,5,1,1,0,0,,0,False,255.0,255.0,6043,2675
426,fewer_than_three_L_observations,4,1,1,0,0,,0,False,255.0,255.0,5786,2581
427,fewer_than_three_L_observations,4,1,1,0,0,,0,False,255.0,255.0,5442,2445
428,fewer_than_three_L_observations,4,2,2,0,0,,0,False,255.0,255.0,5033,2246
429,fewer_than_three_L_observations,2,2,2,0,0,,0,False,255.0,255.0,4996,2156
430,fewer_than_three_L_observations,2,2,2,0,0,,0,False,255.0,255.0,4940,2130
431,fewer_than_three_L_observations,2,2,2,0,0,,0,False,255.0,255.0,4832,2091
432,fewer_than_three_L_observations,2,2,2,0,0,,0,False,255.0,255.0,4877,2102
433,fewer_than_three_L_observations,2,2,2,0,0,,0,False,255.0,255.0,4646,2012
434,fewer_than_three_L_observations,2,2,2,0,0,,0,False,255.0,255.0,4189,1843
435,fewer_than_three_L_observations,2,1,1,0,0,,0,False,255.0,255.0,3829,1684
436,fewer_than_three_L_observations,2,0,0,0,0,,0,False,255.0,255.0,3423,1489
437,fewer_than_three_L_observations,2,2,2,0,0,,0,False,255.0,255.0,3046,1325
438,fewer_than_three_L_observations,2,0,0,0,0,,0,False,255.0,255.0,2505,1118
439,fewer_than_three_L_observations,2,0,0,0,0,,0,False,255.0,255.0,1316,593
440,fewer_than_three_L_observations,3,0,0,0,0,,0,False,255.0,255.0,254,85
441,no_white_components,0,0,0,0,0,,0,False,118.0,116.0,0,0
442,no_white_components,0,0,0,0,0,,0,False,118.0,115.0,0,0
443,no_white_components,0,0,0,0,0,,0,False,116.0,114.0,0,0
444,no_white_components,0,0,0,0,0,,0,False,116.0,115.0,0,0
445,no_white_components,0,0,0,0,0,,0,False,116.0,115.0,0,0
446,no_white_components,0,0,0,0,0,,0,False,117.0,116.0,0,0
447,no_white_components,0,0,0,0,0,,0,False,116.0,115.0,0,0
448,no_white_components,0,0,0,0,0,,0,False,117.0,115.0,0,0
449,no_white_components,0,0,0,0,0,,0,False,118.0,116.0,0,0
450,no_white_components,0,0,0,0,0,,0,False,117.0,115.0,0,0
451,fewer_than_three_L_observations,12,0,0,0,0,,0,False,255.0,254.0,179,61
452,fewer_than_three_L_observations,2,0,0,0,0,,0,False,255.0,255.0,1110,463
453,fewer_than_three_L_observations,2,0,0,0,0,,0,False,255.0,255.0,2228,981
454,fewer_than_three_L_observations,2,2,2,0,0,,0,False,255.0,255.0,2937,1285
455,fewer_than_three_L_observations,2,2,2,0,0,,0,False,255.0,255.0,3223,1389
456,fewer_than_three_L_observations,2,2,2,0,0,,0,False,255.0,255.0,3487,1569
457,fewer_than_three_L_observations,2,2,2,0,0,,0,False,255.0,255.0,3828,1669
458,fewer_than_three_L_observations,2,2,2,0,0,,0,False,255.0,255.0,4276,1866
459,fewer_than_three_L_observations,2,2,2,0,0,,0,False,255.0,255.0,4638,1992
460,fewer_than_three_L_observations,2,1,1,0,0,,0,False,255.0,255.0,4798,2079
461,fewer_than_three_L_observations,2,2,2,0,0,,0,False,255.0,255.0,4909,2130
462,fewer_than_three_L_observations,2,2,2,0,0,,0,False,255.0,255.0,4894,2155
463,fewer_than_three_L_observations,2,1,1,0,0,,0,False,255.0,255.0,4866,2157
464,fewer_than_three_L_observations,3,2,2,0,0,,0,False,255.0,255.0,4944,2120
465,fewer_than_three_L_observations,4,2,2,0,0,,0,False,255.0,255.0,5334,2290
466,fewer_than_three_L_observations,4,2,2,0,0,,0,False,255.0,255.0,5704,2453
467,fewer_than_three_L_observations,4,2,2,0,0,,0,False,255.0,255.0,5841,2532
468,fewer_than_three_L_observations,5,2,2,0,0,,0,False,255.0,255.0,6201,2713
469,fewer_than_three_L_observations,6,1,1,0,0,,0,False,255.0,255.0,7048,3119
470,fewer_than_three_L_observations,6,2,2,0,0,,0,True,255.0,255.0,8414,3751
471,all_generated_rejected_by_residual,6,3,3,6,0,17.632075983895955,0,True,255.0,255.0,8971,3997
472,all_generated_rejected_by_residual,6,4,4,24,0,5.458972517106237,1,True,255.0,255.0,9044,4006
473,has_validated_parent,6,4,4,24,2,2.1605673101254,0,False,255.0,255.0,8969,3921
474,all_generated_rejected_by_residual,6,4,4,24,0,5.82335511304451,1,True,255.0,255.0,9027,3949
475,has_validated_parent,6,4,4,24,2,4.014257083381216,0,False,255.0,255.0,9063,3969
476,has_validated_parent,6,4,4,24,2,1.8357072884138355,0,False,255.0,255.0,8995,3941
477,all_generated_rejected_by_residual,6,3,3,6,0,16.542472843310062,0,True,255.0,255.0,9056,4003
478,has_validated_parent,6,4,4,24,2,3.6641729987434366,0,False,255.0,255.0,9048,4038
479,fewer_than_three_L_observations,6,1,1,0,0,,0,True,255.0,255.0,9076,4009
480,all_generated_rejected_by_residual,6,3,3,6,0,16.734082189490312,0,True,255.0,255.0,9145,4056
481,has_validated_parent,6,4,4,24,2,1.356195643488159,0,False,255.0,255.0,9184,4033
482,all_generated_rejected_by_residual,6,3,3,6,0,17.584685720014377,0,True,255.0,255.0,9108,3959
483,has_validated_parent,6,4,4,24,2,1.3378767297195262,0,False,255.0,255.0,9129,3941
484,has_validated_parent,6,4,4,24,2,3.3672938750300134,0,False,255.0,255.0,9056,3948
485,has_validated_parent,6,4,4,24,2,1.635145370527887,0,False,255.0,255.0,8960,4004
486,has_validated_parent,6,4,4,24,2,1.3270226267526641,0,False,255.0,255.0,8779,3831
487,has_validated_parent,6,4,4,24,2,1.4758666761902244,0,False,255.0,255.0,8643,3760
488,has_validated_parent,6,4,4,24,2,1.927499160201562,0,False,255.0,255.0,8518,3716
489,has_validated_parent,6,4,4,24,2,1.7788492887569578,0,False,255.0,255.0,8460,3669
490,has_validated_parent,6,4,4,24,2,1.490060842269026,0,False,255.0,255.0,8485,3675
491,all_generated_rejected_by_residual,6,3,3,6,0,17.32827868471536,0,True,255.0,255.0,8506,3716
492,has_validated_parent,6,4,4,24,2,1.6758762499938908,0,False,255.0,255.0,8545,3708
493,has_validated_parent,6,4,4,24,2,1.7275548183930347,0,False,255.0,255.0,8548,3733
494,has_validated_parent,6,4,4,24,2,1.5870055182861693,0,False,255.0,255.0,8524,3692
495,has_validated_parent,6,4,4,24,2,1.9708244353320923,0,False,255.0,255.0,8444,3661
496,has_validated_parent,6,4,4,24,2,1.608203415122324,0,False,255.0,255.0,8456,3642
497,has_validated_parent,6,4,4,24,2,4.958596812683896,0,False,255.0,255.0,8407,3608
498,has_validated_parent,6,4,4,24,2,1.6604041477510083,0,False,255.0,255.0,8508,3646
499,has_validated_parent,6,4,4,24,2,1.8233567308475884,0,False,255.0,255.0,8449,3645
500,has_validated_parent,6,4,4,24,2,1.6932730651142425,0,False,255.0,255.0,8422,3608
501,all_generated_rejected_by_residual,6,4,4,24,0,5.603835919411608,1,True,255.0,255.0,8492,3621
502,has_validated_parent,6,4,4,24,2,1.8837428089013197,0,False,255.0,255.0,8396,3565
503,has_validated_parent,6,4,4,24,2,1.5987695566489222,0,False,255.0,255.0,8459,3709
504,has_validated_parent,6,4,4,24,2,1.8065174740966026,0,False,255.0,255.0,8643,3743
505,all_generated_rejected_by_residual,6,3,3,6,0,17.396979077867154,0,True,255.0,255.0,8770,3817
506,has_validated_parent,6,4,4,24,2,1.792633363366736,0,False,255.0,255.0,8882,3903
507,all_generated_rejected_by_residual,6,4,4,24,0,5.119934834094181,1,True,255.0,255.0,8887,3890
508,has_validated_parent,6,4,4,24,2,1.5827572586919008,0,False,255.0,255.0,8954,3918
509,all_generated_rejected_by_residual,6,3,3,6,0,17.02794784845569,0,True,255.0,255.0,8935,3918
510,all_generated_rejected_by_residual,6,3,3,6,0,17.442854661349,0,True,255.0,255.0,9049,3947
511,has_validated_parent,6,4,4,24,2,1.4158026179507397,0,False,255.0,255.0,9118,3991
512,all_generated_rejected_by_residual,6,3,3,6,0,17.459017681342928,0,True,255.0,255.0,9201,4024
513,has_validated_parent,6,4,4,24,2,1.5272100531744126,0,False,255.0,255.0,9290,4081
514,has_validated_parent,6,4,4,24,2,4.333219864863892,0,False,255.0,255.0,9334,4091
515,has_validated_parent,6,4,4,24,2,4.333219864863892,0,False,255.0,255.0,9312,4103
516,has_validated_parent,6,4,4,24,2,1.773053797845798,0,False,255.0,255.0,9309,4078
517,has_validated_parent,6,4,4,24,2,1.7507398850986007,0,False,255.0,255.0,9287,4064
518,all_generated_rejected_by_residual,6,4,4,24,0,5.41509907274463,1,True,255.0,255.0,9245,4039
519,has_validated_parent,6,4,4,24,2,1.7812138571654919,0,False,255.0,255.0,9189,3980
520,all_generated_rejected_by_residual,6,3,3,6,0,16.51997486354232,0,True,255.0,255.0,9215,3966
521,has_validated_parent,6,4,4,24,2,1.5792564327966392,0,False,255.0,255.0,9158,3977
522,has_validated_parent,6,4,4,24,2,1.405297667956751,0,False,255.0,255.0,9161,3972
523,has_validated_parent,6,4,4,24,2,3.597862946301195,0,False,255.0,255.0,9167,3957
524,has_validated_parent,6,4,4,24,2,1.6338005477369897,0,False,255.0,255.0,9142,3948
525,all_generated_rejected_by_residual,6,4,4,24,0,5.115753514050094,3,True,255.0,255.0,9187,3942
526,has_validated_parent,6,4,4,24,2,1.6665203481064188,0,False,255.0,255.0,9191,3972
527,has_validated_parent,6,4,4,24,2,1.8326892373350319,0,False,255.0,255.0,9145,3987
528,all_generated_rejected_by_residual,6,3,3,6,0,17.772872902592866,0,True,255.0,255.0,9135,4007
529,has_validated_parent,6,4,4,24,2,3.906419265419597,0,False,255.0,255.0,9137,4054
530,has_validated_parent,6,4,4,24,2,1.720047825126531,0,False,255.0,255.0,9162,4062
531,has_validated_parent,6,4,4,24,2,1.4775692277294326,0,False,255.0,255.0,9170,4056
532,all_generated_rejected_by_residual,6,3,3,6,0,17.03637639743701,0,True,255.0,255.0,9161,4027
533,has_validated_parent,6,4,4,24,2,2.8212091638037307,0,False,255.0,255.0,9152,4005
534,has_validated_parent,6,4,4,24,2,1.2826320523492813,0,False,255.0,255.0,9118,3981
535,has_validated_parent,6,4,4,24,2,1.650318361093724,0,False,255.0,255.0,9119,3955
536,all_generated_rejected_by_residual,6,4,4,24,0,5.4275936279762504,1,True,255.0,255.0,9132,4001
537,all_generated_rejected_by_residual,6,4,4,24,0,5.348816578777033,1,True,255.0,255.0,9048,3989
538,has_validated_parent,6,4,4,24,2,1.2992978961993884,0,False,255.0,255.0,8891,3878
539,has_validated_parent,6,4,4,24,2,1.9865640720229034,0,False,255.0,255.0,8655,3784
540,has_validated_parent,6,4,4,24,2,1.6435366984425588,0,False,255.0,255.0,8485,3722
541,has_validated_parent,6,4,4,24,2,1.4354195713241726,0,False,255.0,255.0,8468,3675
542,has_validated_parent,6,4,4,24,2,1.405589911961399,0,False,255.0,255.0,8436,3708
543,has_validated_parent,6,4,4,24,2,1.4126118596369082,0,False,255.0,255.0,8484,3710
544,has_validated_parent,6,4,4,24,2,1.5347962821330432,0,False,255.0,255.0,8455,3701
545,has_validated_parent,6,4,4,24,2,1.512448338596262,0,False,255.0,255.0,8482,3685
546,has_validated_parent,6,4,4,24,2,1.340417486844255,0,False,255.0,255.0,8426,3660
547,has_validated_parent,6,4,4,24,2,1.4049771016387684,0,False,255.0,255.0,8319,3601
548,has_validated_parent,6,4,4,24,2,1.5943075796071078,0,False,255.0,255.0,8401,3662
549,has_validated_parent,6,4,4,24,2,1.8014831979706667,0,False,255.0,255.0,8349,3641
550,has_validated_parent,6,4,4,24,2,1.7053694487856135,0,False,255.0,255.0,8377,3624
551,has_validated_parent,6,4,4,24,2,1.5494501134180771,0,False,255.0,255.0,8353,3631
552,has_validated_parent,6,4,4,24,2,1.5867653452632575,0,False,255.0,255.0,8544,3694
553,has_validated_parent,6,4,4,24,2,1.4622035312632837,0,False,255.0,255.0,8738,3823
554,all_generated_rejected_by_residual,6,4,4,24,0,5.118149093852636,1,True,255.0,255.0,8954,3913
555,has_validated_parent,6,4,4,24,2,1.6028036152349665,0,False,255.0,255.0,9027,3932
556,has_validated_parent,6,4,4,24,2,1.3329060757745095,0,False,255.0,255.0,9006,3911
557,has_validated_parent,6,4,4,24,2,1.1949051593855338,0,False,255.0,255.0,8976,3957
558,all_generated_rejected_by_residual,6,3,3,6,0,17.166422746819446,0,True,255.0,255.0,9047,3967
559,has_validated_parent,6,4,4,24,2,3.0443790341978763,0,False,255.0,255.0,8993,3929
560,has_validated_parent,6,4,4,24,2,1.4955549047485757,0,False,255.0,255.0,9083,3976
561,all_generated_rejected_by_residual,6,4,4,24,0,5.755906356366076,1,True,255.0,255.0,9181,4020
562,has_validated_parent,6,4,4,24,2,1.6776332751674612,0,False,255.0,255.0,9196,4017
563,all_generated_rejected_by_residual,6,3,3,6,0,17.039248306448332,0,True,255.0,255.0,9208,4047
564,all_generated_rejected_by_residual,6,3,3,6,0,17.001328537185373,0,True,255.0,255.0,9113,4033
565,all_generated_rejected_by_residual,6,4,4,24,0,5.107622362702303,1,True,255.0,255.0,9057,3979
566,all_generated_rejected_by_residual,6,4,4,24,0,5.113607968553899,1,True,255.0,255.0,8952,3952
567,fewer_than_three_L_observations,6,2,2,0,0,,0,True,255.0,255.0,8968,3993
568,all_generated_rejected_by_residual,6,4,4,24,0,5.5390652530656235,1,True,255.0,255.0,8998,3925
569,has_validated_parent,6,4,4,24,2,1.6559262374500967,0,False,255.0,255.0,8990,3944
570,has_validated_parent,6,4,4,24,2,1.6849553683293006,0,False,255.0,255.0,8833,3941
571,has_validated_parent,6,4,4,24,2,1.4053130198995383,0,False,255.0,255.0,8785,3916
572,all_generated_rejected_by_residual,6,3,3,6,0,16.905875652562745,0,True,255.0,255.0,8771,3864
573,all_generated_rejected_by_residual,6,3,3,6,0,17.001759403115457,0,True,255.0,255.0,8785,3902
574,fewer_than_three_L_observations,6,2,2,0,0,,0,True,255.0,255.0,8830,3913
575,has_validated_parent,6,4,4,24,2,1.6849553683293006,0,False,255.0,255.0,8827,3913
576,has_validated_parent,6,4,4,24,2,1.7444505088555182,0,False,255.0,255.0,8833,3882
577,has_validated_parent,6,4,4,24,2,1.7000663243018643,0,False,255.0,255.0,8896,3887
578,all_generated_rejected_by_residual,6,3,3,6,0,16.927396135715828,0,True,255.0,255.0,8879,3904
579,all_generated_rejected_by_residual,6,3,3,6,0,17.098776071086537,0,True,255.0,255.0,8834,3885
580,all_generated_rejected_by_residual,6,3,3,6,0,16.201629841868083,0,True,255.0,255.0,8775,3858
581,all_generated_rejected_by_residual,6,4,4,24,0,5.448307896895243,1,True,255.0,255.0,8736,3826
582,has_validated_parent,6,4,4,24,2,1.6292125298622213,0,False,255.0,255.0,8710,3816
583,has_validated_parent,6,4,4,24,2,1.9174198385972077,0,False,255.0,255.0,8709,3811
584,all_generated_rejected_by_residual,6,3,3,6,0,17.4615785616021,0,True,255.0,255.0,8720,3833
585,has_validated_parent,6,4,4,24,2,3.128560703667971,0,False,255.0,255.0,8714,3824
586,has_validated_parent,6,4,4,24,2,1.6938165672739178,0,False,255.0,255.0,8688,3811
587,all_generated_rejected_by_residual,6,4,4,24,0,5.188164635768954,1,True,255.0,255.0,8676,3795
588,has_validated_parent,6,4,4,24,2,1.6463274169247626,0,False,255.0,255.0,8642,3802
589,has_validated_parent,6,4,4,24,2,1.517299275843458,0,False,255.0,255.0,8609,3827
590,has_validated_parent,6,4,4,24,2,1.5791735184403102,0,False,255.0,255.0,8566,3816
591,all_generated_rejected_by_residual,6,3,3,6,0,16.822051480925378,0,True,255.0,255.0,8543,3790
592,all_generated_rejected_by_residual,6,4,4,24,0,5.199316306745435,1,True,255.0,255.0,8534,3735
593,has_validated_parent,6,4,4,24,2,1.6675532895517884,0,False,255.0,255.0,8528,3735
594,has_validated_parent,6,4,4,24,2,1.42701709454321,0,False,255.0,255.0,8493,3725
595,all_generated_rejected_by_residual,6,4,4,24,0,5.374347860342166,1,True,255.0,255.0,8454,3675
596,has_validated_parent,6,4,4,24,2,1.4311350684766087,0,False,255.0,255.0,8377,3648
597,has_validated_parent,6,4,4,24,2,1.5372085238004296,0,False,255.0,255.0,8373,3643
598,has_validated_parent,6,4,4,24,2,1.4324437281561442,0,False,255.0,255.0,8286,3621
599,has_validated_parent,6,4,4,24,2,3.337198913518053,0,False,255.0,255.0,8256,3594
600,has_validated_parent,6,4,4,24,2,1.7120164935328706,0,False,255.0,255.0,8228,3582
601,has_validated_parent,6,4,4,24,2,1.5064958341775336,0,False,255.0,255.0,8188,3561
602,has_validated_parent,6,4,4,24,2,1.496715537344535,0,False,255.0,255.0,8144,3536
603,has_validated_parent,6,4,4,24,2,1.6915716948557653,0,False,255.0,255.0,8093,3526
604,has_validated_parent,6,4,4,24,2,1.7531831046189612,0,False,255.0,255.0,8053,3518
605,has_validated_parent,6,4,4,24,2,1.6604406559290554,0,False,255.0,255.0,7971,3499
606,has_validated_parent,6,4,4,24,2,1.8578499108457827,0,False,255.0,255.0,7914,3436
607,has_validated_parent,6,4,4,24,2,1.6937230513789856,0,False,255.0,255.0,7822,3424
608,has_validated_parent,6,4,4,24,2,1.9841620627947876,0,False,255.0,255.0,7729,3386
609,has_validated_parent,6,4,4,24,2,1.8725280659178665,0,False,255.0,255.0,7752,3389
610,has_validated_parent,6,4,4,24,2,1.4511997872777804,0,False,255.0,255.0,7738,3389
611,has_validated_parent,6,4,4,24,2,1.8303710229981933,0,False,255.0,255.0,7754,3383
612,has_validated_parent,6,4,4,24,2,1.492378727886171,0,False,255.0,255.0,7848,3439
613,has_validated_parent,6,4,4,24,2,1.8157499476546402,0,False,255.0,255.0,7793,3429
614,has_validated_parent,6,4,4,24,2,1.522001038637337,0,False,255.0,255.0,7862,3441
615,has_validated_parent,6,4,4,24,2,1.841856773920057,0,False,255.0,255.0,7873,3395
616,has_validated_parent,6,4,4,24,2,1.7485420856247034,0,False,255.0,255.0,7851,3456
617,all_generated_rejected_by_residual,6,3,3,6,0,17.378710502621676,0,True,255.0,255.0,8003,3527
618,has_validated_parent,6,4,4,24,2,1.8166626402738981,0,False,255.0,255.0,8047,3547
619,has_validated_parent,6,4,4,24,2,1.5702652811221027,0,False,255.0,255.0,8132,3525
620,has_validated_parent,6,4,4,24,2,1.5931673543730864,0,False,255.0,255.0,8169,3569
621,all_generated_rejected_by_residual,6,3,3,6,0,17.072162858554208,0,True,255.0,255.0,8233,3618
622,has_validated_parent,6,4,4,24,2,1.3691994659704332,0,False,255.0,255.0,8289,3606
623,has_validated_parent,6,4,4,24,2,1.858147886578487,0,False,255.0,255.0,8350,3683
624,all_generated_rejected_by_residual,6,3,3,6,0,17.218193961918015,0,True,255.0,255.0,8443,3678
625,has_validated_parent,6,4,4,24,2,1.4657156057737086,0,False,255.0,255.0,8480,3673
626,has_validated_parent,6,4,4,24,2,1.6275564837441177,0,False,255.0,255.0,8538,3765
627,has_validated_parent,6,4,4,24,2,4.372428618522442,0,False,255.0,255.0,8559,3747
628,has_validated_parent,6,4,4,24,2,1.5713924777214434,0,False,255.0,255.0,8648,3785
629,has_validated_parent,6,4,4,24,2,1.5859872462131326,0,False,255.0,255.0,8629,3769
630,has_validated_parent,6,4,4,24,2,1.5206274035453669,0,False,255.0,255.0,8672,3796
631,all_generated_rejected_by_residual,6,3,3,6,0,16.892203864881246,0,True,255.0,255.0,8645,3787
632,has_validated_parent,6,4,4,24,2,1.8064421221603457,0,False,255.0,255.0,8676,3807
633,has_validated_parent,6,4,4,24,2,4.935763785206883,0,False,255.0,255.0,8735,3810
634,has_validated_parent,6,4,4,24,2,1.8712754562358445,0,False,255.0,255.0,8743,3791
635,all_generated_rejected_by_residual,6,3,3,6,0,16.1394859914131,0,True,255.0,255.0,8773,3837
636,has_validated_parent,6,4,4,24,2,3.789899623870989,0,False,255.0,255.0,8789,3823
637,has_validated_parent,6,4,4,24,2,1.5130300642837409,0,False,255.0,255.0,8819,3836
638,has_validated_parent,6,4,4,24,2,1.4311810963171439,0,False,255.0,255.0,8817,3845
639,has_validated_parent,6,4,4,24,2,1.6402759841484702,0,False,255.0,255.0,8881,3925
640,all_generated_rejected_by_residual,6,3,3,6,0,16.943267489686814,0,True,255.0,255.0,8891,3979
641,all_generated_rejected_by_residual,6,3,3,6,0,16.651125432474313,0,True,255.0,255.0,8864,3957
642,all_generated_rejected_by_residual,6,3,3,6,0,17.079261094145775,0,True,255.0,255.0,8918,3946
643,all_generated_rejected_by_residual,6,3,3,6,0,16.972943111006938,0,True,255.0,255.0,8777,3862
644,has_validated_parent,6,4,4,24,2,4.973788508655981,0,False,255.0,255.0,8667,3790
645,has_validated_parent,6,4,4,24,2,1.809720674990148,0,False,255.0,255.0,8518,3709
646,has_validated_parent,6,4,4,24,2,1.4676948460736687,0,False,255.0,255.0,8359,3633
647,has_validated_parent,6,4,4,24,2,1.5667948019691638,0,False,255.0,255.0,8272,3607
648,has_validated_parent,6,4,4,24,2,2.9688626744289874,0,False,255.0,255.0,8304,3621
649,has_validated_parent,6,4,4,24,2,1.5163577006738258,0,False,255.0,255.0,8322,3661
650,has_validated_parent,6,4,4,24,2,1.4227664950620935,0,False,255.0,255.0,8301,3638
651,has_validated_parent,6,4,4,24,2,1.5346390883083438,0,False,255.0,255.0,8332,3663
652,has_validated_parent,6,4,4,24,2,1.6780349899032787,0,False,255.0,255.0,8334,3716
653,has_validated_parent,6,4,4,24,2,1.6096084676682132,0,False,255.0,255.0,8402,3659
654,has_validated_parent,6,4,4,24,2,1.667254669699872,0,False,255.0,255.0,8293,3646
655,has_validated_parent,6,4,4,24,2,1.577272537948751,0,False,255.0,255.0,8291,3635
656,has_validated_parent,6,4,4,24,2,1.5965956242654649,0,False,255.0,255.0,8199,3636
657,has_validated_parent,6,4,4,24,2,1.7054060221228502,0,False,255.0,255.0,8190,3605
658,has_validated_parent,6,4,4,24,2,1.5705033269725182,0,False,255.0,255.0,8308,3657
659,has_validated_parent,6,4,4,24,2,1.736822179530531,0,False,255.0,255.0,8337,3658
660,has_validated_parent,6,4,4,24,2,1.4976843817990881,0,False,255.0,255.0,8917,3934
661,has_validated_parent,6,4,4,24,2,1.6037589945719173,0,False,255.0,255.0,9439,4185
662,all_generated_rejected_by_residual,6,3,3,6,0,15.71255675086483,0,True,255.0,255.0,9013,3907
663,all_generated_rejected_by_residual,6,4,4,24,0,5.679177227214297,1,True,255.0,255.0,8661,3729
664,has_validated_parent,6,4,4,24,2,1.4674350369994265,0,False,255.0,255.0,8369,3593
665,has_validated_parent,6,4,4,24,2,2.450089650837498,0,False,255.0,255.0,8448,3623
666,all_generated_rejected_by_residual,6,3,3,6,0,17.45152465574372,0,True,255.0,255.0,8734,3809
667,has_validated_parent,6,4,4,24,2,1.9152616744899058,0,False,255.0,255.0,9031,3969
668,all_generated_rejected_by_residual,6,3,3,6,0,17.496546157736578,0,True,255.0,255.0,8912,3925
669,all_generated_rejected_by_residual,6,4,4,24,0,5.082232501424515,1,True,255.0,255.0,8836,3883
670,has_validated_parent,6,4,4,24,2,1.7226281818475275,0,False,255.0,255.0,9002,3928
671,has_validated_parent,6,4,4,24,2,4.954408535459037,0,False,255.0,255.0,9079,3943
672,has_validated_parent,6,4,4,24,2,1.8012733962014693,0,False,255.0,255.0,9207,4008
673,all_generated_rejected_by_residual,6,4,4,24,0,5.049200746613453,1,True,255.0,255.0,8993,3936
674,has_validated_parent,6,4,4,24,2,1.471460322494168,0,False,255.0,255.0,9183,3999
675,all_generated_rejected_by_residual,6,3,3,6,0,17.32978744728541,0,True,255.0,255.0,9073,4001
676,all_generated_rejected_by_residual,6,3,3,6,0,17.456158164096713,0,True,255.0,255.0,9246,4043
677,has_validated_parent,6,4,4,24,2,1.6042318690813948,0,False,255.0,255.0,9135,3991
678,fewer_than_three_L_observations,6,2,2,0,0,,0,True,255.0,255.0,9196,3998
679,all_generated_rejected_by_residual,6,3,3,6,0,17.44669260571555,0,True,255.0,255.0,8972,3917
680,all_generated_rejected_by_residual,6,3,3,6,0,17.86623518760612,0,True,255.0,255.0,8554,3709
681,has_validated_parent,6,4,4,24,2,1.726746762787964,0,False,255.0,255.0,8374,3670
682,has_validated_parent,6,4,4,24,2,1.6755226123885258,0,False,255.0,255.0,8563,3719
683,all_generated_rejected_by_residual,6,3,3,6,0,16.680600418171196,0,True,255.0,255.0,9024,3945
684,all_generated_rejected_by_residual,6,3,3,6,0,17.597767455860374,0,True,255.0,255.0,9060,3993
685,all_generated_rejected_by_residual,6,4,4,24,0,5.915239004534986,1,True,255.0,255.0,9096,4018
686,has_validated_parent,6,4,4,24,2,1.9921681009076302,0,False,255.0,255.0,9112,4011
687,all_generated_rejected_by_residual,6,3,3,6,0,16.082886195907182,0,True,255.0,255.0,9208,4003
688,all_generated_rejected_by_residual,6,4,4,24,0,5.592864206688329,2,True,255.0,255.0,9235,3960
689,has_validated_parent,6,4,4,24,2,1.7765697568436236,0,False,255.0,255.0,9262,4025
690,all_generated_rejected_by_residual,6,4,4,24,0,6.036779340814383,2,True,255.0,255.0,9298,4044
691,has_validated_parent,6,4,4,24,2,4.7916298869297345,0,False,255.0,255.0,9278,4054
692,all_generated_rejected_by_residual,6,4,4,24,0,5.352713814266774,3,True,255.0,255.0,9245,4037
693,has_validated_parent,6,4,4,24,2,1.689192368477441,0,False,255.0,255.0,9169,3997
694,has_validated_parent,6,4,4,24,2,2.021275541612219,0,False,255.0,255.0,9125,3987
695,has_validated_parent,6,4,4,24,2,1.7446773777474442,0,False,255.0,255.0,9148,4012
696,has_validated_parent,6,4,4,24,2,1.7285811568533902,0,False,255.0,255.0,9100,3957
697,has_validated_parent,6,4,4,24,2,1.6532599970282975,0,False,255.0,255.0,8924,3898
698,all_generated_rejected_by_residual,6,3,3,6,0,17.364503303033768,0,True,255.0,255.0,8691,3808
699,has_validated_parent,6,4,4,24,2,1.5352073431249664,0,False,255.0,255.0,8562,3741
700,has_validated_parent,6,4,4,24,2,3.4759881050507437,0,False,255.0,255.0,8483,3657
701,has_validated_parent,6,4,4,24,2,3.05982882678139,0,False,255.0,255.0,8419,3628
702,has_validated_parent,6,4,4,24,2,1.4906243508461252,0,False,255.0,255.0,8421,3664
703,has_validated_parent,6,4,4,24,2,1.7623877606325307,0,False,255.0,255.0,8395,3603
704,has_validated_parent,6,4,4,24,2,1.6922916262363177,0,False,255.0,255.0,8401,3612
705,has_validated_parent,6,4,4,24,2,1.7745042254009908,0,False,255.0,255.0,8410,3616
706,has_validated_parent,6,4,4,24,2,3.822143347123921,0,False,255.0,255.0,8390,3625
707,has_validated_parent,6,4,4,24,2,1.5520944984594547,0,False,255.0,255.0,8363,3603
708,has_validated_parent,6,4,4,24,2,1.6676046554379769,0,False,255.0,255.0,8334,3625
709,has_validated_parent,6,4,4,24,2,3.8632708293435383,0,False,255.0,255.0,8436,3638
710,has_validated_parent,6,4,4,24,2,1.4606380066663578,0,False,255.0,255.0,8403,3617
711,has_validated_parent,6,4,4,24,2,1.8395703235698295,0,False,255.0,255.0,8372,3654
712,has_validated_parent,6,4,4,24,2,1.9534875628664892,0,False,255.0,255.0,8349,3636
713,has_validated_parent,6,4,4,24,2,1.6460794753625294,0,False,255.0,255.0,8456,3660
714,has_validated_parent,6,4,4,24,2,1.4865204495490065,0,False,255.0,255.0,8449,3670
715,all_generated_rejected_by_residual,6,4,4,24,0,5.424691336759516,1,True,255.0,255.0,8532,3676
716,has_validated_parent,6,4,4,24,2,1.7005420229131072,0,False,255.0,255.0,8558,3718
717,all_generated_rejected_by_residual,6,3,3,6,0,17.31087389969401,0,True,255.0,255.0,8442,3614
718,has_validated_parent,6,4,4,24,2,1.6715802425105213,0,False,255.0,255.0,8513,3687
719,has_validated_parent,6,4,4,24,2,1.6968560000659296,0,False,255.0,255.0,8383,3623
720,all_generated_rejected_by_residual,6,3,3,6,0,17.382042475251563,0,True,255.0,255.0,8417,3649
721,has_validated_parent,6,4,4,24,2,1.7369975813299128,0,False,255.0,255.0,8494,3669
722,has_validated_parent,6,4,4,24,2,4.40964940545862,0,False,255.0,255.0,8452,3664
723,has_validated_parent,6,4,4,24,2,1.8471554832165733,0,False,255.0,255.0,8506,3679
724,all_generated_rejected_by_residual,6,3,3,6,0,17.718052934078234,0,True,255.0,255.0,8452,3675
725,has_validated_parent,6,4,4,24,2,1.6649846100213825,0,False,255.0,255.0,8439,3683
726,all_generated_rejected_by_residual,6,3,3,6,0,17.736788088198875,0,True,255.0,255.0,8416,3657
727,all_generated_rejected_by_residual,6,3,3,6,0,17.462836547234946,0,True,255.0,255.0,8426,3686
728,has_validated_parent,6,4,4,24,2,2.2781064373054085,0,False,255.0,255.0,8436,3658
729,has_validated_parent,6,4,4,24,2,1.551172046989695,0,False,255.0,255.0,8465,3654
730,has_validated_parent,6,4,4,24,2,1.5718616865100117,0,False,255.0,255.0,8491,3664
731,has_validated_parent,6,4,4,24,2,1.595792259470109,0,False,255.0,255.0,8443,3673
732,has_validated_parent,6,4,4,24,2,1.5526325765351974,0,False,255.0,255.0,8422,3645
733,has_validated_parent,6,4,4,24,2,4.5763160721252865,0,False,255.0,255.0,8408,3628
734,has_validated_parent,6,4,4,24,2,1.5540895598384115,0,False,255.0,255.0,8416,3656
735,has_validated_parent,6,4,4,24,2,1.8906389931349068,0,False,255.0,255.0,8428,3646
736,has_validated_parent,6,4,4,24,2,1.5606669873165877,0,False,255.0,255.0,8394,3631
737,all_generated_rejected_by_residual,6,4,4,24,0,5.9834860797445435,1,True,255.0,255.0,8401,3620
738,has_validated_parent,6,4,4,24,2,1.5101573884459187,0,False,255.0,255.0,8410,3647
739,has_validated_parent,6,4,4,24,2,1.607718407503392,0,False,255.0,255.0,8399,3641
740,has_validated_parent,6,4,4,24,2,1.784450664309612,0,False,255.0,255.0,8399,3639
741,has_validated_parent,6,4,4,24,2,1.5889447229367526,0,False,255.0,255.0,8387,3617
742,has_validated_parent,6,4,4,24,2,1.7448981814516824,0,False,255.0,255.0,8403,3614
743,all_generated_rejected_by_residual,6,4,4,24,0,5.17621049845473,1,True,255.0,255.0,8368,3591
744,has_validated_parent,6,4,4,24,2,1.7257880699293289,0,False,255.0,255.0,8385,3611
745,has_validated_parent,6,4,4,24,2,1.5447538822425801,0,False,255.0,255.0,8397,3639
746,has_validated_parent,6,4,4,24,2,4.521391416494838,0,False,255.0,255.0,8359,3633
747,has_validated_parent,6,4,4,24,2,1.700870522635377,0,False,255.0,255.0,8392,3608
748,has_validated_parent,6,4,4,24,2,1.567716490321691,0,False,255.0,255.0,8368,3592
749,has_validated_parent,6,4,4,24,2,1.5724080189344634,0,False,255.0,255.0,8362,3597
750,has_validated_parent,6,4,4,24,2,1.4802094520216091,0,False,255.0,255.0,8379,3602
751,has_validated_parent,6,4,4,24,2,4.488956764884209,0,False,255.0,255.0,8367,3647
752,has_validated_parent,6,4,4,24,2,4.791585755288754,0,False,255.0,255.0,8383,3641
753,has_validated_parent,6,4,4,24,2,1.5058090283873262,0,False,255.0,255.0,8520,3685
754,has_validated_parent,6,4,4,24,2,1.8413307353894623,0,False,255.0,255.0,8582,3707
755,has_validated_parent,6,4,4,24,2,1.709869714895138,0,False,255.0,255.0,8656,3758
756,has_validated_parent,6,4,4,24,2,1.47365511429289,0,False,255.0,255.0,8715,3770
757,has_validated_parent,6,4,4,24,2,1.756356394060421,0,False,255.0,255.0,8735,3803
758,has_validated_parent,6,4,4,24,2,1.3974706507617987,0,False,255.0,255.0,8806,3827
759,has_validated_parent,6,4,4,24,2,1.3480120298698133,0,False,255.0,255.0,8853,3841
760,all_generated_rejected_by_residual,6,3,3,6,0,17.425891422849947,0,True,255.0,255.0,8907,3893
761,fewer_than_three_L_observations,6,2,2,0,0,,0,True,255.0,255.0,8996,3924
762,has_validated_parent,6,4,4,24,2,1.565290140017927,0,False,255.0,255.0,9058,3954
763,has_validated_parent,6,4,4,24,2,1.5389474021704304,0,False,255.0,255.0,9149,4021
764,all_generated_rejected_by_residual,6,3,3,6,0,17.432270495740912,0,True,255.0,255.0,9168,3981
765,all_generated_rejected_by_residual,6,3,3,6,0,17.35415924698138,0,True,255.0,255.0,9190,3988
766,has_validated_parent,6,4,4,24,2,3.1290164505552855,0,False,255.0,255.0,9141,3991
767,fewer_than_three_L_observations,6,2,2,0,0,,0,True,255.0,255.0,9144,4000
768,has_validated_parent,6,4,4,24,2,1.7316384405046625,0,False,255.0,255.0,9139,3996
769,has_validated_parent,6,4,4,24,2,1.5264754026489278,0,False,255.0,255.0,9159,4032
770,has_validated_parent,6,4,4,24,2,1.5854632903122685,0,False,255.0,255.0,9110,3989
771,all_generated_rejected_by_residual,6,4,4,24,0,5.5489712482117275,3,True,255.0,255.0,9173,4015
772,has_validated_parent,6,4,4,24,2,4.165291136842148,0,False,255.0,255.0,9176,4003
773,has_validated_parent,6,4,4,24,2,1.3706509136972127,0,False,255.0,255.0,9159,3998
774,has_validated_parent,6,4,4,24,2,3.252056884603496,0,False,255.0,255.0,9154,3999
775,has_validated_parent,6,4,4,24,2,1.7807889166763822,0,False,255.0,255.0,9151,4007
776,all_generated_rejected_by_residual,6,3,3,6,0,17.284327385121827,0,True,255.0,255.0,9134,4000
777,all_generated_rejected_by_residual,6,4,4,24,0,5.2966209004797085,1,True,255.0,255.0,9177,4015
778,all_generated_rejected_by_residual,6,4,4,24,0,5.069403480234844,1,True,255.0,255.0,9130,3974
779,has_validated_parent,6,4,4,24,2,1.2875327461921071,0,False,255.0,255.0,9121,3977
780,all_generated_rejected_by_residual,6,3,3,6,0,17.83315382817912,0,True,255.0,255.0,9049,3970
781,all_generated_rejected_by_residual,6,3,3,6,0,17.47286588106173,0,True,255.0,255.0,9070,3981
782,has_validated_parent,6,4,4,24,2,1.7320672315435726,0,False,255.0,255.0,9055,3971
783,has_validated_parent,6,4,4,24,2,3.095382073808718,0,False,255.0,255.0,9116,3972
784,all_generated_rejected_by_residual,6,4,4,24,0,5.0586302532560365,1,True,255.0,255.0,9130,3971
785,all_generated_rejected_by_residual,6,3,3,6,0,17.76614942032295,0,True,255.0,255.0,9129,3992
786,has_validated_parent,6,4,4,24,2,1.3878170571190147,0,False,255.0,255.0,9142,3988
787,has_validated_parent,6,4,4,24,2,1.5936656083959295,0,False,255.0,255.0,9088,3973
788,fewer_than_three_L_observations,6,2,2,0,0,,0,True,255.0,255.0,9070,3979
789,has_validated_parent,6,4,4,24,2,1.839584433325264,0,False,255.0,255.0,9041,3959
790,all_generated_rejected_by_residual,6,3,3,6,0,17.7586670464467,0,True,255.0,255.0,8971,3900
791,has_validated_parent,6,4,4,24,2,1.7666480685727057,0,False,255.0,255.0,8956,3885
792,all_generated_rejected_by_residual,6,3,3,6,0,17.743877701022516,0,True,255.0,255.0,8899,3897
793,has_validated_parent,6,4,4,24,2,2.6777809615806434,0,False,255.0,255.0,8854,3872
794,has_validated_parent,6,4,4,24,2,1.6424512115642669,0,False,255.0,255.0,8844,3918
795,has_validated_parent,6,4,4,24,2,1.7704080917533374,0,False,255.0,255.0,8767,3862
796,has_validated_parent,6,4,4,24,2,1.6002782303502918,0,False,255.0,255.0,8722,3838
797,has_validated_parent,6,4,4,24,2,1.6363800128837591,0,False,255.0,255.0,8731,3809
798,has_validated_parent,6,4,4,24,2,2.0307985924780065,0,False,255.0,255.0,8690,3791
799,all_generated_rejected_by_residual,6,3,3,6,0,17.85323657082293,0,True,255.0,255.0,8700,3772
800,fewer_than_three_L_observations,6,2,2,0,0,,0,True,255.0,255.0,8631,3734
801,has_validated_parent,6,4,4,24,2,3.640449329298305,0,False,255.0,255.0,8398,3665
802,has_validated_parent,6,4,4,24,2,3.597129356044178,0,False,255.0,255.0,7569,3297
803,all_generated_rejected_by_residual,6,3,3,6,0,16.624692114116,0,False,255.0,255.0,6721,2926
804,fewer_than_three_L_observations,6,1,1,0,0,,0,False,255.0,255.0,6014,2605
805,fewer_than_three_L_observations,6,2,2,0,0,,0,False,255.0,255.0,5689,2476
806,fewer_than_three_L_observations,6,2,2,0,0,,0,False,255.0,255.0,5508,2408
807,fewer_than_three_L_observations,6,2,2,0,0,,0,False,255.0,255.0,5306,2315
808,fewer_than_three_L_observations,6,1,1,0,0,,0,False,255.0,255.0,5091,2227
809,fewer_than_three_L_observations,6,2,2,0,0,,0,False,255.0,255.0,4929,2161
810,fewer_than_three_L_observations,6,2,2,0,0,,0,False,255.0,255.0,4766,2104
811,fewer_than_three_L_observations,6,1,1,0,0,,0,False,255.0,255.0,4636,2015
812,fewer_than_three_L_observations,6,2,2,0,0,,0,False,255.0,255.0,4532,1998
813,fewer_than_three_L_observations,6,1,1,0,0,,0,False,255.0,255.0,4390,1913
814,fewer_than_three_L_observations,6,2,2,0,0,,0,False,255.0,255.0,4316,1894
815,fewer_than_three_L_observations,6,2,2,0,0,,0,False,255.0,255.0,4191,1832
816,fewer_than_three_L_observations,6,2,2,0,0,,0,False,255.0,255.0,4107,1812
817,fewer_than_three_L_observations,6,2,2,0,0,,0,False,255.0,255.0,4030,1768
818,fewer_than_three_L_observations,6,2,2,0,0,,0,False,255.0,255.0,3952,1711
819,fewer_than_three_L_observations,5,2,2,0,0,,0,False,255.0,255.0,3893,1710
820,fewer_than_three_L_observations,5,2,2,0,0,,0,False,255.0,255.0,3861,1687
821,fewer_than_three_L_observations,5,2,2,0,0,,0,False,255.0,255.0,3839,1677
822,fewer_than_three_L_observations,4,2,2,0,0,,0,False,255.0,255.0,3839,1649
823,fewer_than_three_L_observations,4,2,2,0,0,,0,False,255.0,255.0,3790,1666
824,fewer_than_three_L_observations,4,2,2,0,0,,0,False,255.0,255.0,3803,1672
825,fewer_than_three_L_observations,4,2,2,0,0,,0,False,255.0,255.0,3802,1676
826,fewer_than_three_L_observations,4,2,2,0,0,,0,False,255.0,255.0,3806,1656
827,fewer_than_three_L_observations,4,2,2,0,0,,0,False,255.0,255.0,3808,1648
828,fewer_than_three_L_observations,4,2,2,0,0,,0,False,255.0,255.0,3818,1650
829,fewer_than_three_L_observations,4,2,2,0,0,,0,False,255.0,255.0,3795,1656
830,fewer_than_three_L_observations,4,2,2,0,0,,0,False,255.0,255.0,3790,1666
831,fewer_than_three_L_observations,4,2,2,0,0,,0,False,255.0,255.0,3800,1669
832,fewer_than_three_L_observations,4,2,2,0,0,,0,False,255.0,255.0,3816,1661
833,fewer_than_three_L_observations,4,2,2,0,0,,0,False,255.0,255.0,3795,1664
834,fewer_than_three_L_observations,4,2,2,0,0,,0,False,255.0,255.0,3792,1658
835,fewer_than_three_L_observations,4,2,2,0,0,,0,False,255.0,255.0,3788,1657
836,fewer_than_three_L_observations,4,2,2,0,0,,0,False,255.0,255.0,3780,1662
837,fewer_than_three_L_observations,4,2,2,0,0,,0,False,255.0,255.0,3789,1666
838,fewer_than_three_L_observations,4,2,2,0,0,,0,False,255.0,255.0,3792,1665
839,fewer_than_three_L_observations,4,2,2,0,0,,0,False,255.0,255.0,3791,1665
840,fewer_than_three_L_observations,4,2,2,0,0,,0,False,255.0,255.0,3795,1670
841,fewer_than_three_L_observations,4,2,2,0,0,,0,False,255.0,255.0,3796,1669
842,fewer_than_three_L_observations,4,2,2,0,0,,0,False,255.0,255.0,3793,1670
843,fewer_than_three_L_observations,4,2,2,0,0,,0,False,255.0,255.0,3789,1667
844,fewer_than_three_L_observations,4,2,2,0,0,,0,False,255.0,255.0,3793,1664
845,fewer_than_three_L_observations,4,2,2,0,0,,0,False,255.0,255.0,3784,1659
846,fewer_than_three_L_observations,4,2,2,0,0,,0,False,255.0,255.0,3784,1661
847,fewer_than_three_L_observations,4,2,2,0,0,,0,False,255.0,255.0,3795,1661
848,fewer_than_three_L_observations,4,2,2,0,0,,0,False,255.0,255.0,3797,1662
849,fewer_than_three_L_observations,4,2,2,0,0,,0,False,255.0,255.0,3795,1662
850,fewer_than_three_L_observations,4,2,2,0,0,,0,False,255.0,255.0,3797,1662
851,fewer_than_three_L_observations,4,2,2,0,0,,0,False,255.0,255.0,3797,1662
852,fewer_than_three_L_observations,4,2,2,0,0,,0,False,255.0,255.0,3797,1662
853,fewer_than_three_L_observations,4,2,2,0,0,,0,False,255.0,255.0,3800,1664
854,fewer_than_three_L_observations,4,2,2,0,0,,0,False,255.0,255.0,3795,1670
855,fewer_than_three_L_observations,4,2,2,0,0,,0,False,255.0,255.0,3798,1663
856,fewer_than_three_L_observations,4,2,2,0,0,,0,False,255.0,255.0,3786,1665
857,fewer_than_three_L_observations,4,2,2,0,0,,0,False,255.0,255.0,3827,1653
858,fewer_than_three_L_observations,4,2,2,0,0,,0,False,255.0,255.0,3870,1683
859,fewer_than_three_L_observations,4,1,1,0,0,,0,False,255.0,255.0,3898,1700
860,fewer_than_three_L_observations,4,1,1,0,0,,0,False,255.0,255.0,3950,1728
861,fewer_than_three_L_observations,4,2,2,0,0,,0,False,255.0,255.0,3948,1713
862,fewer_than_three_L_observations,4,2,2,0,0,,0,False,255.0,255.0,3922,1698
863,fewer_than_three_L_observations,4,2,2,0,0,,0,False,255.0,255.0,3749,1647
864,fewer_than_three_L_observations,4,2,2,0,0,,0,False,255.0,255.0,3423,1489
865,fewer_than_three_L_observations,3,2,2,0,0,,0,False,255.0,255.0,3128,1380
866,fewer_than_three_L_observations,3,2,2,0,0,,0,False,255.0,255.0,2961,1310
867,fewer_than_three_L_observations,3,1,1,0,0,,0,False,255.0,255.0,2636,1156
868,fewer_than_three_L_observations,3,0,0,0,0,,0,False,255.0,255.0,1553,686
869,fewer_than_three_L_observations,2,0,0,0,0,,0,False,255.0,254.0,165,70
870,no_white_components,0,0,0,0,0,,0,False,150.0,145.0,0,0
871,no_white_components,0,0,0,0,0,,0,False,145.0,140.0,0,0
872,no_white_components,0,0,0,0,0,,0,False,143.0,142.0,0,0
873,no_white_components,0,0,0,0,0,,0,False,137.0,136.0,0,0
874,no_white_components,0,0,0,0,0,,0,False,138.0,137.0,0,0
875,no_white_components,0,0,0,0,0,,0,False,137.0,136.0,0,0
876,no_white_components,0,0,0,0,0,,0,False,136.0,133.0,0,0
877,no_white_components,0,0,0,0,0,,0,False,136.0,133.0,0,0
878,no_white_components,0,0,0,0,0,,0,False,136.0,132.0,0,0
879,no_white_components,0,0,0,0,0,,0,False,136.0,132.0,0,0
880,no_white_components,0,0,0,0,0,,0,False,136.0,130.0,0,0
881,no_white_components,0,0,0,0,0,,0,False,136.0,130.0,0,0
882,no_white_components,0,0,0,0,0,,0,False,136.0,130.0,0,0
883,no_white_components,0,0,0,0,0,,0,False,136.0,130.0,0,0
884,no_white_components,0,0,0,0,0,,0,False,133.0,127.0,0,0
885,no_white_components,0,0,0,0,0,,0,False,136.0,128.0,0,0
886,no_white_components,0,0,0,0,0,,0,False,133.0,127.0,0,0
887,no_white_components,0,0,0,0,0,,0,False,136.0,129.0,0,0
888,no_white_components,0,0,0,0,0,,0,False,136.0,129.0,0,0
889,no_white_components,0,0,0,0,0,,0,False,136.0,129.0,0,0
890,no_white_components,0,0,0,0,0,,0,False,136.0,129.0,0,0
891,no_white_components,0,0,0,0,0,,0,False,136.0,129.0,0,0
892,no_white_components,0,0,0,0,0,,0,False,136.0,129.0,0,0
893,no_white_components,0,0,0,0,0,,0,False,136.0,129.0,0,0
894,no_white_components,0,0,0,0,0,,0,False,136.0,129.0,0,0
895,no_white_components,0,0,0,0,0,,0,False,134.0,130.0,0,0
896,no_white_components,0,0,0,0,0,,0,False,134.0,129.0,0,0
897,no_white_components,0,0,0,0,0,,0,False,135.0,129.0,0,0
898,no_white_components,0,0,0,0,0,,0,False,135.0,130.0,0,0
899,no_white_components,0,0,0,0,0,,0,False,136.0,130.0,0,0
900,no_white_components,0,0,0,0,0,,0,False,136.0,130.0,0,0
901,no_white_components,0,0,0,0,0,,0,False,136.0,130.0,0,0
902,no_white_components,0,0,0,0,0,,0,False,136.0,130.0,0,0
903,no_white_components,0,0,0,0,0,,0,False,136.0,130.0,0,0
904,no_white_components,0,0,0,0,0,,0,False,135.0,130.0,0,0
905,no_white_components,0,0,0,0,0,,0,False,135.0,130.0,0,0
906,no_white_components,0,0,0,0,0,,0,False,135.0,130.0,0,0
907,no_white_components,0,0,0,0,0,,0,False,135.0,130.0,0,0
908,no_white_components,0,0,0,0,0,,0,False,136.0,131.0,0,0
909,no_white_components,0,0,0,0,0,,0,False,136.0,131.0,0,0
910,no_white_components,0,0,0,0,0,,0,False,136.0,129.0,0,0
911,no_white_components,0,0,0,0,0,,0,False,136.0,129.0,0,0
912,no_white_components,0,0,0,0,0,,0,False,136.0,129.0,0,0
913,no_white_components,0,0,0,0,0,,0,False,136.0,129.0,0,0
914,no_white_components,0,0,0,0,0,,0,False,136.0,130.0,0,0
915,no_white_components,0,0,0,0,0,,0,False,137.0,130.0,0,0
916,no_white_components,0,0,0,0,0,,0,False,135.0,129.0,0,0
917,no_white_components,0,0,0,0,0,,0,False,135.0,129.0,0,0
918,no_white_components,0,0,0,0,0,,0,False,135.0,129.0,0,0
919,no_white_components,0,0,0,0,0,,0,False,134.0,128.0,0,0
920,no_white_components,0,0,0,0,0,,0,False,135.0,129.0,0,0
921,no_white_components,0,0,0,0,0,,0,False,135.0,129.0,0,0
922,no_white_components,0,0,0,0,0,,0,False,135.0,128.0,0,0
923,no_white_components,0,0,0,0,0,,0,False,135.0,128.0,0,0
924,no_white_components,0,0,0,0,0,,0,False,136.0,128.0,0,0
925,no_white_components,0,0,0,0,0,,0,False,135.0,128.0,0,0
926,no_white_components,0,0,0,0,0,,0,False,132.0,128.0,0,0
927,no_white_components,0,0,0,0,0,,0,False,134.0,129.0,0,0
928,no_white_components,0,0,0,0,0,,0,False,134.0,129.0,0,0
929,no_white_components,0,0,0,0,0,,0,False,135.0,129.0,0,0
930,no_white_components,0,0,0,0,0,,0,False,136.0,129.0,0,0
931,no_white_components,0,0,0,0,0,,0,False,134.0,128.0,0,0
932,no_white_components,0,0,0,0,0,,0,False,134.0,128.0,0,0
933,no_white_components,0,0,0,0,0,,0,False,134.0,128.0,0,0
934,no_white_components,0,0,0,0,0,,0,False,134.0,127.0,0,0
935,no_white_components,0,0,0,0,0,,0,False,134.0,127.0,0,0
936,no_white_components,0,0,0,0,0,,0,False,134.0,127.0,0,0
937,no_white_components,0,0,0,0,0,,0,False,134.0,128.0,0,0
938,no_white_components,0,0,0,0,0,,0,False,134.0,128.0,0,0
939,no_white_components,0,0,0,0,0,,0,False,137.0,130.0,0,0
940,no_white_components,0,0,0,0,0,,0,False,137.0,130.0,0,0
941,no_white_components,0,0,0,0,0,,0,False,137.0,128.0,0,0
942,no_white_components,0,0,0,0,0,,0,False,137.0,128.0,0,0
943,no_white_components,0,0,0,0,0,,0,False,139.0,130.0,0,0
944,no_white_components,0,0,0,0,0,,0,False,136.0,129.0,0,0
945,no_white_components,0,0,0,0,0,,0,False,136.0,131.0,0,0
946,no_white_components,0,0,0,0,0,,0,False,136.0,135.0,0,0
947,no_white_components,0,0,0,0,0,,0,False,142.0,138.0,0,0
948,no_white_components,0,0,0,0,0,,0,False,142.0,138.0,0,0
949,no_white_components,0,0,0,0,0,,0,False,137.0,135.0,0,0
950,no_white_components,0,0,0,0,0,,0,False,142.0,138.0,0,0
951,no_white_components,0,0,0,0,0,,0,False,144.0,142.0,0,0
952,no_white_components,0,0,0,0,0,,0,False,144.0,143.0,0,0
953,no_white_components,0,0,0,0,0,,0,False,146.0,143.0,0,0
954,fewer_than_three_L_observations,3,0,0,0,0,,0,False,229.0,218.0,17,6
955,fewer_than_three_L_observations,3,0,0,0,0,,0,False,255.0,255.0,1101,471
956,fewer_than_three_L_observations,3,0,0,0,0,,0,False,255.0,255.0,2423,1051
957,fewer_than_three_L_observations,3,2,2,0,0,,0,False,255.0,255.0,2901,1262
958,fewer_than_three_L_observations,3,2,2,0,0,,0,False,255.0,255.0,3082,1342
959,fewer_than_three_L_observations,4,2,2,0,0,,0,False,255.0,255.0,3369,1477
960,fewer_than_three_L_observations,4,2,2,0,0,,0,False,255.0,255.0,3823,1677
961,fewer_than_three_L_observations,4,2,2,0,0,,0,False,255.0,255.0,3989,1780
962,fewer_than_three_L_observations,4,1,1,0,0,,0,False,255.0,255.0,4011,1786
963,fewer_than_three_L_observations,4,2,2,0,0,,0,False,255.0,255.0,4063,1782
964,fewer_than_three_L_observations,4,2,2,0,0,,0,False,255.0,255.0,4051,1777
965,fewer_than_three_L_observations,5,2,2,0,0,,0,False,255.0,255.0,4165,1819
966,fewer_than_three_L_observations,6,2,2,0,0,,0,False,255.0,255.0,4577,2018
967,fewer_than_three_L_observations,6,1,1,0,0,,0,False,255.0,255.0,5000,2206
968,fewer_than_three_L_observations,6,1,1,0,0,,0,False,255.0,255.0,5432,2381
969,fewer_than_three_L_observations,6,2,2,0,0,,0,False,255.0,255.0,5923,2571
970,fewer_than_three_L_observations,6,2,2,0,0,,0,False,255.0,255.0,7074,3083
971,all_generated_rejected_by_residual,6,3,3,6,0,17.46970481489055,0,True,255.0,255.0,8650,3802
972,has_validated_parent,6,4,4,24,2,1.3935502479391264,0,False,255.0,255.0,8994,3953
973,all_generated_rejected_by_residual,6,3,3,6,0,17.62155720666706,0,True,255.0,255.0,9038,3977
974,has_validated_parent,6,4,4,24,2,1.841478398411682,0,False,255.0,255.0,9046,3989
975,has_validated_parent,6,4,4,24,2,3.6462099887118313,0,False,255.0,255.0,9001,3956
976,all_generated_rejected_by_residual,6,4,4,24,0,5.408275554576172,1,True,255.0,255.0,8990,3946
977,has_validated_parent,6,4,4,24,2,1.9304394571528072,0,False,255.0,255.0,9036,3961
978,has_validated_parent,6,4,4,24,2,2.2602673633720265,0,False,255.0,255.0,9080,3969
979,all_generated_rejected_by_residual,6,3,3,6,0,17.87161330740525,0,True,255.0,255.0,9094,3964
980,has_validated_parent,6,4,4,24,2,1.769715001934688,0,False,255.0,255.0,9130,3981
981,has_validated_parent,6,4,4,24,2,1.882963562373095,0,False,255.0,255.0,9125,3979
982,has_validated_parent,6,4,4,24,2,1.8126738264896993,0,False,255.0,255.0,9147,4007
983,fewer_than_three_L_observations,6,2,2,0,0,,0,True,255.0,255.0,9173,4043
984,all_generated_rejected_by_residual,6,3,3,6,0,17.712957500996136,0,True,255.0,255.0,9158,4060
985,has_validated_parent,6,4,4,24,2,1.5775589548663869,0,False,255.0,255.0,9144,4014
986,has_validated_parent,6,4,4,24,2,1.4774352513640467,0,False,255.0,255.0,9149,3999
987,has_validated_parent,6,4,4,24,2,1.6675553948527952,0,False,255.0,255.0,9106,3973
988,has_validated_parent,6,4,4,24,2,2.025055084589407,0,False,255.0,255.0,9129,3985
989,all_generated_rejected_by_residual,6,3,3,6,0,16.577953324798482,0,True,255.0,255.0,9162,3989
990,has_validated_parent,6,4,4,24,2,2.711250816923771,0,False,255.0,255.0,9193,4008
991,has_validated_parent,6,4,4,24,2,3.2158069803254814,0,False,255.0,255.0,9178,4003
992,all_generated_rejected_by_residual,6,4,4,24,0,5.131042226397565,1,True,255.0,255.0,9185,4002
993,all_generated_rejected_by_residual,6,4,4,24,0,5.354096242336428,1,True,255.0,255.0,9236,4035
994,has_validated_parent,6,4,4,24,2,1.5287079686409288,0,False,255.0,255.0,9232,4029
995,has_validated_parent,6,4,4,24,2,1.6306846978393927,0,False,255.0,255.0,9189,4013
996,has_validated_parent,6,4,4,24,2,1.8524774965060222,0,False,255.0,255.0,9211,4040
997,has_validated_parent,6,4,4,24,2,1.5373621765105987,0,False,255.0,255.0,9214,4016
998,has_validated_parent,6,4,4,24,2,1.2950964683399118,0,False,255.0,255.0,9132,4013
999,all_generated_rejected_by_residual,6,3,3,6,0,16.689343567825876,0,True,255.0,255.0,9186,3996
1000,all_generated_rejected_by_residual,6,3,3,6,0,17.54276934514628,0,True,255.0,255.0,9132,3986
1001,all_generated_rejected_by_residual,6,4,4,24,0,5.292352583112022,1,True,255.0,255.0,9170,4002
1002,has_validated_parent,6,4,4,24,2,3.7755302659136896,0,False,255.0,255.0,9234,4051
1003,all_generated_rejected_by_residual,6,3,3,6,0,17.060355327397442,0,True,255.0,255.0,9212,4046
1004,has_validated_parent,6,4,4,24,2,1.4484514931750911,0,False,255.0,255.0,9200,4038
1005,has_validated_parent,6,4,4,24,2,1.366506729961569,0,False,255.0,255.0,9231,4042
1006,has_validated_parent,6,4,4,24,2,3.077013655646523,0,False,255.0,255.0,9172,4005
1007,all_generated_rejected_by_residual,6,3,3,6,0,17.484001840017402,0,True,255.0,255.0,9158,3979
1008,all_generated_rejected_by_residual,6,3,3,6,0,15.968549453206407,0,True,255.0,255.0,9162,3970
1009,has_validated_parent,6,4,4,24,2,1.7383600692231236,0,False,255.0,255.0,9133,4011
1010,has_validated_parent,6,4,4,24,2,1.4448952489428566,0,False,255.0,255.0,9221,4052
1011,has_validated_parent,6,4,4,24,2,1.555401475777708,0,False,255.0,255.0,9221,4052
1012,has_validated_parent,6,4,4,24,2,1.3155598554284718,0,False,255.0,255.0,9185,4027
1013,all_generated_rejected_by_residual,6,3,3,6,0,17.238156517229033,0,True,255.0,255.0,9203,4022
1014,has_validated_parent,6,4,4,24,2,1.5081445417011994,0,False,255.0,255.0,9174,4004
1015,has_validated_parent,6,4,4,24,2,2.799473440837439,0,False,255.0,255.0,9167,3961
1016,all_generated_rejected_by_residual,6,3,3,6,0,16.404488945018485,0,True,255.0,255.0,9164,4003
1017,all_generated_rejected_by_residual,6,4,4,24,0,5.096885773260641,1,True,255.0,255.0,9113,3999
1018,has_validated_parent,6,4,4,24,2,1.454379088038919,0,False,255.0,255.0,9159,4030
1019,has_validated_parent,6,4,4,24,2,1.4346319012945383,0,False,255.0,255.0,9210,4021
1020,has_validated_parent,6,4,4,24,2,1.5158789514020763,0,False,255.0,255.0,9175,4027
1021,has_validated_parent,6,4,4,24,2,1.6439504312190543,0,False,255.0,255.0,9166,3986
1022,all_generated_rejected_by_residual,6,3,3,6,0,17.340622251638592,0,True,255.0,255.0,9160,3986
1023,has_validated_parent,6,4,4,24,2,4.335120059782312,0,False,255.0,255.0,9144,3984
1024,all_generated_rejected_by_residual,6,3,3,6,0,16.089801427666078,0,True,255.0,255.0,9063,3962
1025,all_generated_rejected_by_residual,6,3,3,6,0,17.343370851925126,0,True,255.0,255.0,9126,4008
1026,has_validated_parent,6,4,4,24,2,1.5780022598214407,0,False,255.0,255.0,9098,4012
1027,has_validated_parent,6,4,4,24,2,1.6554526079624623,0,False,255.0,255.0,9122,3993
1028,has_validated_parent,6,4,4,24,2,1.4531276219325349,0,False,255.0,255.0,9120,4005
1029,all_generated_rejected_by_residual,6,3,3,6,0,17.506614291541506,0,True,255.0,255.0,9055,3940
1030,has_validated_parent,6,4,4,24,2,1.4741842543504395,0,False,255.0,255.0,9095,3928
1031,has_validated_parent,6,4,4,24,2,3.2300873943636805,0,False,255.0,255.0,9040,3921
1032,all_generated_rejected_by_residual,6,3,3,6,0,17.161870121672965,0,True,255.0,255.0,9029,3933
1033,has_validated_parent,6,4,4,24,2,1.438573227601914,0,False,255.0,255.0,9055,3994
1034,has_validated_parent,6,4,4,24,2,1.381652309444777,0,False,255.0,255.0,8980,3947
1035,has_validated_parent,6,4,4,24,2,1.6674684474722923,0,False,255.0,255.0,9013,3950
1036,has_validated_parent,6,4,4,24,2,1.506764019422085,0,False,255.0,255.0,8966,3912
1037,has_validated_parent,6,4,4,24,2,3.8230466636909917,0,False,255.0,255.0,8994,3918
1038,all_generated_rejected_by_residual,6,3,3,6,0,17.096786197996455,0,True,255.0,255.0,8952,3938
1039,has_validated_parent,6,4,4,24,2,1.4247483691638363,0,False,255.0,255.0,9009,3953
1040,all_generated_rejected_by_residual,6,3,3,6,0,17.3781806825056,0,True,255.0,255.0,8967,3948
1041,has_validated_parent,6,4,4,24,2,3.394684927012739,0,False,255.0,255.0,8919,3899
1042,has_validated_parent,6,4,4,24,2,1.7204288222091826,0,False,255.0,255.0,8861,3869
1043,all_generated_rejected_by_residual,6,3,3,6,0,17.318879020654254,0,True,255.0,255.0,8895,3851
1044,all_generated_rejected_by_residual,6,4,4,24,0,5.195391058063882,1,True,255.0,255.0,8912,3871
1045,has_validated_parent,6,4,4,24,2,1.7083311814632565,0,False,255.0,255.0,8937,3897
1046,has_validated_parent,6,4,4,24,2,1.5780022598214407,0,False,255.0,255.0,8902,3910
1047,has_validated_parent,6,4,4,24,2,1.670530816276879,0,False,255.0,255.0,8856,3858
1048,has_validated_parent,6,4,4,24,2,2.8479753677210344,0,False,255.0,255.0,8905,3846
1049,all_generated_rejected_by_residual,6,4,4,24,0,5.257679125927704,1,True,255.0,255.0,8842,3828
1050,all_generated_rejected_by_residual,6,4,4,24,0,5.271304961984602,1,True,255.0,255.0,8793,3881
1051,has_validated_parent,6,4,4,24,2,1.706707427161602,0,False,255.0,255.0,8783,3888
1052,has_validated_parent,6,4,4,24,2,1.596514446756325,0,False,255.0,255.0,8801,3870
1053,all_generated_rejected_by_residual,6,3,3,6,0,17.31977145687782,0,True,255.0,255.0,8842,3845
1054,all_generated_rejected_by_residual,6,3,3,6,0,17.06051355690457,0,True,255.0,255.0,8830,3810
1055,all_generated_rejected_by_residual,6,3,3,6,0,17.323062475456904,0,True,255.0,255.0,8814,3811
1056,all_generated_rejected_by_residual,6,3,3,6,0,17.13602798426791,0,True,255.0,255.0,8736,3828
1057,has_validated_parent,6,4,4,24,2,1.642963789258916,0,False,255.0,255.0,8759,3856
1058,has_validated_parent,6,4,4,24,2,1.5151739273951126,0,False,255.0,255.0,8699,3824
1059,has_validated_parent,6,4,4,24,2,1.6659680692756256,0,False,255.0,255.0,8689,3821
1060,has_validated_parent,6,4,4,24,2,4.050440550481683,0,False,255.0,255.0,8665,3780
1061,all_generated_rejected_by_residual,6,3,3,6,0,16.908812999967665,0,True,255.0,255.0,8615,3764
1062,has_validated_parent,6,4,4,24,2,1.5403134575570583,0,False,255.0,255.0,8600,3776
1063,has_validated_parent,6,4,4,24,2,1.5359305971352075,0,False,255.0,255.0,8430,3698
1064,has_validated_parent,6,4,4,24,2,3.322131361208267,0,False,255.0,255.0,8287,3619
1065,has_validated_parent,6,4,4,24,2,1.599458385179978,0,False,255.0,255.0,8200,3561
1066,has_validated_parent,6,4,4,24,2,1.60027073717123,0,False,255.0,255.0,8144,3544
1067,has_validated_parent,6,4,4,24,2,1.4635253127812706,0,False,255.0,255.0,8049,3484
1068,has_validated_parent,6,4,4,24,2,1.7154848009072712,0,False,255.0,255.0,8147,3546
1069,has_validated_parent,6,4,4,24,2,1.6082037981878148,0,False,255.0,255.0,8134,3541
1070,has_validated_parent,6,4,4,24,2,1.407664425635386,0,False,255.0,255.0,8096,3560
1071,has_validated_parent,6,4,4,24,2,3.4689058523413845,0,False,255.0,255.0,8052,3506
1072,has_validated_parent,6,4,4,24,2,1.638775161223914,0,False,255.0,255.0,8049,3530
1073,has_validated_parent,6,4,4,24,2,1.6225042721143137,0,False,255.0,255.0,7980,3436
1074,has_validated_parent,6,4,4,24,2,1.6377029896829403,0,False,255.0,255.0,7943,3426
1075,has_validated_parent,6,4,4,24,2,1.407125022597624,0,False,255.0,255.0,7918,3472
1076,has_validated_parent,6,4,4,24,2,1.4213434638503808,0,False,255.0,255.0,7895,3434
1077,has_validated_parent,6,4,4,24,2,1.5212782324871057,0,False,255.0,255.0,7968,3439
1078,has_validated_parent,6,4,4,24,2,1.7871130990054735,0,False,255.0,255.0,7903,3420
1079,has_validated_parent,6,4,4,24,2,1.534237083180531,0,False,255.0,255.0,7901,3433
1080,has_validated_parent,6,4,4,24,2,1.6758915647834416,0,False,255.0,255.0,7865,3432
1081,has_validated_parent,6,4,4,24,2,1.761040838787211,0,False,255.0,255.0,7825,3391
1082,has_validated_parent,6,4,4,24,2,1.5569438608232133,0,False,255.0,255.0,7808,3418
1083,has_validated_parent,6,4,4,24,2,1.6972949570917415,0,False,255.0,255.0,7787,3399
1084,has_validated_parent,6,4,4,24,2,1.8449748651042468,0,False,255.0,255.0,7884,3397
1085,all_generated_rejected_by_residual,6,3,3,6,0,17.25298407001544,0,True,255.0,255.0,7936,3460
1086,has_validated_parent,6,4,4,24,2,1.5040746356810872,0,False,255.0,255.0,7958,3466
1087,has_validated_parent,6,4,4,24,2,1.552091118090244,0,False,255.0,255.0,8007,3485
1088,has_validated_parent,6,4,4,24,2,1.7601998980228162,0,False,255.0,255.0,8018,3493
1089,has_validated_parent,6,4,4,24,2,4.888569929606966,0,False,255.0,255.0,8086,3554
1090,has_validated_parent,6,4,4,24,2,1.515658102400925,0,False,255.0,255.0,8140,3564
1091,all_generated_rejected_by_residual,6,3,3,6,0,16.816615368335956,0,True,255.0,255.0,8165,3627
1092,has_validated_parent,6,4,4,24,2,1.527908371783696,0,False,255.0,255.0,8282,3644
1093,has_validated_parent,6,4,4,24,2,1.331878228315438,0,False,255.0,255.0,8274,3637
1094,has_validated_parent,6,4,4,24,2,1.7706808084706285,0,False,255.0,255.0,8475,3710
1095,has_validated_parent,6,4,4,24,2,1.5099676056587732,0,False,255.0,255.0,8463,3673
1096,has_validated_parent,6,4,4,24,2,1.3761477721157878,0,False,255.0,255.0,8484,3712
1097,has_validated_parent,6,4,4,24,2,1.8217792476585333,0,False,255.0,255.0,8550,3737
1098,has_validated_parent,6,4,4,24,2,1.4762959233953314,0,False,255.0,255.0,8602,3747
1099,has_validated_parent,6,4,4,24,2,1.4668201100924845,0,False,255.0,255.0,8568,3771
1100,all_generated_rejected_by_residual,6,3,3,6,0,16.908812999967665,0,True,255.0,255.0,8686,3800
1101,all_generated_rejected_by_residual,6,3,3,6,0,16.857662787300242,0,True,255.0,255.0,8677,3807
1102,has_validated_parent,6,4,4,24,2,2.1476910335368427,0,False,255.0,255.0,8669,3815
1103,has_validated_parent,6,4,4,24,2,1.4438324448329733,0,False,255.0,255.0,8761,3842
1104,has_validated_parent,6,4,4,24,2,1.5682523221865274,0,False,255.0,255.0,8676,3808
1105,all_generated_rejected_by_residual,6,3,3,6,0,17.369032384118025,0,True,255.0,255.0,8838,3822
1106,all_generated_rejected_by_residual,6,3,3,6,0,16.658287942906583,0,True,255.0,255.0,8809,3805
1107,has_validated_parent,6,4,4,24,2,1.8902084804388253,0,False,255.0,255.0,8843,3859
1108,all_generated_rejected_by_residual,6,3,3,6,0,16.875579403492765,0,True,255.0,255.0,8777,3848
1109,has_validated_parent,6,4,4,24,2,1.9893587982103986,0,False,255.0,255.0,8765,3901
1110,all_generated_rejected_by_residual,6,4,4,24,0,5.271304961984602,1,True,255.0,255.0,8758,3851
1111,has_validated_parent,6,4,4,24,2,3.29234275304788,0,False,255.0,255.0,8759,3809
1112,all_generated_rejected_by_residual,6,4,4,24,0,5.114968405081393,1,True,255.0,255.0,8866,3842
1113,has_validated_parent,6,4,4,24,2,1.680470371808429,0,False,255.0,255.0,8855,3888
1114,all_generated_rejected_by_residual,6,3,3,6,0,17.22214504913863,0,True,255.0,255.0,8900,3891
1115,has_validated_parent,6,4,4,24,2,1.352348204217744,0,False,255.0,255.0,8923,3879
1116,all_generated_rejected_by_residual,6,3,3,6,0,16.59610644194022,0,True,255.0,255.0,8944,3838
1117,has_validated_parent,6,4,4,24,2,1.3446693190062347,0,False,255.0,255.0,8969,3867
1118,has_validated_parent,6,4,4,24,2,1.6161059962331,0,False,255.0,255.0,8868,3882
1119,has_validated_parent,6,4,4,24,2,1.666686328712595,0,False,255.0,255.0,8930,3924
1120,has_validated_parent,6,4,4,24,2,1.7038107324366238,0,False,255.0,255.0,8960,3927
1121,has_validated_parent,6,4,4,24,2,3.328798434588931,0,False,255.0,255.0,8945,3901
1122,has_validated_parent,6,4,4,24,2,1.5115482815613825,0,False,255.0,255.0,8932,3863
1123,has_validated_parent,6,4,4,24,2,1.6478080996727964,0,False,255.0,255.0,8967,3931
1124,has_validated_parent,6,4,4,24,2,1.6477381590722076,0,False,255.0,255.0,8956,3974
1125,has_validated_parent,6,4,4,24,2,1.5818503566181974,0,False,255.0,255.0,8985,3967
1126,has_validated_parent,6,4,4,24,2,1.5191157407454414,0,False,255.0,255.0,8968,3904
1127,has_validated_parent,6,4,4,24,2,1.5685662231652249,0,False,255.0,255.0,9027,3893
1128,all_generated_rejected_by_residual,6,3,3,6,0,17.299217249870193,0,True,255.0,255.0,9009,3921
1129,all_generated_rejected_by_residual,6,3,3,6,0,17.48945837638347,0,True,255.0,255.0,9050,3956
1130,has_validated_parent,6,4,4,24,2,1.5920353845481976,0,False,255.0,255.0,9022,3942
1131,has_validated_parent,6,4,4,24,2,1.6271674364723925,0,False,255.0,255.0,9058,3950
1132,all_generated_rejected_by_residual,6,3,3,6,0,17.195854122904063,0,True,255.0,255.0,9020,3921
1133,has_validated_parent,6,4,4,24,2,1.2935860787018287,0,False,255.0,255.0,9025,3924
1134,all_generated_rejected_by_residual,6,3,3,6,0,17.011512084825288,0,True,255.0,255.0,9097,3981
1135,has_validated_parent,6,4,4,24,2,1.9026011368735862,0,False,255.0,255.0,9053,3974
1136,all_generated_rejected_by_residual,6,4,4,24,0,5.957077603303353,2,True,255.0,255.0,9142,4002
1137,all_generated_rejected_by_residual,6,4,4,24,0,6.2687595760755785,2,True,255.0,255.0,9045,3952
1138,has_validated_parent,6,4,4,24,2,4.292531157135396,0,False,255.0,255.0,9099,3981
1139,has_validated_parent,6,4,4,24,2,1.2687649673281824,0,False,255.0,255.0,9089,3970
1140,has_validated_parent,6,4,4,24,2,1.4289339483722576,0,False,255.0,255.0,9127,3998
1141,has_validated_parent,6,4,4,24,2,4.8761462481542885,0,False,255.0,255.0,9100,3990
1142,has_validated_parent,6,4,4,24,2,2.74740027417733,0,False,255.0,255.0,9171,4008
1143,all_generated_rejected_by_residual,6,4,4,24,0,5.317141495842705,1,True,255.0,255.0,9138,3981
1144,has_validated_parent,6,4,4,24,2,1.2613826826228285,0,False,255.0,255.0,9121,3986
1145,has_validated_parent,6,4,4,24,2,2.166609662979872,0,False,255.0,255.0,9124,3979
1146,has_validated_parent,6,4,4,24,2,1.7373141267184415,0,False,255.0,255.0,9123,3966
1147,has_validated_parent,6,4,4,24,2,1.601298567961205,0,False,255.0,255.0,9107,3983
1148,has_validated_parent,6,4,4,24,2,1.5111043023647939,0,False,255.0,255.0,9028,3993
1149,all_generated_rejected_by_residual,6,4,4,24,0,5.009217061240679,1,True,255.0,255.0,8747,3824
1150,has_validated_parent,6,4,4,24,2,1.6236633049614693,0,False,255.0,255.0,8630,3780
1151,has_validated_parent,6,4,4,24,2,4.8793176065399315,0,False,255.0,255.0,8543,3720
1152,has_validated_parent,6,4,4,24,2,1.4398778780789758,0,False,255.0,255.0,8536,3686
1153,has_validated_parent,6,4,4,24,2,1.2810772804226862,0,False,255.0,255.0,8463,3648
1154,all_generated_rejected_by_residual,6,4,4,24,0,5.834114529435895,1,True,255.0,255.0,8577,3711
1155,has_validated_parent,6,4,4,24,2,1.8655019701858329,0,False,255.0,255.0,8557,3713
1156,has_validated_parent,6,4,4,24,2,1.7789451310166882,0,False,255.0,255.0,8516,3684
1157,has_validated_parent,6,4,4,24,2,1.921776778031511,0,False,255.0,255.0,8444,3647
1158,has_validated_parent,6,4,4,24,2,3.3844708442178426,0,False,255.0,255.0,8455,3673
1159,has_validated_parent,6,4,4,24,2,1.7368692366621614,0,False,255.0,255.0,8490,3636
1160,all_generated_rejected_by_residual,6,4,4,24,0,5.924382077981062,1,True,255.0,255.0,8449,3642
1161,has_validated_parent,6,4,4,24,2,1.5937178063879822,0,False,255.0,255.0,8450,3620
1162,all_generated_rejected_by_residual,6,3,3,6,0,17.578126301960015,0,True,255.0,255.0,8430,3618
1163,has_validated_parent,6,4,4,24,2,1.6387873111013371,0,False,255.0,255.0,8406,3631
1164,has_validated_parent,6,4,4,24,2,1.5625057760630596,0,False,255.0,255.0,8399,3628
1165,has_validated_parent,6,4,4,24,2,2.3787134419700076,0,False,255.0,255.0,8403,3606
1166,has_validated_parent,6,4,4,24,2,1.6838545052365113,0,False,255.0,255.0,8417,3624
1167,has_validated_parent,6,4,4,24,2,1.7898444216128373,0,False,255.0,255.0,8423,3606
1168,has_validated_parent,6,4,4,24,2,1.7329063916544312,0,False,255.0,255.0,8444,3636
1169,all_generated_rejected_by_residual,6,4,4,24,0,5.9834860797445435,1,True,255.0,255.0,8399,3598
1170,has_validated_parent,6,4,4,24,2,4.040825659903592,0,False,255.0,255.0,8397,3609
1171,has_validated_parent,6,4,4,24,2,1.6945499980660406,0,False,255.0,255.0,8410,3601
1172,has_validated_parent,6,4,4,24,2,1.6655514605526651,0,False,255.0,255.0,8396,3634
1173,has_validated_parent,6,4,4,24,2,1.6625777282100183,0,False,255.0,255.0,8375,3612
1174,has_validated_parent,6,4,4,24,2,1.5822453988931686,0,False,255.0,255.0,8428,3639
1175,has_validated_parent,6,4,4,24,2,3.2575126965888526,0,False,255.0,255.0,8500,3685
1176,has_validated_parent,6,4,4,24,2,1.472295511583833,0,False,255.0,255.0,8637,3739
1177,has_validated_parent,6,4,4,24,2,1.3209869616743568,0,False,255.0,255.0,8769,3813
1178,all_generated_rejected_by_residual,6,4,4,24,0,5.946588028502539,2,True,255.0,255.0,8870,3879
1179,has_validated_parent,6,4,4,24,2,1.5833485449733689,0,False,255.0,255.0,8937,3914
1180,has_validated_parent,6,4,4,24,2,1.503237654148272,0,False,255.0,255.0,8926,3900
1181,all_generated_rejected_by_residual,6,4,4,24,0,5.337854111949554,1,True,255.0,255.0,8958,3912
1182,has_validated_parent,6,4,4,24,2,1.4548202483654578,0,False,255.0,255.0,8992,3948
1183,all_generated_rejected_by_residual,6,3,3,6,0,17.11788460727564,0,True,255.0,255.0,9075,3999
1184,has_validated_parent,6,4,4,24,2,1.3977212364223386,0,False,255.0,255.0,9177,4054
1185,has_validated_parent,6,4,4,24,2,1.3680365181545897,0,False,255.0,255.0,9228,4068
1186,has_validated_parent,6,4,4,24,2,1.5481218741616416,0,False,255.0,255.0,9216,4036
1187,all_generated_rejected_by_residual,6,4,4,24,0,5.111931775431998,1,True,255.0,255.0,9213,4007
1188,all_generated_rejected_by_residual,6,3,3,6,0,17.643926589238028,0,True,255.0,255.0,9161,3980
1189,has_validated_parent,6,4,4,24,2,1.6267701740503462,0,False,255.0,255.0,9167,3972
1190,has_validated_parent,6,4,4,24,2,1.609840223381079,0,False,255.0,255.0,9178,3990
1191,has_validated_parent,6,4,4,24,2,1.4128878386556083,0,False,255.0,255.0,9166,4021
1192,has_validated_parent,6,4,4,24,2,1.5483895994243249,0,False,255.0,255.0,9129,4016
1193,all_generated_rejected_by_residual,6,3,3,6,0,17.679993465749202,0,True,255.0,255.0,9116,4008
1194,all_generated_rejected_by_residual,6,3,3,6,0,16.876678902415403,0,True,255.0,255.0,9079,3982
1195,fewer_than_three_L_observations,6,2,2,0,0,,0,True,255.0,255.0,9108,3961
1196,has_validated_parent,6,4,4,24,2,4.163680563822422,0,False,255.0,255.0,9048,3928
1197,has_validated_parent,6,4,4,24,2,1.6623694826580009,0,False,255.0,255.0,9103,3980
1198,has_validated_parent,6,4,4,24,2,4.9814320134749,0,False,255.0,255.0,9095,3990
1199,all_generated_rejected_by_residual,6,3,3,6,0,17.480469998734684,0,True,255.0,255.0,9125,4020
1200,has_validated_parent,6,4,4,24,2,1.5199296182656916,0,False,255.0,255.0,9132,4003
1201,all_generated_rejected_by_residual,6,3,3,6,0,17.46999546096033,0,True,255.0,255.0,9120,3992
1202,all_generated_rejected_by_residual,6,3,3,6,0,17.977723404510936,0,True,255.0,255.0,9091,3950
1203,has_validated_parent,6,4,4,24,2,1.8078984780238965,0,False,255.0,255.0,9066,3917
1204,has_validated_parent,6,4,4,24,2,2.6134378599465014,0,False,255.0,255.0,9108,3967
1205,has_validated_parent,6,4,4,24,2,1.8983204145573527,0,False,255.0,255.0,8999,3967
1206,all_generated_rejected_by_residual,6,3,3,6,0,17.606330459832456,0,True,255.0,255.0,9004,3982
1207,has_validated_parent,6,4,4,24,2,1.7263354343384252,0,False,255.0,255.0,9040,3995
1208,all_generated_rejected_by_residual,6,4,4,24,0,5.905336753654626,1,True,255.0,255.0,9022,3990
1209,all_generated_rejected_by_residual,6,4,4,24,0,5.342605501793751,1,True,255.0,255.0,8962,3962
1210,fewer_than_three_L_observations,6,2,2,0,0,,0,True,255.0,255.0,8999,3972
1211,all_generated_rejected_by_residual,6,3,3,6,0,17.221899259186877,0,True,255.0,255.0,8971,3907
1212,all_generated_rejected_by_residual,6,3,3,6,0,17.513690826166055,0,True,255.0,255.0,8416,3682
1213,all_generated_rejected_by_residual,6,3,3,6,0,17.7853145352131,0,False,255.0,255.0,6850,2999
1214,fewer_than_three_L_observations,6,2,2,0,0,,0,False,255.0,255.0,5819,2501
1215,fewer_than_three_L_observations,6,2,2,0,0,,0,False,255.0,255.0,5332,2343
1216,fewer_than_three_L_observations,6,2,2,0,0,,0,False,255.0,255.0,5083,2206
1217,fewer_than_three_L_observations,6,2,2,0,0,,0,False,255.0,255.0,4920,2143
1218,fewer_than_three_L_observations,6,2,2,0,0,,0,False,255.0,255.0,4870,2120
1219,fewer_than_three_L_observations,6,2,2,0,0,,0,False,255.0,255.0,4824,2108
1220,fewer_than_three_L_observations,6,2,2,0,0,,0,False,255.0,255.0,4878,2122
1221,fewer_than_three_L_observations,6,2,2,0,0,,0,False,255.0,255.0,4884,2142
1222,fewer_than_three_L_observations,6,2,2,0,0,,0,False,255.0,255.0,4848,2115
1223,fewer_than_three_L_observations,6,2,2,0,0,,0,False,255.0,255.0,4835,2115
1224,fewer_than_three_L_observations,6,2,2,0,0,,0,False,255.0,255.0,4872,2092
1225,fewer_than_three_L_observations,6,2,2,0,0,,0,False,255.0,255.0,4950,2134
1226,fewer_than_three_L_observations,6,2,2,0,0,,0,False,255.0,255.0,5001,2158
1227,fewer_than_three_L_observations,6,2,2,0,0,,0,False,255.0,255.0,5059,2214
1228,fewer_than_three_L_observations,6,2,2,0,0,,0,False,255.0,255.0,5113,2220
1229,fewer_than_three_L_observations,6,2,2,0,0,,0,False,255.0,255.0,5149,2241
1230,fewer_than_three_L_observations,6,2,2,0,0,,0,False,255.0,255.0,5163,2217
1231,fewer_than_three_L_observations,6,2,2,0,0,,0,False,255.0,255.0,5092,2209
1232,fewer_than_three_L_observations,6,2,2,0,0,,0,False,255.0,255.0,4912,2133
1233,fewer_than_three_L_observations,6,2,2,0,0,,0,False,255.0,255.0,4648,2036
1234,fewer_than_three_L_observations,6,2,2,0,0,,0,False,255.0,255.0,4352,1896
1235,fewer_than_three_L_observations,5,1,1,0,0,,0,False,255.0,255.0,4083,1785
1236,fewer_than_three_L_observations,4,2,2,0,0,,0,False,255.0,255.0,4015,1753
1237,fewer_than_three_L_observations,4,2,2,0,0,,0,False,255.0,255.0,4015,1747
1238,fewer_than_three_L_observations,4,2,2,0,0,,0,False,255.0,255.0,4025,1744
1239,fewer_than_three_L_observations,4,2,2,0,0,,0,False,255.0,255.0,4048,1764
1240,fewer_than_three_L_observations,4,2,2,0,0,,0,False,255.0,255.0,3954,1733
1241,fewer_than_three_L_observations,4,2,2,0,0,,0,False,255.0,255.0,3546,1531
1242,fewer_than_three_L_observations,3,2,2,0,0,,0,False,255.0,255.0,3146,1365
1243,fewer_than_three_L_observations,3,2,2,0,0,,0,False,255.0,255.0,2926,1263
1244,fewer_than_three_L_observations,3,1,1,0,0,,0,False,255.0,255.0,2548,1114
1245,fewer_than_three_L_observations,3,0,0,0,0,,0,False,255.0,255.0,1321,575
1246,fewer_than_three_L_observations,2,0,0,0,0,,0,False,255.0,255.0,82,30
1247,no_white_components,0,0,0,0,0,,0,False,146.0,143.0,0,0
1248,no_white_components,0,0,0,0,0,,0,False,142.0,138.0,0,0
1249,no_white_components,0,0,0,0,0,,0,False,138.0,137.0,0,0
1250,no_white_components,0,0,0,0,0,,0,False,137.0,137.0,0,0
1251,no_white_components,0,0,0,0,0,,0,False,137.0,136.0,0,0
1252,no_white_components,0,0,0,0,0,,0,False,136.0,136.0,0,0
1253,no_white_components,0,0,0,0,0,,0,False,136.0,133.0,0,0
1254,no_white_components,0,0,0,0,0,,0,False,134.0,132.0,0,0
1255,no_white_components,0,0,0,0,0,,0,False,134.0,130.0,0,0
1256,no_white_components,0,0,0,0,0,,0,False,135.0,130.0,0,0
1257,no_white_components,0,0,0,0,0,,0,False,134.0,128.0,0,0
1258,no_white_components,0,0,0,0,0,,0,False,135.0,128.0,0,0
1259,no_white_components,0,0,0,0,0,,0,False,134.0,127.0,0,0
1260,no_white_components,0,0,0,0,0,,0,False,131.0,126.0,0,0
1261,no_white_components,0,0,0,0,0,,0,False,131.0,125.0,0,0
1262,no_white_components,0,0,0,0,0,,0,False,131.0,125.0,0,0
1263,no_white_components,0,0,0,0,0,,0,False,134.0,127.0,0,0
1264,no_white_components,0,0,0,0,0,,0,False,134.0,127.0,0,0
1265,no_white_components,0,0,0,0,0,,0,False,134.0,127.0,0,0
1266,no_white_components,0,0,0,0,0,,0,False,135.0,126.0,0,0
1267,no_white_components,0,0,0,0,0,,0,False,135.0,127.0,0,0
1268,no_white_components,0,0,0,0,0,,0,False,133.0,126.0,0,0
1269,no_white_components,0,0,0,0,0,,0,False,137.0,128.0,0,0
1270,no_white_components,0,0,0,0,0,,0,False,135.0,127.0,0,0
1271,no_white_components,0,0,0,0,0,,0,False,135.0,127.0,0,0
1272,no_white_components,0,0,0,0,0,,0,False,135.0,127.0,0,0
1273,no_white_components,0,0,0,0,0,,0,False,135.0,127.0,0,0
1274,no_white_components,0,0,0,0,0,,0,False,135.0,127.0,0,0
1275,no_white_components,0,0,0,0,0,,0,False,135.0,128.0,0,0
1276,no_white_components,0,0,0,0,0,,0,False,135.0,128.0,0,0
1277,no_white_components,0,0,0,0,0,,0,False,136.0,129.0,0,0
1278,no_white_components,0,0,0,0,0,,0,False,133.0,127.0,0,0
1279,no_white_components,0,0,0,0,0,,0,False,134.0,127.0,0,0
1280,no_white_components,0,0,0,0,0,,0,False,134.0,127.0,0,0
1281,no_white_components,0,0,0,0,0,,0,False,134.0,127.0,0,0
1282,no_white_components,0,0,0,0,0,,0,False,134.0,128.0,0,0
1283,no_white_components,0,0,0,0,0,,0,False,134.0,128.0,0,0
1284,no_white_components,0,0,0,0,0,,0,False,134.0,127.0,0,0
1285,no_white_components,0,0,0,0,0,,0,False,134.0,128.0,0,0
1286,no_white_components,0,0,0,0,0,,0,False,132.0,128.0,0,0
1287,no_white_components,0,0,0,0,0,,0,False,133.0,129.0,0,0
1288,no_white_components,0,0,0,0,0,,0,False,132.0,128.0,0,0
1289,no_white_components,0,0,0,0,0,,0,False,134.0,130.0,0,0
1290,no_white_components,0,0,0,0,0,,0,False,134.0,130.0,0,0
1291,no_white_components,0,0,0,0,0,,0,False,141.0,135.0,0,0
1292,no_white_components,0,0,0,0,0,,0,False,135.0,131.0,0,0
1293,no_white_components,0,0,0,0,0,,0,False,133.0,129.0,0,0
1294,no_white_components,0,0,0,0,0,,0,False,133.0,129.0,0,0
1295,no_white_components,0,0,0,0,0,,0,False,134.0,130.0,0,0
1296,no_white_components,0,0,0,0,0,,0,False,135.0,127.0,0,0
1297,no_white_components,0,0,0,0,0,,0,False,134.0,129.0,0,0
1298,no_white_components,0,0,0,0,0,,0,False,134.0,127.0,0,0
1299,no_white_components,0,0,0,0,0,,0,False,137.0,130.0,0,0
1300,no_white_components,0,0,0,0,0,,0,False,137.0,130.0,0,0
1301,no_white_components,0,0,0,0,0,,0,False,135.0,129.0,0,0
1302,no_white_components,0,0,0,0,0,,0,False,135.0,127.0,0,0
1303,no_white_components,0,0,0,0,0,,0,False,135.0,129.0,0,0
1304,no_white_components,0,0,0,0,0,,0,False,135.0,127.0,0,0
1305,no_white_components,0,0,0,0,0,,0,False,134.0,127.0,0,0
1306,no_white_components,0,0,0,0,0,,0,False,137.0,132.0,0,0
1307,no_white_components,0,0,0,0,0,,0,False,137.0,133.0,0,0
1308,no_white_components,0,0,0,0,0,,0,False,134.0,128.0,0,0
1309,no_white_components,0,0,0,0,0,,0,False,134.0,128.0,0,0
1310,no_white_components,0,0,0,0,0,,0,False,134.0,128.0,0,0
1311,no_white_components,0,0,0,0,0,,0,False,134.0,128.0,0,0
1312,no_white_components,0,0,0,0,0,,0,False,134.0,128.0,0,0
1313,no_white_components,0,0,0,0,0,,0,False,133.0,128.0,0,0
1314,no_white_components,0,0,0,0,0,,0,False,133.0,127.0,0,0
1315,no_white_components,0,0,0,0,0,,0,False,135.0,127.0,0,0
1316,no_white_components,0,0,0,0,0,,0,False,136.0,130.0,0,0
1317,no_white_components,0,0,0,0,0,,0,False,134.0,129.0,0,0
1318,no_white_components,0,0,0,0,0,,0,False,135.0,128.0,0,0
1319,no_white_components,0,0,0,0,0,,0,False,135.0,130.0,0,0
1320,no_white_components,0,0,0,0,0,,0,False,134.0,128.0,0,0
1321,no_white_components,0,0,0,0,0,,0,False,134.0,128.0,0,0
1322,no_white_components,0,0,0,0,0,,0,False,134.0,128.0,0,0
1323,no_white_components,0,0,0,0,0,,0,False,134.0,129.0,0,0
1324,no_white_components,0,0,0,0,0,,0,False,134.0,129.0,0,0
1325,no_white_components,0,0,0,0,0,,0,False,135.0,129.0,0,0
1326,no_white_components,0,0,0,0,0,,0,False,135.0,129.0,0,0
1327,no_white_components,0,0,0,0,0,,0,False,135.0,129.0,0,0
1328,no_white_components,0,0,0,0,0,,0,False,134.0,129.0,0,0
1329,no_white_components,0,0,0,0,0,,0,False,134.0,129.0,0,0
1330,no_white_components,0,0,0,0,0,,0,False,132.0,129.0,0,0
1331,no_white_components,0,0,0,0,0,,0,False,132.0,129.0,0,0
1332,no_white_components,0,0,0,0,0,,0,False,132.0,129.0,0,0
1333,no_white_components,0,0,0,0,0,,0,False,131.0,127.0,0,0
1334,no_white_components,0,0,0,0,0,,0,False,133.0,127.0,0,0
1335,no_white_components,0,0,0,0,0,,0,False,132.0,128.0,0,0
1336,no_white_components,0,0,0,0,0,,0,False,132.0,127.0,0,0
1337,no_white_components,0,0,0,0,0,,0,False,132.0,129.0,0,0
1338,no_white_components,0,0,0,0,0,,0,False,131.0,126.0,0,0
1339,no_white_components,0,0,0,0,0,,0,False,131.0,127.0,0,0
1340,no_white_components,0,0,0,0,0,,0,False,131.0,127.0,0,0
1341,no_white_components,0,0,0,0,0,,0,False,131.0,128.0,0,0
1342,no_white_components,0,0,0,0,0,,0,False,131.0,128.0,0,0
1343,no_white_components,0,0,0,0,0,,0,False,131.0,126.0,0,0
1344,no_white_components,0,0,0,0,0,,0,False,135.0,130.0,0,0
1345,no_white_components,0,0,0,0,0,,0,False,132.0,126.0,0,0
1346,no_white_components,0,0,0,0,0,,0,False,132.0,127.0,0,0
1347,no_white_components,0,0,0,0,0,,0,False,132.0,127.0,0,0
1348,no_white_components,0,0,0,0,0,,0,False,132.0,127.0,0,0
1349,no_white_components,0,0,0,0,0,,0,False,132.0,127.0,0,0
1350,no_white_components,0,0,0,0,0,,0,False,132.0,127.0,0,0
1351,no_white_components,0,0,0,0,0,,0,False,134.0,127.0,0,0
1352,no_white_components,0,0,0,0,0,,0,False,132.0,126.0,0,0
1353,no_white_components,0,0,0,0,0,,0,False,132.0,126.0,0,0
1354,no_white_components,0,0,0,0,0,,0,False,132.0,126.0,0,0
1355,no_white_components,0,0,0,0,0,,0,False,134.0,127.0,0,0
1356,no_white_components,0,0,0,0,0,,0,False,134.0,127.0,0,0
1357,no_white_components,0,0,0,0,0,,0,False,134.0,127.0,0,0
1358,no_white_components,0,0,0,0,0,,0,False,132.0,130.0,0,0
1359,no_white_components,0,0,0,0,0,,0,False,132.0,131.0,0,0
1360,no_white_components,0,0,0,0,0,,0,False,135.0,134.0,0,0
1361,no_white_components,0,0,0,0,0,,0,False,137.0,134.0,0,0
1362,no_white_components,0,0,0,0,0,,0,False,139.0,137.0,0,0
1363,no_white_components,0,0,0,0,0,,0,False,139.0,137.0,0,0
1364,no_white_components,0,0,0,0,0,,0,False,139.0,137.0,0,0
1365,no_white_components,0,0,0,0,0,,0,False,139.0,138.0,0,0
1366,no_white_components,0,0,0,0,0,,0,False,140.0,138.0,0,0
1367,no_white_components,0,0,0,0,0,,0,False,139.0,138.0,0,0
1368,no_white_components,0,0,0,0,0,,0,False,138.0,137.0,0,0
1369,no_white_components,0,0,0,0,0,,0,False,138.0,138.0,0,0
1370,no_white_components,0,0,0,0,0,,0,False,141.0,141.0,0,0
1371,no_white_components,0,0,0,0,0,,0,False,142.0,140.0,0,0
1372,no_white_components,0,0,0,0,0,,0,False,144.0,140.0,0,0
1373,no_white_components,0,0,0,0,0,,0,False,143.0,141.0,0,0
1374,no_white_components,0,0,0,0,0,,0,False,145.0,144.0,0,0
1375,no_white_components,0,0,0,0,0,,0,False,148.0,145.0,0,0
1376,fewer_than_three_L_observations,3,0,0,0,0,,0,False,221.0,207.0,34,5
1377,fewer_than_three_L_observations,3,0,0,0,0,,0,False,255.0,255.0,1219,540
1378,fewer_than_three_L_observations,3,0,0,0,0,,0,False,255.0,255.0,2479,1092
1379,fewer_than_three_L_observations,3,2,2,0,0,,0,False,255.0,255.0,2928,1275
1380,fewer_than_three_L_observations,3,2,2,0,0,,0,False,255.0,255.0,3173,1406
1381,fewer_than_three_L_observations,4,2,2,0,0,,0,False,255.0,255.0,3443,1544
1382,fewer_than_three_L_observations,4,2,2,0,0,,0,False,255.0,255.0,4001,1773
1383,fewer_than_three_L_observations,4,1,1,0,0,,0,False,255.0,255.0,4124,1821
1384,fewer_than_three_L_observations,4,2,2,0,0,,0,False,255.0,255.0,4070,1815
1385,fewer_than_three_L_observations,4,2,2,0,0,,0,False,255.0,255.0,4126,1823
1386,fewer_than_three_L_observations,5,1,1,0,0,,0,False,255.0,255.0,4185,1846
1387,fewer_than_three_L_observations,6,2,2,0,0,,0,False,255.0,255.0,4565,2008
1388,fewer_than_three_L_observations,6,2,2,0,0,,0,False,255.0,255.0,5047,2223
1389,fewer_than_three_L_observations,6,2,2,0,0,,0,False,255.0,255.0,5537,2425
1390,fewer_than_three_L_observations,6,2,2,0,0,,0,False,255.0,255.0,5987,2615
1391,has_validated_parent,6,4,4,24,2,4.074070791715386,0,False,255.0,255.0,7387,3214
1392,has_validated_parent,6,4,4,24,2,3.3440287069297767,0,False,255.0,255.0,8858,3862
1393,all_generated_rejected_by_residual,6,3,3,6,0,17.62909664351311,0,True,255.0,255.0,8972,3932
1394,all_generated_rejected_by_residual,6,3,3,6,0,17.87340310472896,0,True,255.0,255.0,8983,3956
1395,all_generated_rejected_by_residual,6,3,3,6,0,17.317178363876277,0,True,255.0,255.0,8983,3970
1396,has_validated_parent,6,4,4,24,2,2.075378409260674,0,False,255.0,255.0,9016,3982
1397,all_generated_rejected_by_residual,6,4,4,24,0,5.261876270022356,1,True,255.0,255.0,8960,3928
1398,has_validated_parent,6,4,4,24,2,2.2602673633720265,0,False,255.0,255.0,9041,3961
1399,all_generated_rejected_by_residual,6,3,3,6,0,18.02611789892319,0,True,255.0,255.0,9063,3967
1400,all_generated_rejected_by_residual,6,4,4,24,0,5.424554445509457,1,True,255.0,255.0,9104,3973
1401,has_validated_parent,6,4,4,24,2,1.7080502823535084,0,False,255.0,255.0,9117,3984
1402,has_validated_parent,6,4,4,24,2,1.7320672315435726,0,False,255.0,255.0,9150,3988
1403,all_generated_rejected_by_residual,6,3,3,6,0,17.3134996814001,0,True,255.0,255.0,9173,4028
1404,has_validated_parent,6,4,4,24,2,1.858651223398961,0,False,255.0,255.0,9146,4024
1405,has_validated_parent,6,4,4,24,2,1.4761183324419063,0,False,255.0,255.0,9173,4044
1406,has_validated_parent,6,4,4,24,2,1.487217337190737,0,False,255.0,255.0,9169,4026
1407,has_validated_parent,6,4,4,24,2,1.6304506085477628,0,False,255.0,255.0,9134,3991
1408,has_validated_parent,6,4,4,24,2,1.9283410923592983,0,False,255.0,255.0,9110,3957
1409,all_generated_rejected_by_residual,6,3,3,6,0,17.901724322870596,0,True,255.0,255.0,9141,3949
1410,has_validated_parent,6,4,4,24,2,3.760802410351332,0,False,255.0,255.0,9134,3986
1411,all_generated_rejected_by_residual,6,4,4,24,0,5.123761536349275,1,True,255.0,255.0,9154,3993
1412,has_validated_parent,6,4,4,24,2,1.6532017923793012,0,False,255.0,255.0,9190,4026
1413,all_generated_rejected_by_residual,6,4,4,24,0,5.463157393261176,2,True,255.0,255.0,9228,4049
1414,all_generated_rejected_by_residual,6,3,3,6,0,17.408549549364064,0,True,255.0,255.0,9268,4057
1415,all_generated_rejected_by_residual,6,3,3,6,0,17.284327385121827,0,True,255.0,255.0,9222,4033
1416,all_generated_rejected_by_residual,6,3,3,6,0,17.270929264797505,0,True,255.0,255.0,9189,4032
1417,has_validated_parent,6,4,4,24,2,1.762622858879788,0,False,255.0,255.0,9197,4029
1418,has_validated_parent,6,4,4,24,2,4.837208319853701,0,False,255.0,255.0,9164,4018
1419,has_validated_parent,6,4,4,24,2,1.3035497581017512,0,False,255.0,255.0,9126,3999
1420,has_validated_parent,6,4,4,24,2,3.5889952150636937,0,False,255.0,255.0,9155,4002
1421,has_validated_parent,6,4,4,24,2,1.4665099820681267,0,False,255.0,255.0,9099,3970
1422,has_validated_parent,6,4,4,24,2,1.5750969183564203,0,False,255.0,255.0,9205,4021
1423,all_generated_rejected_by_residual,6,3,3,6,0,17.079946106818383,0,True,255.0,255.0,9211,4023
1424,has_validated_parent,6,4,4,24,2,1.629067851940839,0,False,255.0,255.0,9169,4035
1425,all_generated_rejected_by_residual,6,3,3,6,0,17.174917122925198,0,True,255.0,255.0,9236,4041
1426,all_generated_rejected_by_residual,6,4,4,24,0,5.447909675805499,1,True,255.0,255.0,9211,4026
1427,has_validated_parent,6,4,4,24,2,1.910344574027305,0,False,255.0,255.0,9177,4007
1428,all_generated_rejected_by_residual,6,3,3,6,0,17.442654266176195,0,True,255.0,255.0,9161,3984
1429,all_generated_rejected_by_residual,6,3,3,6,0,17.374425310673956,0,True,255.0,255.0,9098,3979
1430,has_validated_parent,6,4,4,24,2,1.6629072420715738,0,False,255.0,255.0,9179,4016
1431,has_validated_parent,6,4,4,24,2,1.7876933188855102,0,False,255.0,255.0,9120,3991
1432,has_validated_parent,6,4,4,24,2,1.332665434842336,0,False,255.0,255.0,9175,4022
1433,has_validated_parent,6,4,4,24,2,1.3495267189718654,0,False,255.0,255.0,9154,4006
1434,has_validated_parent,6,4,4,24,2,1.4312240081111731,0,False,255.0,255.0,9153,3995
1435,all_generated_rejected_by_residual,6,3,3,6,0,16.916591689301374,0,True,255.0,255.0,9140,3975
1436,has_validated_parent,6,4,4,24,2,1.8093198840955516,0,False,255.0,255.0,9109,3955
1437,has_validated_parent,6,4,4,24,2,4.384327197324594,0,False,255.0,255.0,9085,3968
1438,has_validated_parent,6,4,4,24,2,4.713933747625513,0,False,255.0,255.0,9075,3964
1439,all_generated_rejected_by_residual,6,4,4,24,0,5.234648070972419,1,True,255.0,255.0,9099,4001
1440,has_validated_parent,6,4,4,24,2,1.4826926634987379,0,False,255.0,255.0,9150,4010
1441,has_validated_parent,6,4,4,24,2,1.8947408191278354,0,False,255.0,255.0,9172,4008
1442,has_validated_parent,6,4,4,24,2,3.0454941862697598,0,False,255.0,255.0,9136,3988
1443,has_validated_parent,6,4,4,24,2,1.4996669807134928,0,False,255.0,255.0,9179,3981
1444,has_validated_parent,6,4,4,24,2,3.222180541000263,0,False,255.0,255.0,9162,3982
1445,all_generated_rejected_by_residual,6,4,4,24,0,5.254783264902792,1,True,255.0,255.0,9122,3977
1446,has_validated_parent,6,4,4,24,2,1.394854959265679,0,False,255.0,255.0,9078,3996
1447,has_validated_parent,6,4,4,24,2,2.334012939319042,0,False,255.0,255.0,9117,4011
1448,has_validated_parent,6,4,4,24,2,1.9828280782752625,0,False,255.0,255.0,9121,4013
1449,has_validated_parent,6,4,4,24,2,1.3979554303561461,0,False,255.0,255.0,9143,4000
1450,has_validated_parent,6,4,4,24,2,1.405870068218113,0,False,255.0,255.0,9053,3962
1451,has_validated_parent,6,4,4,24,2,1.457381824664365,0,False,255.0,255.0,9095,3932
1452,all_generated_rejected_by_residual,6,3,3,6,0,16.750869301781684,0,True,255.0,255.0,9108,3939
1453,all_generated_rejected_by_residual,6,3,3,6,0,16.031700750218572,0,True,255.0,255.0,9024,3940
1454,has_validated_parent,6,4,4,24,2,1.6078718185769774,0,False,255.0,255.0,9093,3970
1455,has_validated_parent,6,4,4,24,2,1.5035098342131479,0,False,255.0,255.0,9020,3970
1456,has_validated_parent,6,4,4,24,2,1.7293645539114506,0,False,255.0,255.0,8989,3947
1457,all_generated_rejected_by_residual,6,3,3,6,0,17.45328105530381,0,True,255.0,255.0,8959,3936
1458,has_validated_parent,6,4,4,24,2,1.506764019422085,0,False,255.0,255.0,9000,3906
1459,has_validated_parent,6,4,4,24,2,1.898793095761169,0,False,255.0,255.0,8986,3916
1460,has_validated_parent,6,4,4,24,2,1.4015653139822781,0,False,255.0,255.0,8941,3948
1461,has_validated_parent,6,4,4,24,2,1.4395803503752944,0,False,255.0,255.0,8962,3954
1462,has_validated_parent,6,4,4,24,2,1.5057710211747948,0,False,255.0,255.0,8862,3858
1463,all_generated_rejected_by_residual,6,3,3,6,0,17.20820884750239,0,True,255.0,255.0,8720,3773
1464,all_generated_rejected_by_residual,6,3,3,6,0,17.09246448986362,0,True,255.0,255.0,8575,3759
1465,has_validated_parent,6,4,4,24,2,1.5728105557666332,0,False,255.0,255.0,8425,3639
1466,has_validated_parent,6,4,4,24,2,1.7290370692817802,0,False,255.0,255.0,8306,3598
1467,has_validated_parent,6,4,4,24,2,1.692370042690061,0,False,255.0,255.0,8233,3549
1468,has_validated_parent,6,4,4,24,2,1.4994364730968475,0,False,255.0,255.0,8226,3564
1469,all_generated_rejected_by_residual,6,3,3,6,0,17.437358056394032,0,True,255.0,255.0,8212,3554
1470,has_validated_parent,6,4,4,24,2,1.2347038562843762,0,False,255.0,255.0,8222,3584
1471,has_validated_parent,6,4,4,24,2,1.7226035804446795,0,False,255.0,255.0,8243,3555
1472,has_validated_parent,6,4,4,24,2,1.6322181892328038,0,False,255.0,255.0,8197,3572
1473,has_validated_parent,6,4,4,24,2,1.8843760726427468,0,False,255.0,255.0,8185,3555
1474,has_validated_parent,6,4,4,24,2,1.6377370524952386,0,False,255.0,255.0,8192,3470
1475,has_validated_parent,6,4,4,24,2,1.621503185463564,0,False,255.0,255.0,8152,3523
1476,has_validated_parent,6,4,4,24,2,1.5666006972534907,0,False,255.0,255.0,8110,3507
1477,has_validated_parent,6,4,4,24,2,1.6258726481941375,0,False,255.0,255.0,8055,3479
1478,has_validated_parent,6,4,4,24,2,1.6279868153706627,0,False,255.0,255.0,8151,3532
1479,has_validated_parent,6,4,4,24,2,1.617419142483034,0,False,255.0,255.0,8186,3535
1480,has_validated_parent,6,4,4,24,2,1.9693564460353816,0,False,255.0,255.0,8086,3488
1481,has_validated_parent,6,4,4,24,2,1.4089195263713705,0,False,255.0,255.0,8186,3480
1482,has_validated_parent,6,4,4,24,2,1.5922453318794696,0,False,255.0,255.0,8183,3529
1483,has_validated_parent,6,4,4,24,2,1.8091299387071933,0,False,255.0,255.0,8160,3524
1484,has_validated_parent,6,4,4,24,2,1.4697814157769669,0,False,255.0,255.0,8139,3509
1485,has_validated_parent,6,4,4,24,2,1.5969610650256294,0,False,255.0,255.0,8148,3474
1486,has_validated_parent,6,4,4,24,2,1.621503185463564,0,False,255.0,255.0,8140,3512
1487,has_validated_parent,6,4,4,24,2,1.6496589657924023,0,False,255.0,255.0,8094,3517
1488,has_validated_parent,6,4,4,24,2,1.728970097050291,0,False,255.0,255.0,8121,3513
1489,has_validated_parent,6,4,4,24,2,1.6496589657924023,0,False,255.0,255.0,8128,3517
1490,has_validated_parent,6,4,4,24,2,1.4109425763644612,0,False,255.0,255.0,8141,3514
1491,has_validated_parent,6,4,4,24,2,1.5717618868302743,0,False,255.0,255.0,8152,3515
1492,has_validated_parent,6,4,4,24,2,1.4109425763644612,0,False,255.0,255.0,8165,3515
1493,has_validated_parent,6,4,4,24,2,1.6167834716422647,0,False,255.0,255.0,8201,3510
1494,has_validated_parent,6,4,4,24,2,1.609722521297779,0,False,255.0,255.0,8189,3512
1495,has_validated_parent,6,4,4,24,2,1.6312579800536184,0,False,255.0,255.0,8079,3514
1496,has_validated_parent,6,4,4,24,2,1.627650261617988,0,False,255.0,255.0,8163,3519
1497,has_validated_parent,6,4,4,24,2,1.8122692791389963,0,False,255.0,255.0,8289,3611
1498,has_validated_parent,6,4,4,24,2,1.7544626492463244,0,False,255.0,255.0,8378,3661
1499,has_validated_parent,6,4,4,24,2,1.7284948132037794,0,False,255.0,255.0,8483,3699
1500,has_validated_parent,6,4,4,24,2,1.4701560846080408,0,False,255.0,255.0,8478,3724
1501,has_validated_parent,6,4,4,24,2,1.442571971229902,0,False,255.0,255.0,8518,3711
1502,has_validated_parent,6,4,4,24,2,1.446256141739273,0,False,255.0,255.0,8544,3724
1503,has_validated_parent,6,4,4,24,2,1.4010150401714851,0,False,255.0,255.0,8600,3785
1504,all_generated_rejected_by_residual,6,3,3,6,0,17.525627494574966,0,True,255.0,255.0,8715,3805
1505,all_generated_rejected_by_residual,6,4,4,24,0,5.046602768256617,1,True,255.0,255.0,8803,3859
1506,has_validated_parent,6,4,4,24,2,2.7144371658782895,0,False,255.0,255.0,8868,3833
1507,all_generated_rejected_by_residual,6,3,3,6,0,16.9677943508882,0,True,255.0,255.0,8924,3912
1508,has_validated_parent,6,4,4,24,2,1.7705522249640857,0,False,255.0,255.0,8962,3966
1509,has_validated_parent,6,4,4,24,2,1.680226408986581,0,False,255.0,255.0,8938,3942
1510,has_validated_parent,6,4,4,24,2,4.751222490127218,0,False,255.0,255.0,8964,3900
1511,has_validated_parent,6,4,4,24,2,1.506764019422085,0,False,255.0,255.0,8971,3883
1512,has_validated_parent,6,4,4,24,2,1.6674684474722923,0,False,255.0,255.0,8974,3938
1513,has_validated_parent,6,4,4,24,2,1.6150098490051905,0,False,255.0,255.0,8987,3936
1514,all_generated_rejected_by_residual,6,3,3,6,0,17.168980938859608,0,True,255.0,255.0,9056,3969
1515,all_generated_rejected_by_residual,6,3,3,6,0,17.300130567578496,0,True,255.0,255.0,9003,3919
1516,all_generated_rejected_by_residual,6,3,3,6,0,17.055457530580338,0,True,255.0,255.0,9055,3923
1517,has_validated_parent,6,4,4,24,2,1.593678028321417,0,False,255.0,255.0,9036,3899
1518,has_validated_parent,6,4,4,24,2,1.4462469573156536,0,False,255.0,255.0,9061,3963
1519,has_validated_parent,6,4,4,24,2,1.5731145539114506,0,False,255.0,255.0,8989,3952
1520,has_validated_parent,6,4,4,24,2,1.5952951923672254,0,False,255.0,255.0,9087,3984
1521,has_validated_parent,6,4,4,24,2,3.302621257043507,0,False,255.0,255.0,9027,3942
1522,all_generated_rejected_by_residual,6,3,3,6,0,17.090770313324324,0,True,255.0,255.0,9061,3955
1523,has_validated_parent,6,4,4,24,2,1.4260287009208759,0,False,255.0,255.0,9044,3983
1524,has_validated_parent,6,4,4,24,2,1.457381824664365,0,False,255.0,255.0,9088,4012
1525,all_generated_rejected_by_residual,6,4,4,24,0,5.33084744053336,3,True,255.0,255.0,9141,3985
1526,all_generated_rejected_by_residual,6,3,3,6,0,17.679151168534286,0,True,255.0,255.0,9127,3970
1527,has_validated_parent,6,4,4,24,2,1.633276063603369,0,False,255.0,255.0,9125,3981
1528,has_validated_parent,6,4,4,24,2,1.35168959026049,0,False,255.0,255.0,9179,3993
1529,has_validated_parent,6,4,4,24,2,1.5996029383765469,0,False,255.0,255.0,9134,3993
1530,has_validated_parent,6,4,4,24,2,1.5936996913825545,0,False,255.0,255.0,9107,3998
1531,all_generated_rejected_by_residual,6,3,3,6,0,16.030237900173507,0,True,255.0,255.0,9078,3998
1532,all_generated_rejected_by_residual,6,3,3,6,0,16.209682256499715,0,True,255.0,255.0,9120,3970
1533,has_validated_parent,6,4,4,24,2,2.742650557658848,0,False,255.0,255.0,9157,3962
1534,has_validated_parent,6,4,4,24,2,1.485775499195029,0,False,255.0,255.0,9190,3999
1535,has_validated_parent,6,4,4,24,2,1.399356352371931,0,False,255.0,255.0,9165,4018
1536,has_validated_parent,6,4,4,24,2,1.6585212147007462,0,False,255.0,255.0,9172,4035
1537,all_generated_rejected_by_residual,6,3,3,6,0,17.083333908404963,0,True,255.0,255.0,9190,4028
1538,all_generated_rejected_by_residual,6,3,3,6,0,17.134183441255363,0,True,255.0,255.0,9157,3996
1539,has_validated_parent,6,4,4,24,2,1.5667065922389687,0,False,255.0,255.0,9137,3959
1540,all_generated_rejected_by_residual,6,3,3,6,0,17.390738241999543,0,True,255.0,255.0,9162,3993
1541,has_validated_parent,6,4,4,24,2,1.5879824775656652,0,False,255.0,255.0,9169,4011
1542,has_validated_parent,6,4,4,24,2,1.4955931073078792,0,False,255.0,255.0,9210,4029
1543,has_validated_parent,6,4,4,24,2,1.5481218741616416,0,False,255.0,255.0,9175,4031
1544,has_validated_parent,6,4,4,24,2,2.9169592174202066,0,False,255.0,255.0,9208,4045
1545,all_generated_rejected_by_residual,6,4,4,24,0,5.730004240947921,1,True,255.0,255.0,9216,4039
1546,all_generated_rejected_by_residual,6,4,4,24,0,5.297073655830885,1,True,255.0,255.0,9146,3971
1547,has_validated_parent,6,4,4,24,2,3.410580844691404,0,False,255.0,255.0,9145,3982
1548,all_generated_rejected_by_residual,6,3,3,6,0,16.32182389885151,0,True,255.0,255.0,9073,3985
1549,all_generated_rejected_by_residual,6,3,3,6,0,17.710744866959402,0,True,255.0,255.0,9156,4009
1550,has_validated_parent,6,4,4,24,2,1.2950964683399118,0,False,255.0,255.0,9112,4024
1551,has_validated_parent,6,4,4,24,2,1.4540288431772652,0,False,255.0,255.0,9177,4037
1552,has_validated_parent,6,4,4,24,2,1.7989718907457386,0,False,255.0,255.0,9189,4027
1553,all_generated_rejected_by_residual,6,4,4,24,0,5.575566596458206,1,True,255.0,255.0,9171,3987
1554,all_generated_rejected_by_residual,6,3,3,6,0,17.40848831376292,0,True,255.0,255.0,9166,3983
1555,has_validated_parent,6,4,4,24,2,1.3695336077215232,0,False,255.0,255.0,9157,3988
1556,has_validated_parent,6,4,4,24,2,1.3414653412132516,0,False,255.0,255.0,9150,4002
1557,all_generated_rejected_by_residual,6,3,3,6,0,17.41924028331068,0,True,255.0,255.0,9143,4033
1558,has_validated_parent,6,4,4,24,2,1.7621748169424045,0,False,255.0,255.0,9091,4009
1559,fewer_than_three_L_observations,6,2,2,0,0,,0,True,255.0,255.0,9074,3980
1560,all_generated_rejected_by_residual,6,4,4,24,0,5.082051927253627,1,True,255.0,255.0,9060,3936
1561,all_generated_rejected_by_residual,6,3,3,6,0,17.901724322870596,0,True,255.0,255.0,9132,3950
1562,has_validated_parent,6,4,4,24,2,1.7524982273589262,0,False,255.0,255.0,9082,3970
1563,fewer_than_three_L_observations,6,2,2,0,0,,0,True,255.0,255.0,9117,4009
1564,has_validated_parent,6,4,4,24,2,1.5347393865914551,0,False,255.0,255.0,9155,4041
1565,all_generated_rejected_by_residual,6,3,3,6,0,17.311752551018785,0,True,255.0,255.0,9158,4021
1566,all_generated_rejected_by_residual,6,3,3,6,0,17.475743153093877,0,True,255.0,255.0,9132,4018
1567,has_validated_parent,6,4,4,24,2,1.6832516950746639,0,False,255.0,255.0,9124,3998
1568,has_validated_parent,6,4,4,24,2,1.9795762694854544,0,False,255.0,255.0,9065,3947
1569,has_validated_parent,6,4,4,24,2,2.8564155853990374,0,False,255.0,255.0,9092,3952
1570,all_generated_rejected_by_residual,6,4,4,24,0,5.3963834651962825,1,True,255.0,255.0,9008,3937
1571,has_validated_parent,6,4,4,24,2,1.8491693870706598,0,False,255.0,255.0,9000,3932
1572,has_validated_parent,6,4,4,24,2,1.7714682215011424,0,False,255.0,255.0,9019,3973
1573,has_validated_parent,6,4,4,24,2,1.924458309305433,0,False,255.0,255.0,8980,3989
1574,all_generated_rejected_by_residual,6,3,3,6,0,17.75313756869549,0,True,255.0,255.0,9026,3991
1575,fewer_than_three_L_observations,6,2,2,0,0,,0,True,255.0,255.0,9008,3943
1576,all_generated_rejected_by_residual,6,4,4,24,0,5.626475679188871,1,True,255.0,255.0,8791,3854
1577,has_validated_parent,6,4,4,24,2,4.468741429179929,0,False,255.0,255.0,7227,3148
1578,fewer_than_three_L_observations,6,2,2,0,0,,0,False,255.0,255.0,5995,2590
1579,fewer_than_three_L_observations,6,1,1,0,0,,0,False,255.0,255.0,5492,2409
1580,fewer_than_three_L_observations,6,2,2,0,0,,0,False,255.0,255.0,5047,2223
1581,fewer_than_three_L_observations,6,1,1,0,0,,0,False,255.0,255.0,4607,2032
1582,fewer_than_three_L_observations,6,2,2,0,0,,0,False,255.0,255.0,4215,1853
1583,fewer_than_three_L_observations,4,2,2,0,0,,0,False,255.0,255.0,4056,1796
1584,fewer_than_three_L_observations,4,1,1,0,0,,0,False,255.0,255.0,4054,1800
1585,fewer_than_three_L_observations,4,2,2,0,0,,0,False,255.0,255.0,4077,1788
1586,fewer_than_three_L_observations,4,2,2,0,0,,0,False,255.0,255.0,4008,1764
1587,fewer_than_three_L_observations,4,2,2,0,0,,0,False,255.0,255.0,3856,1703
1588,fewer_than_three_L_observations,4,2,2,0,0,,0,False,255.0,255.0,3405,1498
1589,fewer_than_three_L_observations,3,2,2,0,0,,0,False,255.0,255.0,3131,1360
1590,fewer_than_three_L_observations,3,2,2,0,0,,0,False,255.0,255.0,2935,1276
1591,fewer_than_three_L_observations,3,1,1,0,0,,0,False,255.0,255.0,2541,1118
1592,fewer_than_three_L_observations,3,0,0,0,0,,0,False,255.0,255.0,1415,620
1593,fewer_than_three_L_observations,2,0,0,0,0,,0,False,255.0,255.0,133,57
1594,no_white_components,0,0,0,0,0,,0,False,142.0,141.0,0,0
1595,no_white_components,0,0,0,0,0,,0,False,142.0,142.0,0,0
1596,no_white_components,0,0,0,0,0,,0,False,142.0,142.0,0,0
1597,no_white_components,0,0,0,0,0,,0,False,143.0,140.0,0,0
1598,no_white_components,0,0,0,0,0,,0,False,139.0,137.0,0,0
1599,no_white_components,0,0,0,0,0,,0,False,138.0,138.0,0,0
1600,no_white_components,0,0,0,0,0,,0,False,139.0,137.0,0,0
1601,no_white_components,0,0,0,0,0,,0,False,138.0,136.0,0,0
1602,no_white_components,0,0,0,0,0,,0,False,133.0,132.0,0,0
1603,no_white_components,0,0,0,0,0,,0,False,134.0,131.0,0,0
1604,no_white_components,0,0,0,0,0,,0,False,134.0,130.0,0,0
1605,no_white_components,0,0,0,0,0,,0,False,133.0,131.0,0,0
1606,no_white_components,0,0,0,0,0,,0,False,133.0,128.0,0,0
1607,no_white_components,0,0,0,0,0,,0,False,133.0,127.0,0,0
1608,no_white_components,0,0,0,0,0,,0,False,137.0,130.0,0,0
1609,no_white_components,0,0,0,0,0,,0,False,137.0,129.0,0,0
1610,no_white_components,0,0,0,0,0,,0,False,136.0,130.0,0,0
1611,no_white_components,0,0,0,0,0,,0,False,136.0,130.0,0,0
1612,no_white_components,0,0,0,0,0,,0,False,136.0,129.0,0,0
1613,no_white_components,0,0,0,0,0,,0,False,136.0,129.0,0,0
1614,no_white_components,0,0,0,0,0,,0,False,133.0,128.0,0,0
1615,no_white_components,0,0,0,0,0,,0,False,133.0,127.0,0,0
1616,no_white_components,0,0,0,0,0,,0,False,134.0,128.0,0,0
1617,no_white_components,0,0,0,0,0,,0,False,133.0,127.0,0,0
1618,no_white_components,0,0,0,0,0,,0,False,133.0,127.0,0,0
1619,no_white_components,0,0,0,0,0,,0,False,136.0,129.0,0,0
1620,no_white_components,0,0,0,0,0,,0,False,136.0,129.0,0,0
1621,no_white_components,0,0,0,0,0,,0,False,136.0,129.0,0,0
1622,no_white_components,0,0,0,0,0,,0,False,136.0,129.0,0,0
1623,no_white_components,0,0,0,0,0,,0,False,134.0,128.0,0,0
1624,no_white_components,0,0,0,0,0,,0,False,134.0,128.0,0,0
1625,no_white_components,0,0,0,0,0,,0,False,135.0,128.0,0,0
1626,no_white_components,0,0,0,0,0,,0,False,134.0,128.0,0,0
1627,no_white_components,0,0,0,0,0,,0,False,134.0,128.0,0,0
1628,no_white_components,0,0,0,0,0,,0,False,134.0,128.0,0,0
1629,no_white_components,0,0,0,0,0,,0,False,134.0,128.0,0,0
1630,no_white_components,0,0,0,0,0,,0,False,134.0,129.0,0,0
1631,no_white_components,0,0,0,0,0,,0,False,134.0,129.0,0,0
1632,no_white_components,0,0,0,0,0,,0,False,134.0,129.0,0,0
1633,no_white_components,0,0,0,0,0,,0,False,134.0,128.0,0,0
1634,no_white_components,0,0,0,0,0,,0,False,134.0,128.0,0,0
1635,no_white_components,0,0,0,0,0,,0,False,136.0,130.0,0,0
1636,no_white_components,0,0,0,0,0,,0,False,134.0,127.0,0,0
1637,no_white_components,0,0,0,0,0,,0,False,134.0,127.0,0,0
1638,no_white_components,0,0,0,0,0,,0,False,134.0,131.0,0,0
1639,no_white_components,0,0,0,0,0,,0,False,136.0,131.0,0,0
1640,no_white_components,0,0,0,0,0,,0,False,135.0,135.0,0,0
1641,no_white_components,0,0,0,0,0,,0,False,136.0,136.0,0,0
1642,no_white_components,0,0,0,0,0,,0,False,139.0,138.0,0,0
1643,no_white_components,0,0,0,0,0,,0,False,141.0,140.0,0,0
1644,no_white_components,0,0,0,0,0,,0,False,144.0,143.0,0,0
1645,no_white_components,0,0,0,0,0,,0,False,146.0,143.0,0,0
1646,no_white_components,0,0,0,0,0,,0,False,145.0,143.0,0,0
1647,fewer_than_three_L_observations,3,0,0,0,0,,0,False,255.0,255.0,891,380
1648,fewer_than_three_L_observations,3,0,0,0,0,,0,False,255.0,255.0,2296,1003
1649,fewer_than_three_L_observations,3,1,1,0,0,,0,False,255.0,255.0,2834,1242
1650,fewer_than_three_L_observations,3,2,2,0,0,,0,False,255.0,255.0,3099,1362
1651,fewer_than_three_L_observations,4,2,2,0,0,,0,False,255.0,255.0,3398,1476
1652,fewer_than_three_L_observations,4,2,2,0,0,,0,False,255.0,255.0,3848,1666
1653,fewer_than_three_L_observations,4,2,2,0,0,,0,False,255.0,255.0,4057,1775
1654,fewer_than_three_L_observations,4,2,2,0,0,,0,False,255.0,255.0,4028,1787
1655,fewer_than_three_L_observations,4,2,2,0,0,,0,False,255.0,255.0,4088,1797
1656,fewer_than_three_L_observations,4,2,2,0,0,,0,False,255.0,255.0,4094,1811
1657,fewer_than_three_L_observations,6,1,1,0,0,,0,False,255.0,255.0,4258,1881
1658,fewer_than_three_L_observations,6,1,1,0,0,,0,False,255.0,255.0,4662,2068
1659,fewer_than_three_L_observations,6,1,1,0,0,,0,False,255.0,255.0,5114,2264
1660,fewer_than_three_L_observations,6,1,1,0,0,,0,False,255.0,255.0,5599,2459
1661,fewer_than_three_L_observations,7,2,2,0,0,,0,False,255.0,255.0,6132,2645
1662,all_generated_rejected_by_residual,6,3,3,6,0,17.11596795484215,0,True,255.0,255.0,7580,3274
1663,has_validated_parent,6,4,4,24,2,4.125110345981827,0,False,255.0,255.0,8929,3881
1664,has_validated_parent,6,4,4,24,2,1.8522272606425076,0,False,255.0,255.0,8999,3909
1665,has_validated_parent,6,4,4,24,2,2.1423295411621885,0,False,255.0,255.0,9055,3968
1666,fewer_than_three_L_observations,6,2,2,0,0,,0,True,255.0,255.0,8989,3960
1667,all_generated_rejected_by_residual,6,4,4,24,0,5.865475636482809,1,True,255.0,255.0,8968,3973
1668,has_validated_parent,6,4,4,24,2,1.7320672315435726,0,False,255.0,255.0,9042,3988
1669,all_generated_rejected_by_residual,6,3,3,6,0,17.61727968459321,0,True,255.0,255.0,9032,3998
1670,all_generated_rejected_by_residual,6,3,3,6,0,17.56587693986719,0,True,255.0,255.0,9067,3987
1671,has_validated_parent,6,4,4,24,2,1.3247069877159585,0,False,255.0,255.0,9088,3974
1672,has_validated_parent,6,4,4,24,2,1.4917628589941903,0,False,255.0,255.0,9141,3982
1673,all_generated_rejected_by_residual,6,3,3,6,0,17.59863517656517,0,True,255.0,255.0,9163,3994
1674,has_validated_parent,6,4,4,24,2,1.4697824495909586,0,False,255.0,255.0,9167,3995
1675,has_validated_parent,6,4,4,24,2,1.8688667449636365,0,False,255.0,255.0,9162,4011
