frame,timestamp_ms,detected,id,score,bbox_x,bbox_y,bbox_w,bbox_h,lt_x,lt_y,rt_x,rt_y,rb_x,rb_y,lb_x,lb_y
0,0.000,1,0,0.951,818.354,325.752,193.246,189.073,819.220,325.752,1011.600,327.129,1010.813,514.825,818.354,512.774
1,14.203,1,0,0.948,851.740,327.000,193.760,187.805,853.799,327.000,1045.500,327.000,1045.500,514.805,851.740,512.764
2,28.406,1,0,0.944,860.935,327.000,193.559,187.833,861.450,327.000,1054.287,327.000,1054.494,514.833,860.935,512.743
3,42.609,1,0,0.949,871.082,327.000,193.542,187.583,872.577,327.000,1064.572,327.000,1064.623,514.583,871.082,514.061
4,56.811,1,0,0.945,886.500,327.000,193.491,187.500,886.500,327.000,1079.716,327.000,1079.991,514.500,886.500,514.500
5,71.014,1,0,0.957,895.233,327.000,192.640,187.500,895.570,327.000,1087.804,327.000,1087.873,514.500,895.233,514.500
6,85.217,1,0,0.949,908.696,326.879,193.804,187.621,910.802,326.879,1102.500,327.393,1102.500,514.500,908.696,514.500
7,99.420,1,0,0.953,917.622,326.970,193.878,187.530,918.528,326.970,1111.500,327.098,1111.500,514.500,917.622,514.500
8,113.623,1,0,0.945,927.860,326.954,194.855,187.953,929.618,326.954,1122.580,327.381,1122.714,514.907,927.860,514.403
9,127.826,1,0,0.952,943.500,326.773,193.500,187.727,943.500,326.773,1137.000,328.027,1137.000,514.500,943.500,514.500
10,142.029,1,0,0.948,951.254,326.758,194.742,188.975,952.787,326.758,1145.788,328.471,1145.995,515.733,951.254,514.279
11,156.232,1,0,0.952,962.313,326.766,193.810,189.365,962.697,326.766,1156.072,328.607,1156.124,516.131,962.313,514.157
12,170.434,1,0,0.953,978.000,326.744,193.494,189.616,978.000,326.744,1171.218,328.678,1171.494,516.359,978.000,514.207
13,184.637,1,0,0.956,985.808,326.820,193.565,189.515,987.237,326.820,1179.304,328.725,1179.374,516.335,985.808,514.250
14,198.840,1,0,0.957,996.827,326.821,193.511,189.519,997.184,326.821,1190.111,328.737,1190.338,516.340,996.827,514.240
15,213.043,1,0,0.958,1012.500,326.822,193.663,189.522,1012.500,326.822,1204.258,328.738,1206.163,516.344,1012.500,514.236
16,227.246,1,0,0.958,1020.375,326.814,193.541,189.528,1020.375,326.814,1213.439,328.753,1213.916,516.342,1020.375,514.236
17,241.449,1,0,0.949,1030.219,326.734,194.630,189.554,1030.219,326.734,1224.298,328.788,1224.849,516.287,1030.219,514.243
18,255.652,1,0,0.952,1045.103,328.500,193.890,187.915,1045.733,328.500,1238.715,328.500,1238.992,516.415,1045.103,514.472
19,269.854,1,0,0.950,1053.276,328.500,194.817,187.604,1053.433,328.500,1246.575,328.500,1248.092,516.104,1053.276,515.618
20,284.057,1,0,0.961,1064.319,328.500,193.822,187.805,1064.358,328.500,1257.558,328.500,1258.141,516.305,1064.319,515.811
21,298.260,1,0,0.962,1074.955,328.500,193.878,187.739,1074.965,328.500,1268.165,328.500,1268.833,516.239,1074.955,515.836
22,312.463,1,0,0.964,1090.500,328.500,193.663,188.906,1090.500,328.500,1282.263,328.500,1284.163,517.406,1090.500,515.680
23,326.666,1,0,0.955,1098.375,328.500,193.541,189.072,1098.375,328.500,1291.441,328.500,1291.916,517.572,1098.375,515.704
24,340.869,1,0,0.954,1108.219,328.500,194.635,189.135,1108.219,328.500,1302.735,328.500,1302.854,517.635,1108.219,515.713
25,355.072,1,0,0.955,1123.019,328.500,195.646,189.145,1123.019,328.500,1316.770,328.500,1318.665,517.645,1123.626,515.715
26,369.274,1,0,0.948,1131.255,328.500,195.465,189.285,1131.255,328.500,1325.586,328.500,1326.719,517.785,1131.406,515.741
27,383.477,1,0,0.953,1142.314,328.500,195.286,189.329,1142.314,328.500,1335.828,328.500,1337.600,517.829,1142.352,515.725
28,397.680,1,0,0.955,1157.405,328.500,195.722,189.344,1157.405,328.500,1351.190,328.500,1353.127,517.844,1158.152,515.767
29,411.883,1,0,0.965,1165.740,328.500,195.378,189.086,1165.740,328.500,1359.110,328.500,1361.118,517.586,1166.094,517.067
30,426.086,1,0,0.968,1176.810,328.500,195.187,189.022,1176.810,328.500,1370.045,328.500,1371.997,517.522,1176.898,517.392
31,440.289,1,0,0.971,1190.765,328.500,195.492,189.000,1190.765,328.500,1384.185,328.500,1386.256,517.500,1192.853,517.500
32,454.492,1,0,0.964,1198.632,328.500,196.545,189.000,1198.632,328.500,1393.241,328.500,1395.177,517.500,1200.706,517.500
33,468.695,1,0,0.962,1209.662,328.500,195.756,189.000,1209.662,328.500,1404.618,328.500,1405.418,517.500,1210.600,517.500
34,482.897,1,0,0.958,1220.231,328.500,196.691,189.000,1220.231,328.500,1415.168,328.500,1416.922,517.500,1222.018,517.500
35,497.100,1,0,0.954,1236.018,328.500,196.703,189.000,1236.018,328.500,1430.759,328.500,1432.721,517.500,1236.282,517.500
36,511.303,0,-1,0,,,,,,,,,,,,
37,525.506,0,-1,0,,,,,,,,,,,,
38,539.709,0,-1,0,,,,,,,,,,,,
39,553.912,0,-1,0,,,,,,,,,,,,
40,568.115,0,-1,0,,,,,,,,,,,,
41,582.317,0,-1,0,,,,,,,,,,,,
42,596.520,0,-1,0,,,,,,,,,,,,
43,610.723,0,-1,0,,,,,,,,,,,,
44,624.926,0,-1,0,,,,,,,,,,,,
45,639.129,0,-1,0,,,,,,,,,,,,
46,653.332,0,-1,0,,,,,,,,,,,,
47,667.535,0,-1,0,,,,,,,,,,,,
48,681.737,0,-1,0,,,,,,,,,,,,
49,695.940,0,-1,0,,,,,,,,,,,,
50,710.143,0,-1,0,,,,,,,,,,,,
51,724.346,0,-1,0,,,,,,,,,,,,
52,738.549,0,-1,0,,,,,,,,,,,,
53,752.752,0,-1,0,,,,,,,,,,,,
54,766.955,0,-1,0,,,,,,,,,,,,
55,781.158,0,-1,0,,,,,,,,,,,,
56,795.360,0,-1,0,,,,,,,,,,,,
57,809.563,0,-1,0,,,,,,,,,,,,
58,823.766,0,-1,0,,,,,,,,,,,,
59,837.969,0,-1,0,,,,,,,,,,,,
60,852.172,0,-1,0,,,,,,,,,,,,
61,866.375,0,-1,0,,,,,,,,,,,,
62,880.578,0,-1,0,,,,,,,,,,,,
63,894.780,0,-1,0,,,,,,,,,,,,
64,908.983,0,-1,0,,,,,,,,,,,,
65,923.186,0,-1,0,,,,,,,,,,,,
66,937.389,0,-1,0,,,,,,,,,,,,
67,951.592,0,-1,0,,,,,,,,,,,,
68,965.795,0,-1,0,,,,,,,,,,,,
69,979.998,0,-1,0,,,,,,,,,,,,
70,994.200,0,-1,0,,,,,,,,,,,,
71,1008.403,0,-1,0,,,,,,,,,,,,
72,1022.606,0,-1,0,,,,,,,,,,,,
73,1036.809,0,-1,0,,,,,,,,,,,,
74,1051.012,0,-1,0,,,,,,,,,,,,
75,1065.215,0,-1,0,,,,,,,,,,,,
76,1079.418,0,-1,0,,,,,,,,,,,,
77,1093.621,0,-1,0,,,,,,,,,,,,
78,1107.823,0,-1,0,,,,,,,,,,,,
79,1122.026,0,-1,0,,,,,,,,,,,,
80,1136.229,0,-1,0,,,,,,,,,,,,
81,1150.432,0,-1,0,,,,,,,,,,,,
82,1164.635,0,-1,0,,,,,,,,,,,,
83,1178.838,0,-1,0,,,,,,,,,,,,
84,1193.041,0,-1,0,,,,,,,,,,,,
85,1207.243,0,-1,0,,,,,,,,,,,,
86,1221.446,0,-1,0,,,,,,,,,,,,
87,1235.649,0,-1,0,,,,,,,,,,,,
88,1249.852,0,-1,0,,,,,,,,,,,,
89,1264.055,0,-1,0,,,,,,,,,,,,
90,1278.258,0,-1,0,,,,,,,,,,,,
91,1292.461,0,-1,0,,,,,,,,,,,,
92,1306.663,0,-1,0,,,,,,,,,,,,
93,1320.866,0,-1,0,,,,,,,,,,,,
94,1335.069,0,-1,0,,,,,,,,,,,,
95,1349.272,0,-1,0,,,,,,,,,,,,
96,1363.475,0,-1,0,,,,,,,,,,,,
97,1377.678,0,-1,0,,,,,,,,,,,,
98,1391.881,0,-1,0,,,,,,,,,,,,
99,1406.084,0,-1,0,,,,,,,,,,,,
100,1420.286,0,-1,0,,,,,,,,,,,,
101,1434.489,0,-1,0,,,,,,,,,,,,
102,1448.692,0,-1,0,,,,,,,,,,,,
103,1462.895,0,-1,0,,,,,,,,,,,,
104,1477.098,0,-1,0,,,,,,,,,,,,
105,1491.301,0,-1,0,,,,,,,,,,,,
106,1505.504,0,-1,0,,,,,,,,,,,,
107,1519.706,0,-1,0,,,,,,,,,,,,
108,1533.909,0,-1,0,,,,,,,,,,,,
109,1548.112,0,-1,0,,,,,,,,,,,,
110,1562.315,0,-1,0,,,,,,,,,,,,
111,1576.518,0,-1,0,,,,,,,,,,,,
112,1590.721,0,-1,0,,,,,,,,,,,,
113,1604.924,0,-1,0,,,,,,,,,,,,
114,1619.126,0,-1,0,,,,,,,,,,,,
115,1633.329,0,-1,0,,,,,,,,,,,,
116,1647.532,0,-1,0,,,,,,,,,,,,
117,1661.735,0,-1,0,,,,,,,,,,,,
118,1675.938,0,-1,0,,,,,,,,,,,,
119,1690.141,0,-1,0,,,,,,,,,,,,
120,1704.344,0,-1,0,,,,,,,,,,,,
121,1718.547,0,-1,0,,,,,,,,,,,,
122,1732.749,0,-1,0,,,,,,,,,,,,
123,1746.952,0,-1,0,,,,,,,,,,,,
124,1761.155,0,-1,0,,,,,,,,,,,,
125,1775.358,0,-1,0,,,,,,,,,,,,
126,1789.561,0,-1,0,,,,,,,,,,,,
127,1803.764,1,1,0.966,1233.000,328.327,195.131,190.828,1233.000,328.327,1426.180,330.195,1428.131,519.155,1233.000,517.222
128,1817.967,1,1,0.972,1225.125,328.249,193.902,190.900,1225.125,328.249,1418.334,330.242,1419.027,519.150,1225.125,517.209
129,1832.169,1,1,0.963,1214.156,328.223,194.849,190.925,1214.156,328.223,1407.413,330.231,1409.005,519.148,1214.156,517.208
130,1846.372,1,1,0.961,1198.333,328.331,195.228,190.857,1198.333,328.331,1393.187,330.240,1393.561,519.189,1200.284,516.999
131,1860.575,1,1,0.961,1190.583,328.246,195.275,190.914,1190.583,328.246,1384.243,330.230,1385.858,519.160,1191.071,517.151
132,1874.778,1,1,0.961,1179.646,328.187,195.185,190.912,1179.646,328.187,1373.069,330.217,1374.831,519.099,1179.768,517.259
133,1888.981,1,1,0.952,1164.045,328.178,195.293,190.948,1164.045,328.178,1358.903,330.296,1359.338,519.126,1164.239,516.950
134,1903.184,1,1,0.959,1156.136,328.216,195.201,190.914,1156.136,328.216,1349.870,330.249,1351.337,519.129,1156.185,516.942
135,1917.387,1,1,0.955,1145.104,328.211,195.105,190.430,1146.278,328.211,1339.842,330.154,1340.209,518.641,1145.104,516.167
136,1931.589,1,1,0.965,1131.000,328.267,193.500,189.659,1131.000,328.267,1324.500,330.157,1324.500,517.926,1131.000,515.651
137,1945.792,1,1,0.966,1123.125,328.250,193.509,189.676,1123.125,328.250,1316.293,330.221,1316.634,517.925,1123.125,515.657
138,1959.995,1,1,0.966,1112.156,328.219,193.502,189.644,1112.156,328.219,1305.573,330.194,1305.659,517.863,1112.156,515.716
139,1974.198,1,1,0.967,1101.539,328.222,193.501,189.605,1101.539,328.222,1295.018,330.219,1295.040,517.827,1101.539,515.713
140,1988.401,1,1,0.958,1086.000,328.269,194.040,189.492,1086.000,328.269,1280.040,330.158,1279.275,517.761,1086.000,515.617
141,2002.604,1,1,0.959,1077.642,328.270,194.118,189.531,1078.266,328.270,1271.760,330.154,1271.569,517.801,1077.642,515.682
142,2016.807,1,1,0.954,1066.794,328.191,195.021,189.625,1068.582,328.191,1261.815,330.120,1261.767,517.816,1066.794,515.675
143,2031.010,1,1,0.957,1052.764,328.143,193.736,189.672,1054.798,328.143,1246.500,330.085,1246.500,517.815,1052.764,515.709
144,2045.212,1,1,0.959,1045.066,328.173,193.559,189.705,1045.575,328.173,1238.625,329.845,1238.625,517.879,1045.066,515.548
145,2059.415,1,1,0.957,1035.123,328.358,192.945,189.575,1035.523,328.358,1228.068,329.241,1227.490,517.932,1035.123,515.298
146,2073.618,1,1,0.949,1020.000,328.246,193.546,189.556,1020.000,328.246,1213.546,329.778,1213.454,517.802,1020.000,514.290
147,2087.821,1,1,0.947,1011.992,328.436,193.645,189.338,1012.276,328.436,1205.637,328.819,1205.613,517.775,1011.992,514.302
148,2102.024,1,1,0.943,1001.038,328.484,194.746,189.277,1002.551,328.484,1195.784,328.580,1195.778,517.761,1001.038,514.194
149,2116.227,1,1,0.951,986.885,328.500,193.615,189.224,988.787,328.500,1180.500,328.500,1180.500,517.724,986.885,513.868
150,2130.430,1,1,0.955,979.096,328.138,193.568,189.222,979.572,328.138,1172.664,329.077,1171.228,517.360,979.096,513.957
151,2144.632,1,1,0.951,968.116,327.582,194.010,189.951,969.558,327.582,1162.127,329.041,1161.191,517.532,968.116,513.822
152,2158.835,1,1,0.948,957.428,327.408,193.729,189.761,958.241,327.408,1151.157,329.041,1150.923,517.169,957.428,513.981
153,2173.038,1,1,0.940,941.853,326.976,195.209,190.121,944.198,326.976,1137.062,329.005,1136.639,517.097,941.853,514.044
154,2187.241,1,1,0.950,933.892,326.965,195.328,189.841,936.414,326.965,1129.220,329.006,1127.650,516.806,933.892,514.092
155,2201.444,1,1,0.954,924.029,326.805,194.151,189.632,926.230,326.805,1118.180,329.114,1117.788,516.438,924.029,514.179
156,2215.647,1,1,0.962,910.150,326.760,193.902,189.531,912.326,326.760,1104.052,328.695,1102.196,516.291,910.150,514.117
157,2229.850,1,1,0.959,902.402,326.805,193.075,189.523,903.233,326.805,1095.477,328.756,1094.435,516.328,902.402,514.217
158,2244.052,1,1,0.956,891.264,326.790,194.196,189.526,893.693,326.790,1085.460,328.686,1084.611,516.317,891.264,514.209
159,2258.255,1,1,0.959,881.557,326.830,194.233,189.551,884.131,326.830,1075.790,328.755,1074.180,516.380,881.557,514.057
160,2272.458,1,1,0.962,871.522,326.781,193.973,189.429,873.797,326.781,1065.496,328.699,1063.702,516.209,871.522,514.163
161,2286.661,1,1,0.958,861.095,326.764,193.942,189.466,863.360,326.764,1055.037,328.684,1053.188,516.230,861.095,514.147
162,2300.864,1,1,0.958,851.512,326.787,193.510,189.356,853.961,326.787,1045.022,328.667,1043.881,516.144,851.512,513.992
163,2315.067,1,1,0.958,842.878,326.947,192.439,188.223,843.490,326.947,1035.317,327.417,1034.528,515.170,842.878,513.251
164,2329.270,1,1,0.957,833.746,326.987,192.161,187.901,835.451,326.987,1025.907,327.104,1025.851,514.888,833.746,512.776
165,2343.473,1,1,0.962,824.695,326.997,192.282,187.857,826.737,326.997,1016.977,327.026,1016.963,514.854,824.695,512.721
166,2357.675,1,1,0.960,816.879,326.999,192.240,187.846,818.908,326.999,1009.119,327.007,1009.116,514.846,816.879,512.709
167,2371.878,1,1,0.959,810.257,327.000,191.079,187.841,811.206,327.000,1001.336,327.002,1001.268,514.841,810.257,512.716
168,2386.081,1,1,0.961,802.836,327.000,191.123,187.830,803.692,327.000,993.959,327.000,993.942,514.830,802.836,512.704
169,2400.284,1,1,0.967,795.639,327.000,190.850,187.847,797.398,327.000,986.490,327.000,986.485,514.847,795.639,512.696
170,2414.487,1,1,0.966,789.535,327.000,190.588,187.831,789.974,327.000,980.122,327.000,980.121,514.831,789.535,512.704
171,2428.690,1,1,0.965,783.051,327.000,190.980,187.839,784.081,327.000,974.031,327.000,974.030,514.839,783.051,512.718
172,2442.893,1,1,0.969,776.873,327.000,191.135,187.842,779.089,327.000,968.008,327.000,968.008,514.842,776.873,512.716
173,2457.095,1,1,0.975,769.770,325.548,192.442,189.293,773.202,325.548,962.211,328.134,960.685,514.840,769.770,512.717
174,2471.298,1,1,0.964,762.434,325.219,193.116,189.579,765.163,325.219,955.551,327.551,953.123,514.798,762.434,511.343
175,2485.501,1,1,0.955,752.699,325.160,194.300,189.799,756.255,325.160,946.999,327.410,944.474,514.959,752.699,510.981
176,2499.704,1,1,0.949,741.521,325.160,195.798,189.724,746.363,325.160,937.318,327.660,934.089,514.884,741.521,510.980
177,2513.907,1,1,0.954,727.175,325.200,195.109,189.588,731.088,325.200,922.284,327.174,918.869,514.788,727.175,510.854
178,2528.110,1,1,0.949,718.563,325.174,194.975,189.570,722.956,325.174,913.538,327.591,911.034,514.745,718.563,510.864
179,2542.313,1,1,0.946,709.207,325.261,194.273,189.422,712.013,325.261,903.480,327.400,901.197,514.683,709.207,510.884
180,2556.515,1,1,0.945,694.430,325.340,193.433,188.768,696.920,325.340,887.864,327.267,886.143,514.108,694.430,510.984
181,2570.718,1,1,0.947,686.396,325.278,193.225,189.190,688.573,325.278,879.622,327.201,878.324,514.468,686.396,511.121
182,2584.921,1,1,0.942,675.414,325.321,193.508,188.687,677.626,325.321,868.922,327.251,867.390,514.008,675.414,511.183
183,2599.124,1,1,0.940,659.843,325.295,193.886,188.000,663.296,325.295,853.729,327.157,851.721,513.295,659.843,511.210
184,2613.327,1,1,0.937,650.929,325.363,193.809,187.933,653.618,325.363,844.738,326.206,842.725,513.296,650.929,511.210
185,2627.530,1,1,0.939,637.297,325.500,191.303,186.000,637.685,325.500,828.600,325.500,827.841,511.500,637.297,511.500
186,2641.733,1,1,0.949,628.496,324.295,191.725,187.359,628.496,325.870,818.615,324.295,820.221,510.143,629.769,511.654
187,2655.936,1,1,0.967,619.390,323.135,191.344,188.486,619.390,326.274,808.456,323.135,810.734,508.852,621.170,511.621
188,2670.138,1,1,0.974,613.504,321.588,189.969,189.828,613.504,326.132,800.039,321.588,803.473,507.871,614.414,511.416
189,2684.341,1,1,0.980,608.762,320.474,189.983,190.186,608.762,326.023,794.880,320.474,798.745,506.397,611.648,510.660
190,2698.544,1,1,0.977,606.413,319.368,191.080,191.049,606.413,325.864,792.275,319.368,797.493,505.387,610.428,510.417
191,2712.747,1,1,0.979,605.793,319.323,191.198,191.485,605.793,325.807,791.511,319.323,796.991,504.929,609.257,510.808
192,2726.950,1,1,0.981,605.205,320.304,190.648,191.097,605.205,325.678,790.831,320.304,795.853,506.329,607.968,511.401
193,2741.153,1,1,0.980,603.603,320.975,189.876,190.451,603.603,325.794,790.158,320.975,793.479,507.321,605.798,511.426
194,2755.356,1,1,0.981,601.869,322.110,189.688,189.431,601.869,325.916,788.052,322.110,791.557,507.795,603.870,511.541
195,2769.558,1,1,0.975,600.467,323.449,188.345,188.079,600.467,325.837,786.336,323.449,788.812,509.194,600.968,511.528
196,2783.761,1,1,0.976,597.805,324.987,187.773,186.520,599.234,325.584,784.959,324.987,785.578,510.923,597.805,511.507
197,2797.964,1,1,0.980,594.499,325.320,190.316,187.365,598.919,325.320,784.815,326.564,782.070,512.685,594.499,511.272
198,2812.167,1,1,0.980,592.254,322.704,192.680,189.428,598.523,322.704,784.933,325.800,779.704,512.132,592.254,508.229
199,2826.370,1,1,0.974,588.518,319.812,195.091,192.013,596.867,319.812,783.609,325.848,777.058,511.826,588.518,505.567
200,2840.573,1,1,0.971,582.978,317.988,197.114,192.928,592.917,317.988,780.092,325.036,772.139,510.916,582.978,502.783
201,2854.776,1,1,0.957,575.512,316.749,198.917,193.703,585.785,316.749,774.429,325.007,764.918,510.451,575.512,501.589
202,2868.978,1,1,0.954,566.236,317.036,199.120,193.686,576.742,317.036,765.356,324.801,756.218,510.722,566.236,501.778
203,2883.181,1,1,0.951,556.319,318.221,198.648,192.521,566.303,318.221,754.967,324.687,746.509,510.742,556.319,503.199
204,2897.384,1,1,0.943,542.312,318.973,198.455,191.518,550.720,318.973,740.766,325.732,732.673,510.491,542.312,504.978
205,2911.587,1,1,0.947,534.595,321.236,196.551,190.180,540.809,321.236,731.146,325.820,724.257,511.416,534.595,507.132
206,2925.790,1,1,0.944,521.677,325.316,192.367,188.017,523.834,325.316,714.044,326.971,711.748,513.334,521.677,511.265
207,2939.993,1,1,0.951,514.132,324.583,190.663,186.250,515.969,325.675,704.795,324.583,704.413,510.833,514.132,510.316
208,2954.196,1,1,0.963,506.533,321.905,189.531,188.427,506.992,325.741,694.211,321.905,696.064,508.502,506.533,510.332
209,2968.399,1,1,0.974,497.807,319.831,189.945,190.407,497.807,325.744,684.999,319.831,687.753,505.757,500.191,510.237
210,2982.601,1,1,0.973,489.938,317.763,191.626,192.435,489.938,325.449,677.057,317.763,681.565,503.217,494.429,510.199
211,2996.804,1,1,0.971,483.142,316.095,192.741,193.702,483.142,324.698,669.449,316.095,675.883,501.260,488.526,509.797
212,3011.007,1,1,0.978,478.519,316.024,191.967,193.384,478.519,324.877,663.934,316.024,670.486,500.823,483.185,509.408
213,3025.210,1,1,0.977,473.897,316.443,192.304,193.186,473.897,325.267,659.417,316.443,666.202,501.704,478.751,509.629
214,3039.413,1,1,0.981,470.749,317.268,190.828,192.651,470.749,325.402,655.992,317.268,661.577,502.783,474.736,509.919
215,3053.616,1,1,0.978,468.539,319.856,189.115,190.739,468.539,325.758,654.112,319.856,657.654,505.350,471.280,510.594
216,3067.819,1,1,0.974,468.135,322.105,186.779,188.850,468.135,326.045,654.028,322.105,654.913,507.478,468.820,510.955
217,3082.021,1,1,0.968,468.045,324.113,186.184,187.232,468.407,325.796,654.007,324.113,654.228,509.096,468.045,511.345
218,3096.224,1,1,0.969,465.694,325.153,188.493,186.443,469.339,325.574,654.187,325.153,652.670,511.596,465.694,510.040
219,3110.427,1,1,0.980,463.473,323.258,190.762,188.349,469.548,323.258,654.235,325.678,650.231,511.607,463.473,508.459
220,3124.630,1,1,0.975,459.618,320.146,194.109,190.595,468.707,320.146,653.727,325.105,647.100,510.740,459.618,505.124
221,3138.833,1,1,0.968,453.406,316.904,197.286,192.858,464.905,316.904,650.693,324.468,641.445,509.761,453.406,501.289
222,3153.036,1,1,0.956,445.304,314.857,199.099,194.564,458.306,314.857,644.403,324.090,633.758,509.421,445.304,498.759
223,3167.239,1,1,0.955,436.072,314.832,200.087,194.481,449.054,314.832,636.159,323.833,624.599,509.312,436.072,499.220
224,3181.441,1,1,0.949,426.596,316.168,199.521,193.376,438.124,316.168,626.118,324.592,614.885,509.544,426.596,500.366
225,3195.644,1,1,0.948,412.706,317.428,197.885,191.988,423.397,317.428,610.592,324.640,601.944,509.416,412.706,501.975
226,3209.847,1,1,0.947,404.465,318.526,198.127,191.575,415.015,318.526,602.592,324.443,593.749,510.101,404.465,502.780
227,3224.050,1,1,0.947,390.965,320.513,196.696,190.092,399.156,320.513,587.661,325.136,580.095,510.605,390.965,504.930
228,3238.253,1,1,0.940,381.995,322.861,195.840,188.586,388.491,322.861,577.836,325.603,570.983,511.448,381.995,508.311
229,3252.456,1,1,0.934,365.486,325.400,192.713,186.100,369.917,325.909,558.199,325.400,556.125,511.500,365.486,511.500
230,3266.659,1,1,0.928,355.690,325.475,192.425,184.900,359.163,325.602,548.115,325.475,546.001,510.375,355.690,510.375
231,3280.862,1,1,0.931,340.161,325.578,190.657,184.422,342.243,325.714,530.818,325.578,529.037,510.000,340.161,510.000
232,3295.064,1,1,0.941,330.100,324.365,189.605,186.233,332.154,326.268,519.705,324.365,519.259,509.682,330.100,510.598
233,3309.267,1,1,0.938,313.241,323.656,189.259,187.247,314.764,326.370,502.500,323.656,502.500,508.121,313.241,510.903
234,3323.470,1,1,0.938,303.227,323.699,189.148,187.102,305.042,326.546,492.375,323.699,492.375,507.951,303.227,510.801
235,3337.673,1,1,0.940,287.898,323.797,189.046,186.923,289.816,327.015,476.777,323.797,476.944,508.026,287.898,510.720
236,3351.876,1,1,0.947,279.402,323.839,188.584,186.579,282.060,327.090,467.944,323.839,467.986,508.100,279.402,510.417
237,3366.079,1,1,0.956,266.495,323.939,187.956,186.698,268.860,327.547,454.451,323.939,453.160,509.731,266.495,510.636
238,3380.282,1,1,0.961,258.758,324.320,187.175,186.192,260.976,327.446,445.933,324.320,445.056,509.834,258.758,510.512
239,3394.484,1,1,0.956,248.966,325.062,187.746,185.562,251.527,327.334,436.712,325.062,435.066,509.756,248.966,510.624
240,3408.687,1,1,0.956,239.396,325.341,188.238,185.578,242.856,327.292,427.634,325.341,425.784,509.683,239.396,510.919
241,3422.890,1,1,0.961,229.970,325.308,188.321,185.078,233.279,327.406,418.291,325.308,415.629,509.794,229.970,510.386
242,3437.093,1,1,0.960,220.311,325.400,188.735,185.465,224.107,327.369,409.046,325.400,406.142,509.699,220.311,510.865
243,3451.296,1,1,0.959,211.071,326.600,187.508,184.854,214.106,327.092,398.578,326.600,397.298,510.776,211.071,511.454
244,3465.499,1,1,0.961,201.011,326.900,188.701,184.589,205.826,327.023,389.712,326.900,386.767,511.319,201.011,511.489
245,3479.702,1,1,0.949,191.692,326.975,189.078,184.522,196.133,327.006,380.770,326.975,377.272,511.455,191.692,511.497
246,3493.904,1,1,0.955,181.573,326.994,188.942,184.506,186.472,327.001,370.515,326.994,367.206,511.489,181.573,511.499
247,3508.107,1,1,0.946,170.911,326.998,190.621,184.501,177.042,327.000,361.532,326.998,356.674,511.497,170.911,511.500
248,3522.310,1,1,0.950,157.315,327.106,189.389,184.394,162.970,327.106,346.703,327.182,343.099,511.500,157.315,511.500
249,3536.513,1,1,0.948,149.516,326.950,189.119,184.550,154.554,327.289,338.635,326.950,335.430,511.500,149.516,511.500
250,3550.716,1,1,0.961,139.623,326.891,188.860,184.609,145.099,327.335,328.482,326.891,325.246,511.500,139.623,511.500
251,3564.919,1,1,0.958,129.160,327.085,189.255,184.311,135.087,327.653,318.415,327.085,314.779,511.396,129.160,511.382
252,3579.122,1,1,0.950,118.753,327.155,189.381,184.319,124.555,328.602,308.135,327.155,304.176,511.474,118.753,511.471
253,3593.325,1,1,0.953,104.982,327.863,188.773,183.637,109.668,328.645,293.754,327.863,290.290,511.500,104.982,511.500
254,3607.527,1,1,0.950,96.972,328.169,188.780,183.331,101.771,328.662,285.751,328.169,282.276,511.500,96.972,511.500
255,3621.730,1,1,0.954,86.797,328.417,188.345,183.083,91.944,328.540,275.142,328.417,271.498,511.500,86.797,511.500
256,3635.933,1,1,0.951,71.625,328.500,189.342,182.861,77.845,328.500,260.967,328.500,257.130,511.361,71.625,511.343
257,3650.136,1,1,0.954,63.848,328.500,188.672,182.965,69.374,328.500,252.520,328.500,248.145,511.465,63.848,511.461
258,3664.339,1,1,0.957,54.665,328.011,187.482,183.480,58.524,328.614,242.148,328.011,238.006,511.491,54.665,511.490
259,3678.542,1,1,0.960,41.530,326.941,185.955,184.786,44.321,328.792,227.485,326.941,224.546,509.729,41.530,511.727
260,3692.745,1,1,0.969,34.465,325.834,184.606,185.785,37.478,329.405,219.071,325.834,216.822,509.658,34.465,511.619
261,3706.947,1,1,0.975,26.491,324.727,184.045,186.831,29.786,329.602,210.536,324.727,209.337,508.227,26.491,511.558
262,3721.150,1,1,0.974,19.928,324.004,182.777,187.285,22.291,329.762,202.705,324.004,201.846,507.866,19.928,511.289
263,3735.353,1,1,0.977,13.785,323.917,182.466,187.505,15.915,329.992,196.251,323.917,195.469,507.773,13.785,511.422
264,3749.556,1,1,0.977,8.193,325.080,183.595,186.534,11.150,329.701,191.788,325.080,190.271,508.200,8.193,511.613
265,3763.759,0,-1,0,,,,,,,,,,,,
266,3777.962,0,-1,0,,,,,,,,,,,,
267,3792.165,0,-1,0,,,,,,,,,,,,
268,3806.367,0,-1,0,,,,,,,,,,,,
269,3820.570,0,-1,0,,,,,,,,,,,,
270,3834.773,0,-1,0,,,,,,,,,,,,
271,3848.976,0,-1,0,,,,,,,,,,,,
272,3863.179,0,-1,0,,,,,,,,,,,,
273,3877.382,0,-1,0,,,,,,,,,,,,
274,3891.585,0,-1,0,,,,,,,,,,,,
275,3905.788,1,2,0.979,4.024,323.678,180.476,187.804,4.634,329.899,184.500,323.678,184.500,507.641,4.024,511.482
276,3919.990,1,2,0.980,6.433,323.635,181.442,187.860,8.125,329.943,187.875,323.635,187.875,507.643,6.433,511.496
277,3934.193,1,2,0.977,10.358,323.622,181.736,187.921,12.398,329.646,192.094,323.622,192.094,507.527,10.358,511.543
278,3948.396,1,2,0.978,15.860,323.566,182.247,187.828,17.949,329.521,198.108,323.566,197.539,507.468,15.860,511.394
279,3962.599,1,2,0.969,22.817,323.686,182.915,187.784,23.707,329.516,204.936,323.686,205.732,507.391,22.817,511.470
280,3976.802,1,2,0.981,30.226,323.660,182.329,187.863,31.886,329.383,212.555,323.660,212.202,507.684,30.226,511.523
281,3991.005,1,2,0.975,37.931,323.825,181.707,187.546,38.347,329.119,219.639,323.825,219.550,507.640,37.931,511.371
282,4005.208,1,2,0.971,44.090,324.945,183.146,186.742,45.784,329.109,227.235,324.945,225.703,508.689,44.090,511.687
283,4019.410,1,2,0.972,50.274,325.369,183.930,186.272,52.173,329.165,234.204,325.369,231.669,509.460,50.274,511.640
284,4033.613,1,2,0.972,56.138,326.475,184.334,185.327,58.479,329.050,240.472,326.475,237.569,509.699,56.138,511.802
285,4047.816,1,2,0.972,61.964,327.789,185.360,183.786,65.338,328.812,247.324,327.789,243.382,511.050,61.964,511.575
286,4062.019,1,2,0.967,67.130,327.888,186.534,183.630,71.608,328.715,253.664,327.888,249.075,511.387,67.130,511.519
287,4076.222,1,2,0.974,72.442,327.391,187.078,184.321,77.481,327.695,259.520,327.391,254.281,511.712,72.442,510.193
288,4090.425,1,2,0.974,77.520,327.098,186.418,184.685,83.330,327.174,263.938,327.098,259.899,511.783,77.520,509.781
289,4104.628,1,2,0.976,82.128,327.024,187.062,184.749,88.620,327.043,269.189,327.024,264.833,511.774,82.128,509.683
290,4118.830,1,2,0.973,86.738,326.994,186.819,184.574,93.383,328.202,273.557,326.994,269.265,511.568,86.738,511.046
291,4133.033,1,2,0.974,92.326,326.828,186.692,184.689,97.397,328.792,279.018,326.828,274.117,511.517,92.326,511.386
292,4147.236,1,2,0.971,98.100,326.844,185.786,184.660,102.035,328.797,283.887,326.844,279.553,511.504,98.100,511.472
293,4161.439,1,2,0.966,105.004,325.842,185.438,185.810,107.957,328.814,290.442,325.842,287.747,510.136,105.004,511.652
294,4175.642,1,2,0.971,113.757,324.232,183.853,187.116,116.068,328.681,297.611,324.232,296.937,508.260,113.757,511.348
295,4189.845,1,2,0.959,122.939,322.690,184.338,188.279,123.517,328.697,307.278,322.690,307.109,506.945,122.939,510.969
296,4204.048,1,2,0.958,133.110,322.321,184.438,188.829,133.254,328.326,317.258,322.321,317.548,506.616,133.110,511.150
297,4218.251,1,2,0.960,142.402,322.303,184.484,189.241,142.439,328.347,326.815,322.303,326.887,506.688,142.402,511.544
298,4232.453,1,2,0.959,152.337,322.290,184.785,189.199,152.671,328.346,336.801,322.290,337.122,506.683,152.337,511.488
299,4246.656,1,2,0.953,161.962,322.325,185.635,188.987,161.962,328.076,346.126,322.325,347.597,506.585,162.002,511.312
300,4260.859,1,2,0.950,175.500,322.360,186.046,188.620,175.500,327.620,360.942,322.360,361.546,506.683,175.500,510.980
301,4275.062,1,2,0.950,183.105,323.191,186.592,187.186,184.698,327.359,369.697,323.191,369.272,507.607,183.105,510.378
302,4289.265,1,2,0.943,196.465,325.368,188.559,184.632,198.671,327.450,385.024,325.368,381.978,510.000,196.465,510.000
303,4303.468,1,2,0.953,203.257,325.758,190.245,185.570,207.951,325.758,393.502,327.014,388.896,511.328,203.257,509.751
304,4317.671,1,2,0.960,211.527,325.218,191.907,185.379,218.478,325.218,403.433,326.443,397.447,510.597,211.527,508.532
305,4331.873,1,2,0.970,219.471,324.087,192.317,186.516,226.957,324.087,411.788,325.918,404.652,510.603,219.471,507.652
306,4346.076,1,2,0.973,226.150,322.849,192.429,187.411,234.738,322.849,418.579,325.857,411.216,510.260,226.150,506.468
307,4360.279,1,2,0.979,231.635,322.077,192.619,188.159,241.037,322.077,424.254,325.670,416.166,510.236,231.635,505.440
308,4374.482,1,2,0.977,236.323,321.990,192.300,188.354,245.345,321.990,428.623,325.617,420.848,510.343,236.323,505.491
309,4388.685,1,2,0.977,240.323,323.254,191.403,187.097,248.750,323.254,431.726,325.688,424.283,510.351,240.323,506.162
310,4402.888,1,2,0.976,243.930,324.939,189.453,185.899,251.247,324.939,433.383,325.547,428.134,510.838,243.930,507.585
311,4417.091,1,2,0.967,247.623,326.485,188.282,184.850,252.464,326.485,435.905,326.637,430.850,511.334,247.623,510.521
312,4431.293,1,2,0.980,250.532,325.622,187.034,184.865,254.960,327.165,437.566,325.622,434.831,510.230,250.532,510.487
313,4445.496,1,2,0.976,254.759,324.292,185.106,186.894,257.499,327.547,439.866,324.292,439.519,509.617,254.759,511.186
314,4459.699,1,2,0.972,260.565,322.454,184.631,188.563,261.250,327.338,443.894,322.454,445.195,507.307,260.565,511.016
315,4473.902,1,2,0.973,266.555,319.274,186.533,191.063,266.555,326.968,449.011,319.274,453.088,504.009,267.894,510.337
316,4488.105,1,2,0.958,273.366,317.438,188.345,191.983,273.366,326.201,457.031,317.438,461.711,501.578,275.660,509.421
317,4502.308,1,2,0.962,281.251,316.617,189.947,192.848,281.251,325.988,466.075,316.617,471.199,501.076,285.279,509.465
318,4516.511,1,2,0.955,290.409,317.303,191.030,192.715,290.409,326.180,474.928,317.303,481.439,501.235,294.615,510.018
319,4530.714,1,2,0.951,304.313,318.920,190.429,191.374,304.313,326.198,489.764,318.920,494.742,503.359,306.619,510.294
320,4544.916,1,2,0.955,313.317,320.044,189.593,190.293,313.317,326.318,498.915,320.044,502.910,504.827,315.410,510.337
321,4559.119,1,2,0.944,328.500,322.365,188.983,189.022,328.500,326.954,515.531,322.365,517.483,506.932,328.500,511.387
322,4573.322,1,2,0.947,338.365,322.411,188.131,188.192,338.680,326.632,526.008,322.411,526.496,507.487,338.365,510.603
323,4587.525,1,2,0.938,354.000,322.315,189.000,187.885,354.000,326.883,543.000,322.315,543.000,508.140,354.000,510.200
324,4601.728,1,2,0.937,362.750,323.562,190.466,186.488,364.384,326.348,553.216,323.562,552.218,509.535,362.750,510.050
325,4615.931,1,2,0.936,377.747,325.397,192.192,186.103,382.160,325.916,569.939,325.397,568.112,511.500,377.747,511.500
326,4630.134,1,2,0.937,387.131,325.501,193.305,186.216,392.076,325.812,580.437,325.501,577.210,511.717,387.131,510.211
327,4644.336,1,2,0.939,403.340,325.500,193.877,186.312,408.556,325.500,597.218,325.500,593.161,511.812,403.340,509.684
328,4658.539,1,2,0.943,413.689,325.500,193.525,186.311,417.692,325.500,607.214,325.500,602.783,511.811,413.689,509.758
329,4672.742,1,2,0.939,429.087,325.418,193.582,186.082,432.822,325.418,622.669,325.848,618.642,511.500,429.087,511.500
330,4686.945,1,2,0.941,438.393,325.510,193.288,185.990,441.702,325.787,631.680,325.510,627.851,511.500,438.393,511.500
331,4701.148,1,2,0.943,449.633,325.425,192.941,186.075,452.868,325.880,642.574,325.425,638.973,511.500,449.633,511.500
332,4715.351,1,2,0.952,463.578,325.401,192.026,186.099,468.035,325.908,655.603,325.401,653.601,511.500,463.578,511.500
333,4729.554,1,2,0.947,471.203,325.536,192.245,185.964,475.897,325.761,663.448,325.536,661.552,511.500,471.203,511.500
334,4743.756,1,2,0.946,481.051,325.509,192.448,185.991,485.017,325.565,673.500,325.509,671.141,511.500,481.051,511.500
335,4757.959,1,2,0.956,491.033,325.502,192.168,185.998,495.007,325.516,683.201,325.502,680.427,511.500,491.033,511.500
336,4772.162,1,2,0.949,500.359,325.501,192.173,185.999,504.840,325.504,692.532,325.501,690.800,511.500,500.359,511.500
337,4786.365,1,2,0.958,510.721,325.500,192.080,186.277,513.459,325.501,702.801,325.500,699.721,511.778,510.721,511.415
338,4800.568,1,2,0.953,519.004,325.500,192.239,186.069,523.603,325.500,711.243,325.500,709.060,511.569,519.004,511.479
339,4814.771,1,2,0.962,528.813,325.500,191.294,186.779,531.705,325.500,720.107,325.500,717.834,512.279,528.813,511.262
340,4828.974,1,2,0.960,536.790,325.500,191.746,187.416,540.768,325.500,728.536,325.500,726.206,512.916,536.790,511.181
341,4843.177,1,2,0.963,544.684,325.414,192.148,187.638,548.895,325.414,736.832,325.789,734.121,513.053,544.684,511.157
342,4857.379,1,2,0.967,553.261,325.443,191.270,187.714,556.028,325.443,744.532,325.833,742.340,513.157,553.261,511.188
343,4871.582,1,2,0.966,560.531,325.397,191.582,187.793,563.613,325.397,752.113,325.874,749.891,513.190,560.531,511.131
344,4885.785,1,2,0.962,567.394,325.474,192.000,187.751,571.420,325.474,759.393,325.594,757.503,513.226,567.394,511.153
345,4899.988,1,2,0.968,573.783,325.394,192.112,187.936,578.947,325.394,765.894,325.896,764.016,513.331,573.783,511.198
346,4914.191,1,2,0.974,580.933,325.468,191.728,187.864,585.173,325.468,772.661,325.800,770.025,513.332,580.933,511.195
347,4928.394,1,2,0.971,587.276,325.256,192.160,188.069,591.349,325.256,779.436,326.542,776.180,513.325,587.276,511.215
348,4942.597,1,2,0.974,593.577,325.288,191.975,188.038,597.611,325.288,785.553,326.471,782.391,513.326,593.577,511.223
349,4956.799,1,2,0.978,599.714,325.210,191.364,188.106,603.386,325.210,791.078,327.023,788.101,513.316,599.714,511.193
350,4971.002,1,2,0.978,605.273,325.244,191.026,188.071,609.136,325.244,796.299,327.094,794.147,513.315,605.273,511.180
351,4985.205,1,2,0.972,610.130,325.263,191.667,188.065,614.839,325.263,801.797,327.150,800.219,513.328,610.130,511.177
352,4999.408,1,2,0.976,615.595,325.261,191.412,188.074,619.258,325.261,807.007,327.171,805.023,513.335,615.595,511.191
353,5013.611,1,2,0.978,620.525,325.207,191.167,188.138,624.048,325.207,811.692,327.272,809.409,513.345,620.525,511.231
354,5027.814,1,2,0.976,625.193,325.284,190.955,188.095,628.713,325.284,816.148,327.288,813.931,513.378,625.193,511.209
355,5042.017,1,2,0.973,628.648,325.244,191.421,188.106,633.255,325.244,820.069,327.170,818.648,513.349,628.648,511.218
356,5056.219,1,2,0.977,632.906,325.257,191.122,188.046,636.586,325.257,824.028,327.147,822.005,513.303,632.906,511.256
357,5070.422,1,2,0.977,637.082,325.261,190.432,188.053,640.657,325.261,827.514,327.161,825.329,513.314,637.082,511.207
358,5084.625,1,2,0.976,640.298,325.183,191.129,188.145,644.040,325.183,831.427,327.189,829.380,513.328,640.298,511.194
359,5098.828,1,2,0.975,644.042,325.281,190.569,188.065,647.483,325.281,834.611,327.265,832.591,513.346,644.042,511.237
360,5113.031,1,2,0.974,646.724,325.197,190.978,188.160,650.795,325.197,837.701,327.235,835.695,513.357,646.724,511.187
361,5127.234,1,2,0.974,650.151,325.284,190.436,188.068,653.673,325.284,840.587,327.275,838.629,513.352,650.151,511.236
362,5141.437,1,2,0.978,652.714,325.272,190.977,188.079,656.207,325.272,843.691,327.167,841.698,513.350,652.714,511.215
363,5155.640,1,2,0.972,656.389,325.443,189.503,187.910,659.269,325.443,845.892,325.917,844.806,513.353,656.389,511.245
364,5169.842,1,2,0.980,659.973,324.969,189.375,186.994,662.343,325.681,849.348,324.969,849.077,511.963,659.973,511.436
365,5184.045,1,2,0.972,665.618,324.076,189.094,187.555,666.211,325.799,854.712,324.076,854.644,510.217,665.618,511.631
366,5198.248,1,2,0.967,671.535,322.881,191.341,188.850,671.535,325.822,860.195,322.881,862.876,508.656,672.920,511.731
367,5212.451,1,2,0.962,679.624,321.342,192.281,190.077,679.624,325.937,868.293,321.342,871.905,507.894,681.491,511.419
368,5226.654,1,2,0.961,688.317,321.843,193.524,189.684,688.317,325.758,878.183,321.843,881.841,507.785,691.576,511.527
369,5240.857,1,2,0.946,698.397,322.283,194.032,189.456,698.397,326.412,889.247,322.283,892.429,508.865,700.792,511.739
370,5255.060,1,2,0.955,714.000,322.514,192.874,189.949,714.000,326.308,903.072,322.514,906.874,509.177,714.000,512.464
371,5269.262,1,2,0.959,721.637,322.499,193.264,189.799,721.637,326.243,911.015,322.499,914.901,509.296,723.251,512.298
372,5283.465,1,2,0.953,730.363,322.501,194.829,189.576,730.363,326.248,920.570,322.501,925.192,509.504,733.776,512.077
373,5297.668,1,2,0.948,740.392,322.527,195.269,189.461,740.392,326.425,931.767,322.527,935.661,509.554,743.812,511.987
374,5311.871,1,2,0.945,755.777,323.212,194.798,188.794,755.777,326.068,946.795,323.212,950.575,509.613,757.813,512.005
375,5326.074,1,2,0.940,764.803,323.754,195.127,188.873,764.803,325.862,957.281,323.754,959.930,510.586,766.846,512.627
376,5340.277,1,2,0.940,781.500,325.480,193.564,187.630,781.500,325.480,974.684,325.521,975.064,511.089,781.500,513.110
377,5354.480,1,2,0.941,791.625,325.566,193.510,187.461,791.625,325.650,984.832,325.566,985.135,512.522,791.625,513.028
378,5368.682,1,2,0.954,808.098,325.571,192.402,187.429,808.602,325.716,1000.500,325.571,1000.500,513.000,808.098,513.000
379,5382.885,1,2,0.949,817.400,325.405,192.100,187.595,817.526,325.874,1009.500,325.405,1009.500,513.000,817.400,513.000
380,5397.088,1,2,0.954,828.725,325.398,192.025,187.602,828.756,325.906,1020.750,325.398,1020.750,513.000,828.725,513.000
381,5411.291,1,2,0.955,844.100,325.346,192.400,188.559,844.597,325.933,1036.500,325.346,1036.500,513.905,844.100,512.826
382,5425.494,1,2,0.947,852.275,326.237,193.225,188.351,852.399,326.237,1045.500,326.632,1045.500,514.587,852.275,512.740
383,5439.697,1,2,0.942,862.737,326.809,194.020,187.970,863.448,326.809,1056.414,326.908,1056.757,514.779,862.737,512.765
384,5453.900,1,2,0.949,877.157,327.000,194.444,187.500,879.332,327.000,1071.600,327.000,1070.814,514.500,877.157,514.500
385,5468.103,1,2,0.948,886.414,327.000,193.736,187.500,886.958,327.000,1080.150,327.000,1079.953,514.500,886.414,514.500
386,5482.305,1,2,0.946,897.729,327.000,193.559,187.500,897.865,327.000,1091.288,327.000,1091.238,514.500,897.729,514.500
387,5496.508,1,2,0.946,913.147,326.921,193.853,187.579,913.590,326.921,1107.000,327.348,1107.000,514.500,913.147,514.500
388,5510.711,1,2,0.943,921.210,326.894,194.790,187.771,922.755,326.894,1116.000,327.379,1116.000,514.665,921.210,514.382
389,5524.914,1,2,0.951,932.066,326.889,194.059,187.815,933.829,326.889,1126.125,327.384,1126.125,514.703,932.066,514.353
390,5539.117,1,2,0.949,948.000,326.818,193.500,189.310,948.000,326.818,1141.500,327.766,1141.500,516.127,948.000,514.183
391,5553.320,1,2,0.960,956.662,326.745,192.713,189.488,957.109,326.745,1149.375,328.457,1149.375,516.233,956.662,514.187
392,5567.523,1,2,0.956,967.041,326.747,193.299,189.580,967.152,326.747,1160.132,328.620,1160.339,516.327,967.041,514.206
393,5581.725,1,2,0.960,982.099,326.698,192.401,189.617,982.604,326.698,1174.500,328.668,1174.500,516.315,982.099,514.223
394,5595.928,1,2,0.956,990.275,326.749,193.225,189.527,990.401,326.749,1183.500,328.660,1183.500,516.276,990.275,514.144
395,5610.131,1,2,0.951,1000.100,326.823,194.644,189.504,1001.587,326.823,1194.536,328.731,1194.744,516.326,1000.100,514.234
396,5624.334,1,2,0.959,1015.500,326.826,193.500,189.516,1015.500,326.826,1209.000,328.752,1209.000,516.342,1015.500,514.236
397,5638.537,1,2,0.953,1023.375,326.914,193.500,190.368,1023.375,326.914,1216.875,328.935,1216.875,517.282,1023.375,514.209
398,5652.740,1,2,0.968,1032.993,326.716,193.900,190.970,1034.622,326.716,1226.893,329.155,1225.404,517.686,1032.993,513.972
399,5666.943,1,2,0.969,1041.838,326.641,193.471,191.122,1044.111,326.641,1235.310,329.245,1234.364,517.763,1041.838,513.881
400,5681.145,1,2,0.975,1049.768,326.622,193.468,191.155,1052.266,326.622,1243.235,329.274,1242.136,517.776,1049.768,513.870
401,5695.348,1,2,0.974,1056.574,326.700,193.645,191.219,1058.729,326.700,1250.218,329.281,1248.544,517.919,1056.574,513.820
402,5709.551,1,2,0.975,1062.775,326.721,193.689,191.235,1064.844,326.721,1256.464,329.285,1254.646,517.956,1062.775,513.808
403,5723.754,1,2,0.976,1068.892,326.732,193.704,191.273,1070.754,326.732,1262.596,329.314,1260.712,518.006,1068.892,514.114
404,5737.957,1,2,0.975,1075.605,327.170,192.726,190.713,1076.710,327.170,1268.331,329.914,1268.077,517.884,1075.605,515.303
405,5752.160,1,2,0.979,1081.973,328.168,192.620,189.711,1082.623,328.168,1273.113,328.854,1274.593,517.878,1081.973,515.611
406,5766.363,1,2,0.977,1088.013,328.279,192.512,189.606,1088.631,328.279,1278.807,329.084,1280.525,517.884,1088.013,515.684
407,5780.566,1,2,0.979,1093.054,328.242,192.358,189.606,1094.670,328.242,1284.755,329.864,1285.411,517.849,1093.054,515.699
408,5794.768,1,2,0.979,1097.888,328.436,192.089,189.440,1098.293,328.436,1289.814,328.841,1289.978,517.876,1097.888,515.708
409,5808.971,1,2,0.977,1102.388,327.415,193.538,189.054,1102.388,328.780,1293.077,327.415,1295.926,516.469,1103.851,515.927
410,5823.174,1,2,0.981,1106.834,326.167,194.296,189.960,1106.834,328.847,1298.294,326.167,1301.130,514.674,1108.739,516.127
411,5837.377,1,2,0.967,1112.116,325.045,196.519,191.120,1112.116,328.551,1303.958,325.045,1308.635,513.465,1114.895,516.165
412,5851.580,1,2,0.968,1119.061,324.165,198.277,191.437,1119.061,328.438,1310.952,324.165,1317.338,512.458,1123.873,515.602
413,5865.783,1,2,0.960,1128.958,323.836,198.539,191.992,1128.958,328.617,1321.653,323.836,1327.496,512.199,1133.614,515.828
414,5879.986,1,2,0.956,1144.380,325.259,199.085,190.908,1144.380,328.634,1337.629,325.259,1343.465,513.935,1148.590,516.167
415,5894.188,1,2,0.954,1153.374,325.606,199.728,190.937,1153.374,328.968,1346.926,325.606,1353.102,514.062,1157.971,516.544
416,5908.391,1,2,0.961,1164.650,325.525,199.165,191.139,1164.650,329.278,1357.857,325.525,1363.815,514.007,1169.224,516.664
417,5922.594,1,2,0.964,1175.829,325.505,199.183,191.182,1175.829,329.348,1368.178,325.505,1375.012,513.985,1180.395,516.687
418,5936.797,1,2,0.961,1186.222,325.722,199.446,191.338,1186.222,329.238,1378.789,325.722,1385.668,513.737,1191.361,517.060
419,5951.000,1,2,0.960,1200.060,326.450,199.594,191.166,1200.060,328.997,1394.792,326.450,1399.654,514.298,1205.926,517.616
420,5965.203,1,2,0.961,1208.976,326.805,199.570,190.872,1208.976,329.050,1404.016,326.805,1408.546,515.104,1214.671,517.677
421,5979.406,1,2,0.956,1225.008,328.500,198.877,189.195,1225.008,328.500,1419.857,328.500,1423.886,515.648,1229.151,517.695
422,5993.608,0,-1,0,,,,,,,,,,,,
423,6007.811,0,-1,0,,,,,,,,,,,,
424,6022.014,0,-1,0,,,,,,,,,,,,
425,6036.217,0,-1,0,,,,,,,,,,,,
426,6050.420,0,-1,0,,,,,,,,,,,,
427,6064.623,0,-1,0,,,,,,,,,,,,
428,6078.826,0,-1,0,,,,,,,,,,,,
429,6093.029,0,-1,0,,,,,,,,,,,,
430,6107.231,0,-1,0,,,,,,,,,,,,
431,6121.434,0,-1,0,,,,,,,,,,,,
432,6135.637,0,-1,0,,,,,,,,,,,,
433,6149.840,0,-1,0,,,,,,,,,,,,
434,6164.043,0,-1,0,,,,,,,,,,,,
435,6178.246,0,-1,0,,,,,,,,,,,,
436,6192.449,0,-1,0,,,,,,,,,,,,
437,6206.651,0,-1,0,,,,,,,,,,,,
438,6220.854,0,-1,0,,,,,,,,,,,,
439,6235.057,0,-1,0,,,,,,,,,,,,
440,6249.260,0,-1,0,,,,,,,,,,,,
441,6263.463,0,-1,0,,,,,,,,,,,,
442,6277.666,0,-1,0,,,,,,,,,,,,
443,6291.869,0,-1,0,,,,,,,,,,,,
444,6306.071,0,-1,0,,,,,,,,,,,,
445,6320.274,0,-1,0,,,,,,,,,,,,
446,6334.477,0,-1,0,,,,,,,,,,,,
447,6348.680,0,-1,0,,,,,,,,,,,,
448,6362.883,0,-1,0,,,,,,,,,,,,
449,6377.086,0,-1,0,,,,,,,,,,,,
450,6391.289,0,-1,0,,,,,,,,,,,,
451,6405.492,0,-1,0,,,,,,,,,,,,
452,6419.694,0,-1,0,,,,,,,,,,,,
453,6433.897,0,-1,0,,,,,,,,,,,,
454,6448.100,0,-1,0,,,,,,,,,,,,
455,6462.303,0,-1,0,,,,,,,,,,,,
456,6476.506,0,-1,0,,,,,,,,,,,,
457,6490.709,0,-1,0,,,,,,,,,,,,
458,6504.912,0,-1,0,,,,,,,,,,,,
459,6519.114,0,-1,0,,,,,,,,,,,,
460,6533.317,0,-1,0,,,,,,,,,,,,
461,6547.520,0,-1,0,,,,,,,,,,,,
462,6561.723,0,-1,0,,,,,,,,,,,,
463,6575.926,0,-1,0,,,,,,,,,,,,
464,6590.129,0,-1,0,,,,,,,,,,,,
465,6604.332,0,-1,0,,,,,,,,,,,,
466,6618.534,0,-1,0,,,,,,,,,,,,
467,6632.737,0,-1,0,,,,,,,,,,,,
468,6646.940,0,-1,0,,,,,,,,,,,,
469,6661.143,0,-1,0,,,,,,,,,,,,
470,6675.346,0,-1,0,,,,,,,,,,,,
471,6689.549,1,3,0.960,1237.500,328.464,195.179,190.843,1237.500,328.464,1430.862,330.306,1432.679,519.307,1237.500,517.226
472,6703.752,1,3,0.960,1228.500,328.283,195.045,191.054,1228.500,328.283,1423.091,330.268,1423.545,519.337,1228.500,517.207
473,6717.955,1,3,0.964,1218.375,328.243,195.106,190.958,1218.375,328.243,1411.909,330.247,1413.481,519.200,1218.375,517.218
474,6732.157,1,3,0.967,1203.974,328.235,194.021,190.911,1203.974,328.235,1397.680,330.247,1397.995,519.146,1204.687,517.225
475,6746.360,1,3,0.965,1195.369,328.219,194.842,190.927,1195.369,328.219,1388.658,330.231,1390.211,519.147,1195.547,517.212
476,6760.563,1,3,0.968,1185.342,328.234,193.865,190.907,1185.342,328.234,1378.584,330.242,1379.207,519.141,1185.387,517.214
477,6774.766,1,3,0.960,1170.000,328.340,195.226,190.798,1170.000,328.340,1363.249,330.237,1365.226,519.138,1170.000,516.992
478,6788.969,1,3,0.952,1161.000,328.256,195.057,189.960,1161.000,328.256,1355.562,330.244,1356.057,518.216,1161.000,517.053
479,6803.172,1,3,0.955,1150.875,328.231,195.223,189.906,1150.875,328.231,1344.462,330.230,1346.098,518.138,1150.875,515.975
480,6817.375,1,3,0.957,1135.500,328.254,194.989,189.588,1135.500,328.254,1330.220,330.155,1330.489,517.842,1135.500,515.720
481,6831.577,1,3,0.957,1126.600,328.222,194.897,189.620,1127.876,328.222,1321.430,330.181,1321.497,517.842,1126.600,515.721
482,6845.780,1,3,0.966,1116.400,328.212,193.849,189.630,1116.719,328.212,1310.232,330.184,1310.249,517.842,1116.400,515.732
483,6859.983,1,3,0.967,1105.975,328.240,193.578,189.602,1106.055,328.240,1299.349,330.098,1299.553,517.842,1105.975,515.735
484,6874.186,1,3,0.958,1090.448,328.500,195.279,189.156,1090.448,328.500,1283.743,328.500,1285.727,517.656,1091.097,515.728
485,6888.389,1,3,0.965,1082.442,327.769,195.460,188.645,1082.442,328.697,1275.869,327.769,1277.902,516.414,1084.142,515.932
486,6902.592,1,3,0.977,1074.082,325.876,195.151,190.058,1074.082,328.869,1266.058,325.876,1269.233,514.726,1077.014,515.935
487,6916.795,1,3,0.975,1066.319,324.214,196.092,190.895,1066.319,328.605,1257.757,324.214,1262.411,513.110,1071.012,515.109
488,6930.997,1,3,0.977,1061.515,323.890,195.183,191.077,1061.515,328.248,1251.208,323.890,1256.698,512.738,1064.786,514.966
489,6945.200,1,3,0.976,1057.103,324.722,195.429,190.233,1057.103,328.110,1247.166,324.722,1252.531,512.546,1061.495,514.955
490,6959.403,1,3,0.979,1053.834,325.028,194.568,190.764,1053.834,328.001,1244.004,325.028,1248.402,513.090,1057.979,515.792
491,6973.606,1,3,0.981,1050.042,325.286,194.663,190.716,1050.042,328.075,1239.843,325.286,1244.705,513.215,1053.598,516.003
492,6987.809,1,3,0.978,1045.366,325.357,195.111,190.008,1045.366,328.079,1235.465,325.357,1240.478,512.806,1049.652,515.365
493,7002.012,1,3,0.977,1040.924,325.384,195.239,189.541,1040.924,327.823,1230.955,325.384,1236.162,512.695,1045.042,514.925
494,7016.215,1,3,0.977,1037.408,325.390,194.179,189.433,1037.408,327.742,1226.647,325.390,1231.587,512.666,1040.002,514.823
495,7030.418,1,3,0.979,1033.821,325.367,193.610,189.213,1033.821,328.392,1223.395,325.367,1227.431,514.042,1036.528,514.581
496,7044.620,1,3,0.977,1032.455,326.589,191.444,188.834,1032.455,328.675,1221.406,326.589,1223.899,515.424,1033.132,515.101
497,7058.823,1,3,0.972,1029.644,328.022,192.120,187.834,1029.644,328.544,1219.782,328.022,1221.763,515.856,1031.443,515.775
498,7073.026,1,3,0.981,1028.036,328.381,190.905,187.583,1028.036,328.511,1218.446,328.381,1218.941,515.964,1028.486,515.944
499,7087.229,1,3,0.982,1026.509,328.470,190.601,187.521,1026.509,328.503,1216.986,328.470,1217.110,515.991,1026.621,515.986
500,7101.432,1,3,0.972,1026.127,328.493,190.697,187.505,1026.127,328.501,1215.315,328.493,1216.824,515.998,1026.155,515.996
501,7115.635,1,3,0.973,1024.907,328.498,190.620,188.096,1024.907,328.500,1213.679,328.498,1215.526,516.594,1024.914,515.819
502,7129.838,1,3,0.974,1023.237,328.069,190.770,189.325,1024.869,328.069,1213.545,329.720,1214.007,517.394,1023.237,515.695
503,7144.040,1,3,0.980,1020.601,326.806,191.952,190.859,1022.660,326.806,1212.553,329.678,1211.116,517.665,1020.601,514.303
504,7158.243,1,3,0.982,1017.458,326.521,192.606,190.923,1019.906,326.521,1210.065,329.653,1208.210,517.445,1017.458,513.969
505,7172.446,1,3,0.973,1011.355,325.552,193.494,192.061,1014.876,325.552,1204.849,329.786,1202.995,517.613,1011.355,513.154
506,7186.649,1,3,0.971,1003.872,325.221,194.242,191.627,1007.265,325.221,1198.115,329.287,1195.964,516.847,1003.872,512.639
507,7200.852,1,3,0.963,995.550,324.232,195.037,192.460,999.305,324.232,1190.588,329.288,1188.287,516.692,995.550,511.722
508,7215.055,1,3,0.966,986.352,324.467,195.638,192.168,990.187,324.467,1181.990,329.008,1178.518,516.635,986.352,511.539
509,7229.258,1,3,0.967,977.344,324.919,195.054,191.574,981.093,324.919,1172.399,328.890,1169.813,516.493,977.344,512.114
510,7243.460,1,3,0.968,968.390,325.308,194.394,191.359,971.263,325.308,1162.785,329.001,1160.719,516.666,968.390,512.711
511,7257.663,1,3,0.954,958.269,326.314,195.164,190.090,960.912,326.314,1153.433,328.783,1151.584,516.404,958.269,513.819
512,7271.866,1,3,0.954,947.864,326.566,194.370,189.776,950.449,326.566,1142.233,328.718,1141.771,516.342,947.864,514.096
513,7286.069,1,3,0.954,932.678,326.649,194.440,189.671,934.854,326.649,1127.118,328.703,1126.350,516.320,932.678,514.191
514,7300.272,1,3,0.950,923.511,326.708,194.143,189.596,925.880,326.708,1117.654,328.709,1117.462,516.304,923.511,514.190
515,7314.475,1,3,0.948,908.269,326.728,194.231,189.486,910.966,326.728,1102.500,328.712,1102.500,516.214,908.269,514.178
516,7328.678,1,3,0.951,899.576,326.671,193.924,189.599,901.882,326.671,1093.500,328.694,1093.500,516.271,899.576,514.145
517,7342.881,1,3,0.952,888.514,326.745,193.812,189.480,890.577,326.745,1082.326,328.656,1082.104,516.225,888.514,514.165
518,7357.083,1,3,0.955,872.968,326.782,194.150,189.619,875.364,326.782,1067.118,328.671,1066.349,516.401,872.968,513.988
519,7371.286,1,3,0.955,864.869,326.768,193.817,189.632,867.058,326.768,1058.686,328.677,1057.253,516.400,864.869,513.904
520,7385.489,1,3,0.945,854.015,326.737,194.171,189.512,856.190,326.737,1048.186,328.712,1047.154,516.249,854.015,513.010
521,7399.692,1,3,0.954,839.632,326.763,194.071,189.429,841.879,326.763,1033.703,328.679,1031.864,516.192,839.632,512.937
522,7413.895,1,3,0.946,831.400,326.670,194.324,189.080,834.241,326.670,1025.724,328.681,1023.866,515.751,831.400,512.626
523,7428.098,1,3,0.949,821.599,326.722,194.238,188.914,824.237,326.722,1015.837,328.717,1013.994,515.636,821.599,512.556
524,7442.301,1,3,0.951,811.274,326.735,193.501,188.691,813.858,326.735,1004.776,328.700,1003.758,515.426,811.274,512.662
525,7456.503,1,3,0.944,797.349,326.623,192.651,188.183,798.191,326.623,990.000,328.579,990.000,514.806,797.349,512.779
526,7470.706,1,3,0.950,788.602,326.326,193.688,188.467,790.496,326.326,982.290,328.627,980.746,514.793,788.602,512.765
527,7484.909,1,3,0.948,777.843,325.622,194.517,189.166,780.972,325.622,972.360,328.733,970.532,514.788,777.843,512.759
528,7499.112,1,3,0.950,766.949,325.332,194.546,189.479,770.707,325.332,961.494,328.125,960.179,514.811,766.949,512.709
529,7513.315,1,3,0.950,752.539,325.206,194.198,189.582,755.008,325.206,946.737,327.282,944.653,514.788,752.539,512.756
530,7527.518,1,3,0.951,744.554,325.221,193.005,189.591,747.096,325.221,937.559,327.307,937.038,514.812,744.554,512.713
531,7541.721,1,3,0.952,733.844,325.305,192.885,189.572,736.082,325.305,926.729,327.283,926.020,514.877,733.844,512.560
532,7555.923,1,3,0.949,723.036,325.328,193.631,189.417,725.329,325.328,916.668,327.284,915.146,514.745,723.036,512.498
533,7570.126,1,3,0.952,707.512,325.105,194.219,189.860,711.179,325.105,901.731,327.530,899.716,514.966,707.512,511.960
534,7584.329,1,3,0.944,698.909,325.140,194.547,189.237,703.117,325.140,893.456,327.398,891.748,514.377,698.909,511.607
535,7598.532,1,3,0.954,689.139,325.145,194.182,189.069,692.732,325.145,883.321,327.364,880.557,514.214,689.139,511.516
536,7612.735,1,3,0.953,679.421,325.411,192.991,188.107,681.786,325.411,872.412,325.966,870.160,513.518,679.421,511.339
537,7626.938,1,3,0.956,666.000,324.200,190.500,187.300,666.000,326.035,856.500,324.200,856.500,511.500,666.000,511.500
538,7641.141,1,3,0.970,659.068,323.439,190.900,188.130,659.068,325.999,848.013,323.439,849.968,510.126,660.630,511.569
539,7655.344,1,3,0.969,651.746,322.643,190.852,188.737,651.746,325.917,840.711,322.643,842.598,508.366,653.702,511.381
540,7669.546,1,3,0.974,645.385,321.583,190.929,189.634,645.385,325.830,833.241,321.583,836.314,507.986,647.456,511.217
541,7683.749,1,3,0.978,640.538,322.236,190.050,189.037,640.538,325.845,827.881,322.236,830.588,507.721,642.509,511.273
542,7697.952,1,3,0.984,637.135,322.702,189.463,188.908,637.135,326.126,824.007,322.702,826.598,508.593,637.627,511.610
543,7712.155,1,3,0.980,632.762,322.703,189.517,188.999,632.762,326.185,820.123,322.703,822.279,509.282,634.399,511.703
544,7726.358,1,3,0.983,629.565,322.753,188.402,188.942,629.565,326.130,815.775,322.753,817.967,509.295,629.975,511.695
545,7740.561,1,3,0.982,625.391,322.745,188.328,189.006,625.391,326.157,811.125,322.745,813.720,508.684,625.494,511.751
546,7754.764,1,3,0.978,620.658,323.069,189.338,188.516,620.658,326.062,807.262,323.069,809.996,509.344,621.071,511.585
547,7768.966,1,3,0.972,616.372,323.644,189.223,188.116,617.803,325.871,803.472,323.644,805.595,509.582,616.372,511.760
548,7783.169,1,3,0.979,612.796,325.036,188.228,186.529,614.549,325.593,800.493,325.036,801.024,511.021,612.796,511.565
549,7797.372,1,3,0.977,609.840,325.384,188.922,186.480,611.814,325.523,798.762,325.384,797.398,511.864,609.840,511.375
550,7811.575,1,3,0.981,606.626,325.288,190.063,187.690,609.857,325.288,796.689,326.682,794.161,512.979,606.626,511.223
551,7825.778,1,3,0.978,604.474,325.214,190.537,188.184,608.103,325.214,795.011,326.856,791.944,513.398,604.474,510.687
552,7839.981,1,3,0.974,599.854,324.013,192.813,189.181,605.847,324.013,792.667,326.360,788.612,513.194,599.854,508.918
553,7854.184,1,3,0.969,593.672,322.640,194.189,189.669,600.321,322.640,787.862,326.216,783.142,512.308,593.672,508.149
554,7868.386,1,3,0.950,584.622,321.511,196.629,190.482,591.765,321.511,781.250,325.999,774.971,511.993,584.622,506.733
555,7882.589,1,3,0.947,574.663,320.888,196.919,191.082,581.779,320.888,771.583,325.940,765.164,511.970,574.663,505.882
556,7896.792,1,3,0.949,564.069,321.551,196.474,190.263,571.204,321.551,760.544,325.684,754.656,511.813,564.069,506.442
557,7910.995,1,3,0.953,553.636,322.193,195.953,189.695,560.562,322.193,749.589,325.752,744.374,511.888,553.636,507.469
558,7925.198,1,3,0.950,539.612,323.647,195.511,188.251,545.579,323.647,735.123,325.675,729.654,511.898,539.612,509.536
559,7939.401,1,3,0.952,531.768,325.015,194.122,187.752,536.439,325.015,725.889,325.841,721.915,512.767,531.768,509.747
560,7953.604,1,3,0.945,521.573,325.592,193.426,186.225,525.669,325.592,714.999,325.608,712.137,511.817,521.573,511.062
561,7967.807,1,3,0.943,506.614,325.331,193.360,187.898,510.366,325.331,699.974,327.253,697.039,513.229,506.614,511.140
562,7982.009,1,3,0.935,497.688,325.458,193.462,186.474,500.587,325.458,691.150,325.938,687.795,511.932,497.688,511.410
563,7996.212,1,3,0.941,482.082,325.605,192.849,185.895,484.934,325.685,674.931,325.605,673.112,511.500,482.082,511.500
564,8010.415,1,3,0.941,472.436,325.583,192.460,185.865,474.827,325.708,664.896,325.583,663.057,511.332,472.436,511.448
565,8024.618,1,3,0.937,457.050,325.500,190.950,185.507,459.306,325.500,648.000,325.500,648.000,509.680,457.050,511.007
566,8038.821,1,3,0.938,447.686,325.500,191.383,184.752,450.608,325.500,639.070,325.500,637.681,509.920,447.686,510.252
567,8053.024,1,3,0.945,432.023,325.500,192.034,186.000,436.974,325.500,624.056,325.500,622.173,511.500,432.023,511.500
568,8067.227,1,3,0.951,424.028,325.413,192.241,186.087,428.848,325.413,616.269,325.789,613.375,511.500,424.028,511.500
569,8081.429,1,3,0.949,414.668,325.390,191.512,186.110,418.249,325.390,606.180,325.861,602.868,511.500,414.668,511.500
570,8095.632,1,3,0.955,403.960,325.679,191.824,185.821,408.284,325.679,595.783,325.842,592.366,511.500,403.960,511.500
571,8109.835,1,3,0.945,393.418,325.510,191.988,185.990,398.650,325.852,585.406,325.510,583.161,511.500,393.418,511.500
572,8124.038,1,3,0.958,384.142,325.755,190.936,185.745,388.256,325.793,575.078,325.755,572.861,511.500,384.142,511.500
573,8138.241,1,3,0.961,374.483,325.780,191.029,185.720,378.866,325.780,565.512,325.816,562.365,511.500,374.483,511.500
574,8152.444,1,3,0.957,364.533,325.800,191.033,185.700,369.082,325.800,555.565,326.394,553.186,511.500,364.533,511.500
575,8166.647,1,3,0.949,354.788,325.683,190.932,185.817,358.300,325.683,545.720,326.580,542.914,511.500,354.788,511.500
576,8180.849,1,3,0.945,343.924,326.488,191.567,185.012,347.837,326.488,535.491,326.837,532.186,511.500,343.924,511.500
577,8195.052,1,3,0.945,329.340,327.000,190.916,184.500,333.327,327.000,520.256,327.000,516.756,511.500,329.340,511.500
578,8209.255,1,3,0.952,320.539,327.000,191.091,184.500,325.308,327.000,511.631,327.000,509.155,511.500,320.539,511.500
579,8223.458,1,3,0.951,309.618,327.000,191.590,184.500,315.063,327.000,501.208,327.000,498.373,511.500,309.618,511.500
580,8237.661,1,3,0.955,299.220,327.000,190.852,184.500,304.426,327.000,490.072,327.000,487.679,511.500,299.220,511.500
581,8251.864,1,3,0.944,285.699,327.000,189.744,184.500,288.835,327.000,475.443,327.000,472.373,511.500,285.699,511.500
582,8266.067,1,3,0.948,277.100,327.000,190.625,184.500,281.598,327.000,467.725,327.000,464.159,511.500,277.100,511.500
583,8280.270,1,3,0.951,266.680,327.000,190.948,184.500,271.958,327.000,457.628,327.000,454.100,511.500,266.680,511.500
584,8294.472,1,3,0.950,255.610,327.000,191.236,184.500,261.418,327.000,446.845,327.000,443.818,511.500,255.610,511.500
585,8308.675,1,3,0.954,241.731,327.000,190.251,184.500,246.879,327.000,431.982,327.000,429.682,511.500,241.731,511.500
586,8322.878,1,3,0.943,233.621,327.000,190.215,184.500,238.187,327.000,423.837,327.000,420.752,511.500,233.621,511.500
587,8337.081,1,3,0.947,223.599,327.000,189.979,184.500,227.854,327.000,413.578,327.000,409.898,511.500,223.599,511.500
588,8351.284,1,3,0.951,209.403,327.000,189.353,184.500,214.179,327.000,398.756,327.000,395.256,511.500,209.403,511.500
589,8365.487,1,3,0.946,200.500,326.991,190.671,184.509,206.369,326.991,391.170,327.203,387.303,511.500,200.500,511.500
590,8379.690,1,3,0.947,190.916,327.077,189.678,184.423,196.249,327.077,380.594,327.187,377.176,511.500,190.916,511.500
591,8393.892,1,3,0.950,177.087,326.866,188.839,184.634,181.414,327.357,365.926,326.866,364.091,511.500,177.087,511.500
592,8408.095,1,3,0.954,169.177,326.911,188.609,184.589,173.875,327.568,357.786,326.911,355.025,511.500,169.177,511.500
593,8422.298,1,3,0.952,159.358,326.744,189.313,184.756,164.581,328.328,348.670,326.744,344.748,511.500,159.358,511.500
594,8436.501,1,3,0.954,150.311,326.742,188.907,184.758,154.299,328.563,339.218,326.742,334.834,511.500,150.311,511.500
595,8450.704,1,3,0.959,140.329,327.010,188.472,184.490,144.947,328.674,328.801,327.010,325.070,511.500,140.329,511.500
596,8464.907,1,3,0.959,130.511,326.976,188.487,184.524,135.624,328.779,318.998,326.976,314.633,511.500,130.511,511.500
597,8479.110,1,3,0.958,121.384,327.168,188.042,184.332,126.298,328.810,309.426,327.168,305.657,511.500,121.384,511.500
598,8493.312,1,3,0.964,112.539,327.000,187.759,184.500,117.809,328.801,300.298,327.000,296.279,511.500,112.539,511.500
599,8507.515,1,3,0.968,104.280,326.897,186.872,184.603,109.560,328.926,291.152,326.897,288.690,511.500,104.280,511.500
600,8521.718,1,3,0.969,96.768,326.893,186.641,184.607,101.661,328.915,283.408,326.893,279.936,511.500,96.768,511.500
601,8535.921,1,3,0.967,89.857,326.931,186.104,184.569,93.483,328.848,275.961,326.931,271.819,511.500,89.857,511.500
602,8550.124,1,3,0.971,83.141,326.904,185.790,184.596,86.919,328.903,268.931,326.904,264.742,511.500,83.141,511.500
603,8564.327,1,3,0.974,75.809,327.670,185.716,183.830,80.620,328.739,261.525,327.670,258.187,511.500,75.809,511.500
604,8578.530,1,3,0.973,69.439,327.300,185.788,184.200,74.293,328.883,255.227,327.300,251.789,511.500,69.439,511.500
605,8592.733,1,3,0.972,63.716,327.444,185.219,184.056,68.372,328.819,248.936,327.444,245.954,511.500,63.716,511.500
606,8606.935,1,3,0.980,59.095,326.650,183.758,185.068,62.550,329.028,242.853,326.650,240.083,510.118,59.095,511.718
607,8621.138,1,3,0.976,55.005,325.792,182.995,185.868,57.812,329.193,238.001,325.792,235.178,509.682,55.005,511.660
608,8635.341,1,3,0.982,52.898,324.419,181.427,187.120,55.126,328.966,234.324,324.419,233.061,508.177,52.898,511.539
609,8649.544,1,3,0.975,52.599,323.849,180.357,187.750,53.156,328.912,232.956,323.849,232.640,507.113,52.599,511.600
610,8663.747,1,3,0.982,53.650,322.784,180.089,188.521,53.789,328.925,233.739,322.784,233.660,506.774,53.650,511.305
611,8677.950,1,3,0.975,55.037,323.549,181.158,187.859,55.072,328.871,235.109,323.549,236.195,506.678,55.037,511.409
612,8692.153,1,3,0.980,57.634,323.640,181.247,187.863,57.643,328.888,237.374,323.640,238.881,507.221,57.634,511.503
613,8706.355,1,3,0.979,60.236,323.735,181.734,187.865,60.771,328.860,241.594,323.735,241.970,506.940,60.236,511.600
614,8720.558,1,3,0.974,63.434,323.528,181.559,187.986,63.568,328.833,244.898,323.528,244.993,506.720,63.434,511.514
615,8734.761,1,3,0.977,67.609,322.822,181.515,188.619,67.642,328.907,249.100,322.822,249.123,506.364,67.609,511.440
616,8748.964,1,3,0.970,70.844,322.487,182.686,188.824,72.264,328.864,253.525,322.487,253.531,506.342,70.844,511.311
617,8763.167,1,3,0.970,76.211,322.459,182.922,188.950,76.566,328.945,259.131,322.459,259.133,506.335,76.211,511.409
618,8777.370,1,3,0.975,82.918,322.525,183.279,188.742,83.320,328.831,265.726,322.525,266.197,506.491,82.918,511.267
619,8791.573,1,3,0.970,90.480,322.495,183.104,188.995,90.580,328.935,273.013,322.495,273.583,506.635,90.480,511.490
620,8805.775,1,3,0.969,97.995,322.726,183.026,188.797,98.020,328.738,280.878,322.726,281.021,506.711,97.995,511.523
621,8819.978,1,3,0.963,105.499,322.374,184.132,188.879,105.505,329.033,289.595,322.374,289.630,506.652,105.499,511.253
622,8834.181,1,3,0.964,114.463,322.278,184.203,189.239,115.143,328.812,297.180,322.278,298.667,506.627,114.463,511.517
623,8848.384,1,3,0.961,123.116,322.304,184.426,189.267,123.286,328.879,307.170,322.304,307.542,506.302,123.116,511.571
624,8862.587,1,3,0.963,133.154,322.224,184.638,189.328,133.196,328.671,316.222,322.224,317.792,506.370,133.154,511.551
625,8876.790,1,3,0.961,143.153,322.306,185.071,189.154,143.498,328.389,326.228,322.306,328.224,506.188,143.153,511.460
626,8890.993,1,3,0.948,155.846,322.305,186.192,189.015,155.846,328.034,341.447,322.305,342.038,506.152,156.391,511.320
627,8905.196,1,3,0.955,164.961,322.354,184.923,188.856,164.961,327.983,349.737,322.354,349.885,506.243,165.098,511.210
628,8919.398,1,3,0.946,178.500,323.275,186.000,187.722,178.500,327.704,364.500,323.275,364.500,506.937,178.500,510.997
629,8933.601,1,3,0.952,187.349,323.564,186.154,187.344,187.635,327.608,372.757,323.564,373.503,507.379,187.349,510.908
630,8947.804,1,3,0.953,200.633,323.817,186.981,186.876,202.758,327.552,387.614,323.817,386.848,507.985,200.633,510.693
631,8962.007,1,3,0.943,208.746,323.916,187.407,186.801,210.767,327.446,396.153,323.916,395.962,508.007,208.746,510.717
632,8976.210,1,3,0.956,219.271,323.953,187.333,186.791,221.681,327.354,406.604,323.953,406.006,507.941,219.271,510.744
633,8990.413,1,3,0.947,233.766,323.894,187.734,186.637,235.943,326.994,421.500,323.894,421.500,508.103,233.766,510.531
634,9004.616,1,3,0.950,242.916,323.952,186.902,186.382,243.796,327.053,429.819,323.952,429.267,508.311,242.916,510.334
635,9018.818,1,3,0.949,256.352,324.729,188.503,185.729,258.294,327.003,444.855,324.729,443.731,509.807,256.352,510.458
636,9033.021,1,3,0.956,265.133,325.227,188.152,185.203,267.290,326.621,453.284,325.227,451.616,509.767,265.133,510.431
637,9047.224,1,3,0.952,278.775,325.415,189.322,185.382,282.141,326.925,468.096,325.415,466.239,509.585,278.775,510.797
638,9061.427,1,3,0.948,286.974,325.214,190.215,185.897,291.060,327.047,477.188,325.214,475.239,511.111,286.974,510.251
639,9075.630,1,3,0.944,297.759,325.310,190.491,186.122,301.819,326.632,488.250,325.310,486.393,511.432,297.759,510.849
640,9089.833,1,3,0.944,312.935,325.428,191.001,186.072,317.309,326.132,503.936,325.428,502.112,511.500,312.935,511.500
641,9104.036,1,3,0.943,321.047,325.400,192.127,186.100,326.299,325.971,513.174,325.400,510.259,511.500,321.047,511.500
642,9118.238,1,3,0.948,331.781,325.729,191.782,185.771,336.945,325.823,523.564,325.729,520.938,511.500,331.781,511.500
643,9132.441,1,3,0.951,346.305,325.383,192.185,186.383,351.242,325.383,538.489,325.887,534.650,511.766,346.305,509.765
644,9146.644,1,3,0.962,354.071,325.115,191.008,186.660,358.664,325.115,545.079,326.049,541.585,511.775,354.071,509.710
645,9160.847,1,3,0.969,361.548,324.018,192.526,187.566,367.517,324.018,554.074,325.798,548.213,511.584,361.548,508.252
646,9175.050,1,3,0.973,367.928,323.779,192.928,187.710,374.846,323.779,560.857,325.695,554.288,511.489,367.928,507.238
647,9189.253,1,3,0.978,373.620,323.697,192.069,187.568,380.830,323.697,565.689,325.717,559.545,511.265,373.620,507.690
648,9203.456,1,3,0.978,378.832,323.645,191.287,188.065,385.102,323.645,570.119,325.775,565.146,511.711,378.832,507.763
649,9217.659,1,3,0.978,383.712,325.063,190.930,186.642,389.458,325.063,574.642,325.762,570.061,511.705,383.712,509.169
650,9231.861,1,3,0.975,388.293,325.391,190.906,186.436,394.064,325.391,579.199,325.565,574.946,511.827,388.293,509.569
651,9246.064,1,3,0.973,393.500,325.473,189.640,186.333,398.041,325.473,583.140,325.516,579.866,511.806,393.500,509.719
652,9260.267,1,3,0.975,398.416,325.493,188.413,186.083,401.506,325.493,586.829,325.504,584.591,511.576,398.416,511.055
653,9274.470,1,3,0.973,402.037,325.498,189.263,186.021,405.764,325.498,591.300,325.501,587.934,511.519,402.037,511.389
654,9288.673,1,3,0.981,405.592,325.500,189.024,186.005,409.232,325.500,594.616,325.500,591.409,511.505,405.592,511.472
655,9302.876,1,3,0.979,408.365,325.500,189.421,186.001,412.541,325.500,597.786,325.500,594.273,511.501,408.365,511.493
656,9317.079,1,3,0.978,411.064,325.500,188.424,186.000,414.774,325.500,599.489,325.500,597.198,511.500,411.064,511.498
657,9331.281,1,3,0.980,412.956,325.500,189.265,186.000,417.736,325.500,602.221,325.500,599.058,511.500,412.956,511.500
658,9345.484,1,3,0.971,416.314,325.500,188.846,186.000,419.912,325.500,605.160,325.500,602.710,511.500,416.314,511.500
659,9359.687,1,3,0.975,418.725,325.293,190.597,187.405,423.945,325.293,609.322,326.869,605.010,512.697,418.725,511.242
660,9373.890,1,3,0.952,418.199,325.220,192.163,187.818,422.245,325.220,610.362,327.227,605.584,513.037,418.199,511.199
661,9388.093,1,3,0.926,408.161,325.162,194.312,187.545,412.400,325.162,602.473,327.264,598.681,512.707,408.161,511.113
662,9402.296,1,3,0.943,390.444,325.400,194.409,187.280,395.849,325.400,584.853,325.903,580.754,512.680,390.444,509.300
663,9416.499,1,3,0.961,384.298,325.475,193.020,187.200,389.485,325.475,577.318,325.601,572.996,512.675,384.298,509.443
664,9430.702,1,3,0.978,378.926,325.232,191.974,187.286,384.572,325.232,570.899,325.723,566.483,512.518,378.926,509.542
665,9444.904,1,3,0.975,374.711,324.885,191.254,187.517,380.122,324.885,565.965,326.469,563.007,512.402,374.711,509.595
666,9459.107,1,3,0.962,368.198,324.213,192.671,187.763,374.095,324.213,560.869,326.131,557.580,511.976,368.198,509.692
667,9473.310,1,3,0.951,359.687,323.923,193.512,187.935,364.208,323.923,553.199,325.868,549.265,511.858,359.687,509.752
668,9487.513,1,3,0.957,349.446,323.720,194.055,188.075,353.812,323.720,543.501,325.773,538.748,511.795,349.446,509.694
669,9501.716,1,3,0.961,339.062,323.761,193.859,188.018,344.567,323.761,532.921,325.683,529.007,511.779,339.062,509.716
670,9515.919,1,3,0.950,328.761,323.720,195.016,188.103,334.139,323.720,523.777,325.590,519.181,511.823,328.761,509.383
671,9530.122,1,3,0.952,313.365,323.712,195.314,188.176,319.039,323.712,508.679,325.552,504.643,511.888,313.365,508.432
672,9544.324,1,3,0.942,303.546,322.608,196.014,189.246,309.292,322.608,499.560,325.487,495.439,511.854,303.546,507.977
673,9558.527,1,3,0.957,289.167,322.362,195.832,189.378,294.555,322.362,484.999,324.210,479.721,511.739,289.167,507.823
674,9572.730,1,3,0.943,281.054,322.291,195.584,188.917,285.823,322.291,476.637,324.205,472.436,511.207,281.054,507.925
675,9586.933,1,3,0.950,267.160,322.500,194.276,187.837,270.697,322.500,461.436,322.500,458.510,510.337,267.160,508.254
676,9601.136,1,3,0.940,257.626,322.500,194.144,186.459,260.345,322.500,451.770,322.500,449.729,508.959,257.626,508.439
677,9615.339,1,3,0.951,242.715,320.018,192.879,186.982,244.786,321.254,435.594,320.018,434.854,507.000,242.715,507.000
678,9629.542,1,3,0.940,233.929,319.555,193.149,187.576,234.446,320.681,426.822,319.555,427.078,506.313,233.929,507.131
679,9643.744,1,3,0.957,223.857,319.514,192.287,187.645,223.987,319.795,416.081,319.514,416.144,505.434,223.857,507.159
680,9657.947,1,3,0.976,215.518,319.503,191.143,187.687,217.116,319.574,406.645,319.503,406.661,505.199,215.518,507.190
681,9672.150,1,3,0.975,211.128,319.501,190.912,187.617,213.003,319.518,402.036,319.501,402.040,506.276,211.128,507.117
682,9686.353,1,3,0.975,212.532,319.500,190.603,187.632,213.001,319.505,403.134,319.500,403.135,506.516,212.532,507.132
683,9700.556,1,3,0.959,218.508,319.500,191.651,187.539,218.625,319.501,410.159,319.500,410.159,506.584,218.508,507.039
684,9714.759,1,3,0.952,226.498,319.500,193.304,187.645,227.886,319.500,419.382,319.500,419.803,506.209,226.498,507.145
685,9728.962,1,3,0.949,236.625,319.500,193.325,187.536,236.971,319.500,429.950,319.500,429.856,506.802,236.625,507.036
686,9743.165,1,3,0.958,251.376,319.578,192.624,187.422,252.197,319.715,444.000,319.578,444.000,507.000,251.376,507.000
687,9757.367,1,3,0.948,259.547,319.579,193.453,187.421,261.285,319.579,453.000,320.873,453.000,507.000,259.547,507.000
688,9771.570,1,3,0.947,270.502,319.487,193.748,188.265,272.536,319.487,464.250,321.204,464.250,506.833,270.502,507.752
689,9785.773,1,3,0.948,286.253,320.884,193.747,187.616,288.297,320.884,480.000,321.388,480.000,508.500,286.253,508.500
690,9799.976,1,3,0.946,295.242,320.806,194.222,187.694,297.326,320.806,489.464,322.341,488.884,508.500,295.242,508.500
691,9814.179,1,3,0.947,306.562,320.822,194.268,187.678,308.618,320.822,500.830,322.663,500.105,508.500,306.562,508.500
692,9828.382,1,3,0.948,322.323,320.706,194.217,189.404,324.301,320.706,516.540,322.780,515.842,510.110,322.323,508.177
693,9842.585,1,3,0.952,331.255,320.858,194.041,189.320,333.299,320.858,525.296,323.917,523.588,510.178,331.255,508.179
694,9856.787,1,3,0.951,345.399,321.923,193.916,188.390,348.598,321.923,539.315,324.393,538.283,510.312,345.399,508.216
695,9870.990,1,3,0.950,352.846,321.922,195.972,189.612,357.340,321.922,548.818,325.292,545.942,511.533,352.846,508.021
696,9885.193,1,3,0.957,362.377,321.287,197.025,191.657,368.242,321.287,559.402,326.359,555.016,512.943,362.377,508.160
697,9899.396,1,3,0.963,371.996,320.248,196.758,193.118,378.346,320.248,568.754,326.233,563.939,513.366,371.996,507.160
698,9913.599,1,3,0.973,379.441,319.119,197.426,194.052,387.237,319.119,576.867,326.219,570.540,513.172,379.441,506.113
699,9927.802,1,3,0.981,384.927,317.608,197.799,194.969,393.891,317.608,582.725,326.516,574.934,512.577,384.927,504.546
700,9942.005,1,3,0.980,388.578,316.327,198.598,195.856,398.962,316.327,587.176,326.082,578.516,512.182,388.578,503.200
701,9956.207,1,3,0.976,391.639,316.141,198.144,196.125,402.059,316.141,589.783,325.865,581.132,512.266,391.639,502.857
702,9970.410,1,3,0.978,394.023,316.905,197.474,195.422,403.851,316.905,591.498,326.294,583.953,512.327,394.023,503.893
703,9984.613,1,3,0.975,396.415,317.678,196.664,194.906,405.650,317.678,593.079,326.523,585.745,512.584,396.415,504.859
704,9998.816,1,3,0.977,398.118,319.074,196.064,194.090,406.329,319.074,594.182,326.484,587.268,513.165,398.118,506.221
705,10013.019,1,3,0.981,399.451,321.230,193.833,192.164,405.514,321.230,593.284,327.074,588.114,513.394,399.451,508.398
706,10027.222,1,3,0.980,399.878,322.022,192.946,191.413,404.210,322.022,592.824,327.198,588.235,513.435,399.878,509.112
707,10041.425,1,3,0.978,399.452,322.280,192.994,191.156,403.295,322.280,592.446,326.931,587.811,513.436,399.452,509.372
708,10055.628,1,3,0.979,399.353,322.787,192.147,190.368,402.806,322.787,591.501,326.197,587.540,513.155,399.353,509.305
709,10069.830,1,3,0.981,398.841,322.469,190.842,189.709,402.221,322.469,589.683,325.927,587.690,512.178,398.841,509.635
710,10084.033,1,3,0.979,398.131,322.302,190.478,188.243,401.197,322.302,588.609,324.717,586.730,510.544,398.131,509.909
711,10098.236,1,3,0.974,397.363,322.231,189.664,187.905,399.645,322.231,587.027,324.299,586.557,510.136,397.363,509.977
712,10112.439,1,3,0.975,397.239,322.192,189.392,187.842,399.380,322.192,586.632,324.298,586.514,510.034,397.239,509.994
713,10126.642,1,3,0.982,398.510,322.272,189.148,187.737,400.445,322.272,587.658,324.321,587.629,510.009,398.510,509.999
714,10140.845,1,3,0.982,401.128,322.379,189.037,187.623,401.611,322.379,590.164,324.297,590.157,510.002,401.128,510.000
715,10155.048,1,3,0.983,403.837,322.376,189.204,187.625,405.523,322.376,593.041,324.417,593.039,510.001,403.837,510.000
716,10169.250,1,3,0.985,406.733,323.292,190.402,186.709,408.713,323.292,597.135,324.390,597.135,510.000,406.733,510.000
717,10183.453,1,3,0.977,410.831,323.823,189.578,187.423,412.614,323.823,600.409,324.097,600.409,511.246,410.831,509.733
718,10197.656,1,3,0.974,413.021,323.956,190.456,187.606,415.103,323.956,603.477,324.024,603.477,511.561,413.021,509.717
719,10211.859,1,3,0.977,416.640,323.989,189.865,187.717,417.796,323.989,606.505,324.006,605.084,511.706,416.640,509.703
720,10226.062,1,3,0.979,418.939,323.758,190.639,188.055,420.680,323.758,609.577,325.006,607.812,511.813,418.939,509.708
721,10240.265,1,3,0.978,421.603,323.676,190.908,188.151,423.794,323.676,612.511,325.526,610.667,511.827,421.603,509.695
722,10254.468,1,3,0.979,424.649,323.692,191.041,188.780,426.809,323.692,615.690,325.640,613.721,512.473,424.649,509.502
723,10268.670,1,3,0.981,426.924,323.567,191.716,189.662,430.717,323.567,618.640,326.744,616.706,513.229,426.924,509.831
724,10282.873,1,3,0.983,430.286,323.414,192.444,189.996,434.103,323.414,622.730,326.942,620.056,513.410,430.286,510.468
725,10297.076,1,3,0.982,433.706,323.341,191.851,190.170,437.567,323.341,625.557,327.007,622.698,513.511,433.706,510.522
726,10311.279,1,3,0.980,436.490,323.359,191.706,190.123,440.422,323.359,628.196,327.007,626.013,513.482,436.490,510.634
727,10325.482,1,3,0.982,439.080,323.335,191.890,190.211,443.346,323.335,630.971,327.144,628.475,513.546,439.080,510.658
728,10339.685,1,3,0.981,441.608,323.455,192.241,190.627,446.058,323.455,633.849,327.234,631.373,514.082,441.608,510.593
729,10353.888,1,3,0.983,444.307,323.596,192.480,190.870,449.139,323.596,636.787,327.592,633.709,514.466,444.307,510.674
730,10368.091,1,3,0.978,447.345,323.344,192.437,191.192,451.258,323.344,639.782,328.267,636.096,514.536,447.345,510.749
731,10382.293,1,3,0.979,449.274,323.519,192.383,191.176,454.445,323.519,641.657,328.472,639.168,514.695,449.274,510.804
732,10396.496,1,3,0.979,452.177,323.450,192.054,191.075,456.349,323.450,644.230,328.680,640.741,514.525,452.177,510.810
733,10410.699,1,3,0.976,454.533,323.422,191.645,191.260,458.536,323.422,646.178,328.831,643.652,514.683,454.533,510.826
734,10424.902,1,3,0.978,455.868,323.527,191.900,191.264,460.991,323.527,647.769,328.774,645.542,514.791,455.868,510.795
735,10439.105,1,3,0.978,458.061,323.547,191.939,191.267,462.315,323.547,650.000,328.844,646.855,514.814,458.061,510.899
736,10453.308,1,3,0.982,459.513,323.519,192.471,191.288,463.353,323.519,651.985,328.815,647.721,514.807,459.513,510.923
737,10467.511,1,3,0.977,460.862,323.583,191.875,191.354,464.736,323.583,652.738,328.846,649.475,514.936,460.862,510.910
738,10481.713,1,3,0.978,461.420,323.633,192.378,191.386,466.711,323.633,653.798,328.890,651.473,515.019,461.420,510.984
739,10495.916,1,3,0.980,462.686,323.587,192.169,191.471,467.937,323.587,654.855,328.959,651.755,515.058,462.686,510.933
740,10510.119,1,3,0.980,464.259,323.663,192.085,191.298,468.649,323.663,656.344,328.797,652.910,514.960,464.259,510.928
741,10524.322,1,3,0.977,465.513,323.594,191.810,191.426,469.320,323.594,657.323,328.931,653.534,515.020,465.513,510.925
742,10538.525,1,3,0.982,466.109,323.676,192.174,191.273,470.412,323.676,658.284,328.797,654.417,514.950,466.109,510.926
743,10552.728,1,3,0.978,466.933,323.660,191.974,191.421,471.108,323.660,658.907,328.801,655.161,515.082,466.933,511.025
744,10566.931,1,3,0.980,467.408,323.718,192.078,191.353,472.399,323.718,659.486,328.924,656.170,515.071,467.408,510.952
745,10581.133,1,3,0.978,467.897,323.785,192.245,191.333,473.196,323.785,660.142,328.821,657.354,515.118,467.897,510.891
746,10595.336,1,3,0.981,468.737,323.721,192.042,191.414,473.888,323.721,660.779,328.795,657.901,515.135,468.737,510.892
747,10609.539,1,3,0.980,469.201,323.668,192.240,191.356,474.531,323.668,661.441,328.831,657.947,515.024,469.201,510.903
748,10623.742,1,3,0.979,469.410,323.725,192.275,191.288,474.914,323.725,661.684,328.841,658.124,515.013,469.410,510.988
749,10637.945,1,3,0.981,469.860,323.610,191.981,191.326,474.846,323.610,661.841,328.869,658.357,514.935,469.860,510.929
750,10652.148,1,3,0.978,469.689,323.695,191.981,191.299,474.705,323.695,661.670,328.845,658.173,514.995,469.689,510.997
751,10666.351,1,3,0.982,469.172,323.612,191.993,191.388,474.262,323.612,661.165,328.896,658.092,515.000,469.172,510.914
752,10680.554,1,3,0.983,467.718,323.499,192.699,191.736,473.214,323.499,660.417,328.840,656.327,515.236,467.718,510.234
753,10694.756,1,3,0.981,465.374,323.474,193.040,191.532,470.422,323.474,658.413,328.810,653.931,515.005,465.374,509.950
754,10708.959,1,3,0.979,461.470,323.326,193.823,191.733,466.688,323.326,655.293,328.773,650.537,515.058,461.470,509.812
755,10723.162,1,3,0.974,456.047,323.090,195.051,191.971,462.351,323.090,651.098,329.012,646.263,515.062,456.047,509.684
756,10737.365,1,3,0.970,449.979,322.599,195.578,192.369,456.389,322.599,645.556,329.016,640.676,514.968,449.979,509.541
757,10751.568,1,3,0.968,443.776,322.350,194.745,192.572,449.397,322.350,638.521,329.168,634.207,514.921,443.776,509.534
758,10765.771,1,3,0.965,436.360,322.299,194.895,192.638,441.663,322.299,631.255,329.044,627.128,514.937,436.360,509.274
759,10779.974,1,3,0.967,428.134,322.323,195.871,192.457,434.080,322.323,624.005,328.639,619.373,514.780,428.134,509.099
760,10794.176,1,3,0.957,419.661,322.306,195.489,192.440,425.002,322.306,615.149,328.120,611.451,514.746,419.661,509.065
761,10808.379,1,3,0.962,410.429,322.142,195.570,192.429,416.113,322.142,605.999,327.626,602.241,514.571,410.429,509.124
762,10822.582,1,3,0.959,400.497,322.028,196.695,191.769,406.431,322.028,597.191,327.512,592.601,513.797,400.497,509.017
763,10836.785,1,3,0.954,390.235,321.983,196.475,191.677,395.323,321.983,586.711,327.450,582.893,513.660,390.235,508.657
764,10850.988,1,3,0.955,379.517,321.895,196.310,191.549,384.566,321.895,575.826,327.260,571.729,513.444,379.517,508.604
765,10865.191,1,3,0.958,368.472,321.880,196.794,191.448,373.885,321.880,565.265,326.955,560.666,513.327,368.472,508.417
766,10879.394,1,3,0.952,357.191,321.953,197.044,191.326,362.594,321.953,554.235,326.200,549.892,513.279,357.191,508.320
767,10893.596,1,3,0.947,345.834,321.581,197.865,191.121,351.768,321.581,543.699,326.047,538.940,512.702,345.834,508.326
768,10907.799,1,3,0.950,331.323,320.746,196.811,191.294,336.961,320.746,528.134,325.977,525.040,512.040,331.323,507.993
769,10922.002,1,3,0.951,323.414,320.919,196.538,191.042,328.131,320.919,519.952,325.795,516.538,511.961,323.414,507.964
770,10936.205,1,3,0.950,312.991,320.940,196.549,190.856,317.463,320.940,509.540,325.408,505.657,511.796,312.991,507.889
771,10950.408,1,3,0.956,301.894,320.939,196.888,190.754,306.598,320.939,498.781,324.782,494.763,511.694,301.894,507.893
772,10964.611,1,3,0.952,286.272,320.583,198.508,190.982,291.593,320.583,484.780,324.736,478.808,511.565,286.272,507.779
773,10978.814,1,3,0.955,277.975,320.569,197.777,190.698,283.485,320.569,475.752,324.672,470.909,511.268,277.975,507.856
774,10993.017,1,3,0.949,266.946,320.180,197.989,190.581,273.231,320.180,464.934,324.344,460.693,510.761,266.946,508.033
775,11007.219,1,3,0.952,255.957,319.790,197.590,190.701,261.997,319.790,453.547,324.265,449.791,510.491,255.957,508.004
776,11021.422,1,3,0.952,245.143,319.297,197.022,191.296,250.717,319.297,442.165,324.473,439.309,510.593,245.143,507.211
777,11035.625,1,3,0.953,230.720,319.083,196.867,191.467,235.487,319.083,427.587,324.304,423.753,510.551,230.720,506.805
778,11049.828,1,3,0.957,222.701,319.159,197.152,191.359,227.490,319.159,419.853,323.975,415.606,510.518,222.701,506.550
779,11064.031,1,3,0.957,211.799,319.105,198.308,191.272,217.582,319.105,410.107,323.349,405.061,510.377,211.799,506.412
780,11078.234,1,3,0.957,201.115,319.013,198.527,191.263,207.086,319.013,399.642,323.120,394.456,510.276,201.115,506.335
781,11092.437,1,3,0.948,185.997,319.004,198.342,191.008,192.517,319.004,384.339,322.881,380.588,510.011,185.997,506.142
782,11106.639,1,3,0.949,178.022,318.103,198.325,191.762,184.159,318.103,376.348,322.915,372.182,509.866,178.022,506.139
783,11120.842,1,3,0.946,167.979,317.854,198.489,191.430,173.299,317.854,366.468,322.783,361.516,509.284,167.979,506.483
784,11135.045,1,3,0.953,152.945,317.656,198.250,191.239,158.253,317.656,351.194,322.376,346.734,508.895,152.945,506.490
785,11149.248,1,3,0.957,144.696,317.721,198.338,191.280,149.950,317.721,343.034,322.343,338.053,509.001,144.696,505.933
786,11163.451,1,3,0.960,133.777,317.595,198.628,191.450,139.113,317.595,332.406,321.685,327.194,509.045,133.777,505.454
787,11177.654,1,3,0.959,122.411,317.486,199.260,191.525,128.487,317.486,321.671,321.217,316.049,509.011,122.411,505.083
788,11191.857,1,3,0.958,107.699,317.242,198.506,191.671,113.615,317.242,306.205,321.262,301.724,508.914,107.699,504.945
789,11206.059,1,3,0.957,99.956,317.245,198.363,191.509,105.690,317.245,298.319,321.250,293.953,508.753,99.956,504.930
790,11220.262,1,3,0.960,90.667,317.533,198.237,190.845,95.890,317.533,288.905,320.222,283.789,508.379,90.667,504.932
791,11234.465,1,3,0.961,79.965,317.610,198.595,190.524,86.354,317.610,278.559,319.944,273.741,508.134,79.965,504.935
792,11248.668,1,3,0.956,70.049,317.673,198.396,190.639,75.990,317.673,268.445,319.755,264.094,508.312,70.049,504.684
793,11262.871,1,3,0.962,60.524,317.419,197.821,190.116,65.922,317.419,258.344,319.773,254.246,507.535,60.524,505.105
794,11277.074,1,3,0.966,50.762,316.717,198.504,190.685,56.907,316.717,249.266,319.903,244.590,507.402,50.762,505.177
795,11291.277,1,3,0.967,42.599,316.404,197.539,190.835,47.536,316.404,240.137,319.873,235.440,507.239,42.599,505.159
796,11305.480,1,3,0.971,33.912,316.314,197.078,191.000,39.085,316.314,230.990,318.630,227.004,507.314,33.912,504.593
797,11319.682,1,3,0.973,25.892,316.257,197.540,190.840,31.120,316.257,223.432,318.374,218.563,507.097,25.892,504.075
798,11333.885,1,3,0.974,18.529,316.210,197.166,190.472,23.227,316.210,215.695,318.302,210.583,506.682,18.529,503.634
799,11348.088,1,3,0.973,11.301,316.153,196.374,190.271,15.809,316.153,207.675,318.335,204.168,506.424,11.301,503.511
800,11362.291,1,3,0.970,4.252,316.181,196.316,189.782,9.136,316.181,200.568,318.177,197.543,505.963,4.252,503.690
801,11376.494,0,-1,0,,,,,,,,,,,,
802,11390.697,0,-1,0,,,,,,,,,,,,
803,11404.900,0,-1,0,,,,,,,,,,,,
804,11419.102,0,-1,0,,,,,,,,,,,,
805,11433.305,0,-1,0,,,,,,,,,,,,
806,11447.508,0,-1,0,,,,,,,,,,,,
807,11461.711,0,-1,0,,,,,,,,,,,,
808,11475.914,0,-1,0,,,,,,,,,,,,
809,11490.117,0,-1,0,,,,,,,,,,,,
810,11504.320,0,-1,0,,,,,,,,,,,,
811,11518.522,0,-1,0,,,,,,,,,,,,
812,11532.725,0,-1,0,,,,,,,,,,,,
813,11546.928,0,-1,0,,,,,,,,,,,,
814,11561.131,0,-1,0,,,,,,,,,,,,
815,11575.334,0,-1,0,,,,,,,,,,,,
816,11589.537,0,-1,0,,,,,,,,,,,,
817,11603.740,0,-1,0,,,,,,,,,,,,
818,11617.943,0,-1,0,,,,,,,,,,,,
819,11632.145,0,-1,0,,,,,,,,,,,,
820,11646.348,0,-1,0,,,,,,,,,,,,
821,11660.551,0,-1,0,,,,,,,,,,,,
822,11674.754,0,-1,0,,,,,,,,,,,,
823,11688.957,0,-1,0,,,,,,,,,,,,
824,11703.160,0,-1,0,,,,,,,,,,,,
825,11717.363,0,-1,0,,,,,,,,,,,,
826,11731.565,0,-1,0,,,,,,,,,,,,
827,11745.768,0,-1,0,,,,,,,,,,,,
828,11759.971,0,-1,0,,,,,,,,,,,,
829,11774.174,0,-1,0,,,,,,,,,,,,
830,11788.377,0,-1,0,,,,,,,,,,,,
831,11802.580,0,-1,0,,,,,,,,,,,,
832,11816.783,0,-1,0,,,,,,,,,,,,
833,11830.985,0,-1,0,,,,,,,,,,,,
834,11845.188,0,-1,0,,,,,,,,,,,,
835,11859.391,0,-1,0,,,,,,,,,,,,
836,11873.594,0,-1,0,,,,,,,,,,,,
837,11887.797,0,-1,0,,,,,,,,,,,,
838,11902.000,0,-1,0,,,,,,,,,,,,
839,11916.203,0,-1,0,,,,,,,,,,,,
840,11930.406,0,-1,0,,,,,,,,,,,,
841,11944.608,0,-1,0,,,,,,,,,,,,
842,11958.811,0,-1,0,,,,,,,,,,,,
843,11973.014,0,-1,0,,,,,,,,,,,,
844,11987.217,0,-1,0,,,,,,,,,,,,
845,12001.420,0,-1,0,,,,,,,,,,,,
846,12015.623,0,-1,0,,,,,,,,,,,,
847,12029.826,0,-1,0,,,,,,,,,,,,
848,12044.028,0,-1,0,,,,,,,,,,,,
849,12058.231,0,-1,0,,,,,,,,,,,,
850,12072.434,0,-1,0,,,,,,,,,,,,
851,12086.637,0,-1,0,,,,,,,,,,,,
852,12100.840,0,-1,0,,,,,,,,,,,,
853,12115.043,0,-1,0,,,,,,,,,,,,
854,12129.246,0,-1,0,,,,,,,,,,,,
855,12143.448,0,-1,0,,,,,,,,,,,,
856,12157.651,0,-1,0,,,,,,,,,,,,
857,12171.854,0,-1,0,,,,,,,,,,,,
858,12186.057,0,-1,0,,,,,,,,,,,,
859,12200.260,0,-1,0,,,,,,,,,,,,
860,12214.463,0,-1,0,,,,,,,,,,,,
861,12228.666,0,-1,0,,,,,,,,,,,,
862,12242.869,0,-1,0,,,,,,,,,,,,
863,12257.071,0,-1,0,,,,,,,,,,,,
864,12271.274,0,-1,0,,,,,,,,,,,,
865,12285.477,0,-1,0,,,,,,,,,,,,
866,12299.680,0,-1,0,,,,,,,,,,,,
867,12313.883,0,-1,0,,,,,,,,,,,,
868,12328.086,0,-1,0,,,,,,,,,,,,
869,12342.289,0,-1,0,,,,,,,,,,,,
870,12356.491,0,-1,0,,,,,,,,,,,,
871,12370.694,0,-1,0,,,,,,,,,,,,
872,12384.897,0,-1,0,,,,,,,,,,,,
873,12399.100,0,-1,0,,,,,,,,,,,,
874,12413.303,0,-1,0,,,,,,,,,,,,
875,12427.506,0,-1,0,,,,,,,,,,,,
876,12441.709,0,-1,0,,,,,,,,,,,,
877,12455.911,0,-1,0,,,,,,,,,,,,
878,12470.114,0,-1,0,,,,,,,,,,,,
879,12484.317,0,-1,0,,,,,,,,,,,,
880,12498.520,0,-1,0,,,,,,,,,,,,
881,12512.723,0,-1,0,,,,,,,,,,,,
882,12526.926,0,-1,0,,,,,,,,,,,,
883,12541.129,0,-1,0,,,,,,,,,,,,
884,12555.332,0,-1,0,,,,,,,,,,,,
885,12569.534,0,-1,0,,,,,,,,,,,,
886,12583.737,0,-1,0,,,,,,,,,,,,
887,12597.940,0,-1,0,,,,,,,,,,,,
888,12612.143,0,-1,0,,,,,,,,,,,,
889,12626.346,0,-1,0,,,,,,,,,,,,
890,12640.549,0,-1,0,,,,,,,,,,,,
891,12654.752,0,-1,0,,,,,,,,,,,,
892,12668.954,0,-1,0,,,,,,,,,,,,
893,12683.157,0,-1,0,,,,,,,,,,,,
894,12697.360,0,-1,0,,,,,,,,,,,,
895,12711.563,0,-1,0,,,,,,,,,,,,
896,12725.766,0,-1,0,,,,,,,,,,,,
897,12739.969,0,-1,0,,,,,,,,,,,,
898,12754.172,0,-1,0,,,,,,,,,,,,
899,12768.374,0,-1,0,,,,,,,,,,,,
900,12782.577,0,-1,0,,,,,,,,,,,,
901,12796.780,0,-1,0,,,,,,,,,,,,
902,12810.983,0,-1,0,,,,,,,,,,,,
903,12825.186,0,-1,0,,,,,,,,,,,,
904,12839.389,0,-1,0,,,,,,,,,,,,
905,12853.592,0,-1,0,,,,,,,,,,,,
906,12867.795,0,-1,0,,,,,,,,,,,,
907,12881.997,0,-1,0,,,,,,,,,,,,
908,12896.200,0,-1,0,,,,,,,,,,,,
909,12910.403,0,-1,0,,,,,,,,,,,,
910,12924.606,0,-1,0,,,,,,,,,,,,
911,12938.809,0,-1,0,,,,,,,,,,,,
912,12953.012,0,-1,0,,,,,,,,,,,,
913,12967.215,0,-1,0,,,,,,,,,,,,
914,12981.417,0,-1,0,,,,,,,,,,,,
915,12995.620,0,-1,0,,,,,,,,,,,,
916,13009.823,0,-1,0,,,,,,,,,,,,
917,13024.026,0,-1,0,,,,,,,,,,,,
918,13038.229,0,-1,0,,,,,,,,,,,,
919,13052.432,0,-1,0,,,,,,,,,,,,
920,13066.635,0,-1,0,,,,,,,,,,,,
921,13080.837,0,-1,0,,,,,,,,,,,,
922,13095.040,0,-1,0,,,,,,,,,,,,
923,13109.243,0,-1,0,,,,,,,,,,,,
924,13123.446,0,-1,0,,,,,,,,,,,,
925,13137.649,0,-1,0,,,,,,,,,,,,
926,13151.852,0,-1,0,,,,,,,,,,,,
927,13166.055,0,-1,0,,,,,,,,,,,,
928,13180.258,0,-1,0,,,,,,,,,,,,
929,13194.460,0,-1,0,,,,,,,,,,,,
930,13208.663,0,-1,0,,,,,,,,,,,,
931,13222.866,0,-1,0,,,,,,,,,,,,
932,13237.069,0,-1,0,,,,,,,,,,,,
933,13251.272,0,-1,0,,,,,,,,,,,,
934,13265.475,0,-1,0,,,,,,,,,,,,
935,13279.678,0,-1,0,,,,,,,,,,,,
936,13293.880,0,-1,0,,,,,,,,,,,,
937,13308.083,0,-1,0,,,,,,,,,,,,
938,13322.286,0,-1,0,,,,,,,,,,,,
939,13336.489,0,-1,0,,,,,,,,,,,,
940,13350.692,0,-1,0,,,,,,,,,,,,
941,13364.895,0,-1,0,,,,,,,,,,,,
942,13379.098,0,-1,0,,,,,,,,,,,,
943,13393.300,0,-1,0,,,,,,,,,,,,
944,13407.503,0,-1,0,,,,,,,,,,,,
945,13421.706,0,-1,0,,,,,,,,,,,,
946,13435.909,0,-1,0,,,,,,,,,,,,
947,13450.112,0,-1,0,,,,,,,,,,,,
948,13464.315,0,-1,0,,,,,,,,,,,,
949,13478.518,0,-1,0,,,,,,,,,,,,
950,13492.721,0,-1,0,,,,,,,,,,,,
951,13506.923,0,-1,0,,,,,,,,,,,,
952,13521.126,0,-1,0,,,,,,,,,,,,
953,13535.329,0,-1,0,,,,,,,,,,,,
954,13549.532,0,-1,0,,,,,,,,,,,,
955,13563.735,0,-1,0,,,,,,,,,,,,
956,13577.938,0,-1,0,,,,,,,,,,,,
957,13592.141,0,-1,0,,,,,,,,,,,,
958,13606.343,0,-1,0,,,,,,,,,,,,
959,13620.546,0,-1,0,,,,,,,,,,,,
960,13634.749,0,-1,0,,,,,,,,,,,,
961,13648.952,0,-1,0,,,,,,,,,,,,
962,13663.155,0,-1,0,,,,,,,,,,,,
963,13677.358,0,-1,0,,,,,,,,,,,,
964,13691.561,0,-1,0,,,,,,,,,,,,
965,13705.763,0,-1,0,,,,,,,,,,,,
966,13719.966,0,-1,0,,,,,,,,,,,,
967,13734.169,0,-1,0,,,,,,,,,,,,
968,13748.372,0,-1,0,,,,,,,,,,,,
969,13762.575,0,-1,0,,,,,,,,,,,,
970,13776.778,0,-1,0,,,,,,,,,,,,
971,13790.981,0,-1,0,,,,,,,,,,,,
972,13805.184,1,4,0.954,5.474,315.935,200.209,191.450,11.965,315.935,205.683,319.530,200.692,507.385,5.474,503.309
973,13819.386,1,4,0.961,14.281,315.963,199.083,191.622,20.893,315.963,213.365,319.764,209.158,507.585,14.281,503.770
974,13833.589,1,4,0.963,25.521,315.936,198.913,191.599,31.388,315.936,224.433,319.721,220.016,507.535,25.521,504.077
975,13847.792,1,4,0.960,40.316,316.143,200.017,191.259,47.067,316.143,240.333,319.717,235.095,507.402,40.316,505.034
976,13861.995,1,4,0.958,49.104,316.367,200.037,190.900,55.767,316.367,249.141,319.975,243.475,507.268,49.104,505.117
977,13876.198,1,4,0.957,60.303,316.673,199.149,190.871,66.112,316.673,259.452,319.919,254.420,507.544,60.303,505.009
978,13890.401,1,4,0.955,75.942,316.601,199.046,191.036,81.248,316.601,274.988,320.075,269.127,507.638,75.942,505.013
979,13904.604,1,4,0.952,84.657,317.079,199.294,190.820,89.812,317.079,283.952,320.051,277.638,507.898,84.657,504.988
980,13918.806,1,4,0.949,98.750,317.517,198.253,190.587,104.006,317.517,297.003,320.075,292.991,508.104,98.750,504.806
981,13933.009,1,4,0.953,107.756,317.518,198.427,191.006,112.741,317.518,306.184,320.269,301.359,508.524,107.756,504.820
982,13947.212,1,4,0.954,118.516,317.408,198.644,191.308,123.601,317.408,317.160,320.870,312.088,508.716,118.516,504.892
983,13961.415,1,4,0.953,133.271,317.426,198.014,191.722,139.062,317.426,331.285,321.123,327.862,509.148,133.271,504.917
984,13975.618,1,4,0.956,142.179,317.463,198.013,191.737,148.185,317.463,340.192,321.527,336.778,509.200,142.179,505.271
985,13989.821,1,4,0.951,152.698,317.336,198.687,191.756,159.040,317.336,351.386,322.251,347.368,509.093,152.698,505.766
986,14004.024,1,4,0.950,164.098,317.525,198.411,191.378,170.350,317.525,362.508,322.539,358.758,508.903,164.098,506.426
987,14018.226,1,4,0.950,179.478,317.813,198.814,191.740,185.972,317.813,378.292,322.927,373.501,509.553,179.478,506.371
988,14032.429,1,4,0.951,188.290,318.631,198.944,190.960,194.279,318.631,387.234,322.738,381.814,509.591,188.290,506.474
989,14046.632,1,4,0.952,198.829,318.919,198.458,191.116,205.259,318.919,397.287,322.733,392.821,510.034,198.829,506.383
990,14060.835,1,4,0.953,214.353,318.964,198.462,191.331,219.744,318.964,412.815,323.177,407.609,510.295,214.353,506.159
991,14075.038,1,4,0.960,223.183,319.149,197.816,191.111,228.306,319.149,420.999,323.171,415.981,510.260,223.183,506.575
992,14089.241,1,4,0.955,233.855,319.139,197.742,191.355,238.723,319.139,431.596,323.616,426.756,510.494,233.855,506.737
993,14103.444,1,4,0.953,245.059,319.317,196.913,191.227,249.866,319.317,441.971,324.130,438.045,510.544,245.059,506.895
994,14117.647,1,4,0.946,259.638,319.205,197.804,191.270,265.139,319.205,457.442,324.239,453.715,510.475,259.638,507.607
995,14131.849,1,4,0.951,268.307,319.259,197.223,191.401,273.762,319.259,465.530,324.230,462.245,510.660,268.307,507.595
996,14146.052,1,4,0.947,278.452,319.891,197.913,191.284,284.674,319.891,476.365,324.464,472.637,511.174,278.452,507.587
997,14160.255,1,4,0.952,289.757,320.413,197.617,190.988,295.916,320.413,487.374,324.402,483.390,511.401,289.757,507.770
998,14174.458,1,4,0.957,305.336,320.541,197.482,191.231,310.790,320.541,502.818,324.837,498.288,511.772,305.336,507.689
999,14188.661,1,4,0.953,313.546,320.842,197.211,190.902,318.946,320.842,510.756,325.173,506.493,511.744,313.546,507.809
1000,14202.864,1,4,0.952,324.503,321.017,196.745,190.911,329.228,321.017,521.248,325.481,517.180,511.929,324.503,507.793
1001,14217.067,1,4,0.953,335.728,321.360,195.981,190.576,340.056,321.360,531.709,325.550,528.229,511.936,335.728,507.925
1002,14231.269,1,4,0.948,350.853,321.840,196.284,190.763,354.863,321.840,547.138,325.729,543.643,512.603,350.853,508.456
1003,14245.472,1,4,0.941,359.106,321.914,196.256,191.115,363.967,321.914,555.363,325.731,552.687,513.029,359.106,508.468
1004,14259.675,1,4,0.951,369.667,322.156,196.501,190.954,374.724,322.156,566.168,325.924,562.894,513.109,369.667,509.003
1005,14273.878,1,4,0.950,380.310,322.452,196.821,190.767,386.027,322.452,577.131,326.740,573.741,513.219,380.310,509.256
1006,14288.081,1,4,0.949,395.489,322.449,196.822,190.908,401.138,322.449,592.311,327.331,588.502,513.357,395.489,509.474
1007,14302.284,1,4,0.955,404.327,322.919,196.088,190.629,409.378,322.919,600.415,327.150,596.559,513.548,404.327,509.612
1008,14316.487,1,4,0.950,414.762,323.131,195.800,191.237,419.746,323.131,610.563,327.239,607.794,514.368,414.762,509.657
1009,14330.689,1,4,0.950,430.227,323.348,194.764,191.308,433.933,323.348,624.992,328.309,622.081,514.656,430.227,509.949
1010,14344.892,1,4,0.947,438.997,323.426,194.305,191.320,441.850,323.426,633.302,328.271,631.164,514.746,438.997,510.202
1011,14359.095,1,4,0.945,449.394,323.418,194.964,191.370,453.081,323.418,644.358,328.651,642.098,514.788,449.394,510.589
1012,14373.298,1,4,0.946,463.287,323.511,195.563,191.359,468.534,323.511,658.849,328.883,656.625,514.870,463.287,510.980
1013,14387.501,1,4,0.952,472.195,323.659,195.528,191.186,476.728,323.659,667.723,328.947,664.407,514.845,472.195,510.978
1014,14401.704,1,4,0.946,482.434,323.815,196.171,191.272,487.911,323.815,678.605,329.339,675.191,515.088,482.434,510.971
1015,14415.907,1,4,0.955,493.550,324.525,195.930,190.639,498.893,324.525,689.479,329.634,685.747,515.164,493.550,511.190
1016,14430.110,1,4,0.947,509.471,324.667,194.387,191.374,513.323,324.667,703.858,330.327,701.325,516.041,509.471,511.443
1017,14444.312,1,4,0.948,517.645,324.784,194.607,191.215,521.621,324.784,712.252,330.392,709.315,515.999,517.645,511.783
1018,14458.515,1,4,0.947,528.371,324.956,194.237,191.232,532.057,324.956,722.608,330.452,720.449,516.189,528.371,512.162
1019,14472.718,1,4,0.950,543.533,325.263,194.628,191.105,546.718,325.263,738.161,331.141,734.979,516.368,543.533,512.409
1020,14486.921,1,4,0.946,552.036,325.625,194.215,190.854,555.749,325.625,746.251,331.424,743.790,516.479,552.036,512.380
1021,14501.124,1,4,0.949,562.317,326.206,194.831,191.208,566.665,326.206,757.147,331.549,754.248,517.414,562.317,512.641
1022,14515.327,1,4,0.948,577.205,326.372,195.500,191.473,581.639,326.372,772.705,332.085,768.661,517.846,577.205,512.949
1023,14529.530,1,4,0.951,585.528,326.840,194.591,191.043,590.288,326.840,780.120,331.959,776.848,517.883,585.528,513.432
1024,14543.732,1,4,0.949,596.185,327.420,194.043,190.552,600.797,327.420,790.228,331.957,787.909,517.972,596.185,513.574
1025,14557.935,1,4,0.952,607.448,327.655,193.719,190.304,611.620,327.655,801.166,332.623,798.528,517.959,607.448,513.839
1026,14572.138,1,4,0.952,623.152,327.970,191.540,189.952,625.951,327.970,814.692,333.018,814.363,517.922,623.152,513.973
1027,14586.341,1,4,0.940,631.479,327.883,192.466,190.581,633.855,327.883,823.945,333.454,822.826,518.464,631.479,513.826
1028,14600.544,1,4,0.946,642.353,328.065,192.598,190.779,644.756,328.065,834.951,333.540,833.211,518.844,642.353,513.962
1029,14614.747,1,4,0.951,656.871,328.366,193.124,190.786,660.257,328.366,849.994,333.309,847.078,519.152,656.871,514.248
1030,14628.950,1,4,0.951,665.121,328.536,193.204,190.697,668.374,328.536,858.325,333.503,855.173,519.233,665.121,514.366
1031,14643.152,1,4,0.954,675.602,329.030,192.647,190.420,679.384,329.030,868.249,334.284,866.063,519.450,675.602,514.552
1032,14657.355,1,4,0.952,686.161,329.244,192.596,190.230,690.298,329.244,878.757,334.656,876.680,519.474,686.161,515.054
1033,14671.558,1,4,0.946,701.774,329.505,191.343,190.175,703.964,329.505,893.118,334.856,892.345,519.680,701.774,515.453
1034,14685.761,1,4,0.947,710.258,329.487,191.506,190.903,712.749,329.487,901.763,335.044,900.308,520.390,710.258,515.528
1035,14699.964,1,4,0.944,720.771,329.740,191.243,190.945,722.915,329.740,912.014,335.791,911.221,520.685,720.771,515.756
1036,14714.167,1,4,0.954,735.367,330.560,190.316,190.173,738.530,330.560,925.683,335.978,925.373,520.733,735.367,516.216
1037,14728.370,1,4,0.957,743.677,330.845,190.115,189.963,746.308,330.845,933.792,336.277,933.257,520.808,743.677,516.752
1038,14742.573,1,4,0.955,753.607,331.015,190.937,189.947,756.977,331.015,944.544,336.343,942.949,520.962,753.607,516.804
1039,14756.775,1,4,0.949,767.743,331.075,190.757,190.007,771.083,331.075,958.500,336.454,958.500,521.082,767.743,516.762
1040,14770.978,1,4,0.948,776.741,331.293,190.796,190.242,779.121,331.293,967.537,337.000,966.143,521.535,776.741,517.128
1041,14785.181,1,4,0.947,787.705,331.540,190.112,190.483,788.922,331.540,977.817,337.475,975.907,522.023,787.705,517.242
1042,14799.384,1,4,0.954,802.211,332.458,189.288,189.712,804.278,332.458,991.499,337.582,991.185,522.170,802.211,517.843
1043,14813.587,1,4,0.949,810.216,332.555,189.297,189.675,812.207,332.555,999.514,337.863,999.126,522.230,810.216,518.031
1044,14827.790,1,4,0.954,819.924,332.788,189.459,189.389,823.178,332.788,1009.383,337.890,1009.002,522.176,819.924,518.241
1045,14841.993,1,4,0.944,834.092,333.303,190.408,189.007,836.787,333.303,1024.500,337.742,1024.500,522.310,834.092,518.390
1046,14856.195,1,4,0.948,842.816,333.681,189.559,188.657,845.057,333.681,1032.375,337.864,1032.375,522.339,842.816,518.458
1047,14870.398,1,4,0.952,853.721,333.937,188.498,188.532,854.908,333.937,1042.219,338.102,1042.219,522.470,853.721,518.824
1048,14884.601,1,4,0.959,868.217,334.045,187.895,189.429,870.149,334.045,1056.112,338.928,1055.888,523.473,868.217,518.956
1049,14898.804,1,4,0.954,876.187,334.081,187.860,189.257,878.188,334.081,1064.047,339.303,1063.745,523.338,876.187,519.526
1050,14913.007,1,4,0.946,886.073,334.253,188.813,189.329,888.040,334.253,1074.887,339.425,1074.811,523.582,886.073,519.744
1051,14927.210,1,4,0.947,901.098,334.901,187.925,188.820,901.601,334.901,1089.023,339.514,1088.841,523.721,901.098,519.873
1052,14941.413,1,4,0.954,909.001,335.220,188.197,188.635,910.526,335.220,1097.198,340.255,1096.739,523.854,909.001,519.930
1053,14955.615,1,4,0.957,919.893,335.261,187.223,188.724,920.735,335.261,1107.116,340.632,1106.588,523.984,919.893,520.233
1054,14969.818,1,4,0.948,934.500,335.541,187.609,189.257,934.500,335.541,1121.528,340.896,1122.109,524.798,934.500,520.526
1055,14984.021,1,4,0.951,942.265,335.758,187.637,189.223,943.775,335.758,1129.757,340.936,1129.902,524.981,942.265,520.694
1056,14998.224,1,4,0.952,952.741,336.168,187.779,188.810,953.798,336.168,1140.519,340.799,1139.517,524.977,952.741,521.255
1057,15012.427,1,4,0.952,967.156,336.907,187.234,188.313,967.577,336.907,1153.409,341.157,1154.390,525.219,967.156,521.364
1058,15026.630,1,4,0.946,975.289,336.975,187.557,188.334,975.394,336.975,1161.819,341.741,1162.846,525.309,975.289,521.446
1059,15040.833,1,4,0.955,986.322,336.975,186.263,188.399,986.349,336.975,1172.366,341.978,1172.585,525.374,986.322,521.501
1060,15055.036,1,4,0.953,996.956,337.036,186.066,188.446,996.962,337.036,1182.966,342.198,1183.021,525.483,996.956,521.773
1061,15069.238,1,4,0.955,1011.868,337.195,186.641,188.433,1012.689,337.195,1197.050,342.439,1198.509,525.628,1011.868,521.959
1062,15083.441,1,4,0.954,1019.012,337.117,186.240,188.883,1020.658,337.117,1204.887,342.576,1205.252,526.000,1019.012,521.963
1063,15097.644,1,4,0.957,1028.572,337.095,186.241,189.173,1030.519,337.095,1214.722,342.625,1214.813,526.268,1028.572,521.786
1064,15111.847,1,4,0.970,1038.554,336.999,184.274,189.551,1039.645,336.999,1222.805,342.421,1222.828,526.550,1038.554,521.075
1065,15126.050,1,4,0.973,1045.869,336.981,184.657,189.652,1047.725,336.981,1230.526,342.397,1230.159,526.633,1045.869,520.931
1066,15140.253,1,4,0.976,1052.196,336.971,184.731,189.649,1054.208,336.971,1236.927,342.491,1235.426,526.620,1052.196,520.836
1067,15154.456,1,4,0.976,1058.213,336.954,183.644,189.747,1060.049,336.954,1241.857,343.287,1241.482,526.702,1058.213,520.912
1068,15168.658,1,4,0.977,1063.193,337.649,183.272,189.287,1065.110,337.649,1246.464,343.387,1246.370,526.936,1063.193,521.708
1069,15182.861,1,4,0.980,1068.771,338.258,183.345,188.505,1069.631,338.258,1252.116,343.540,1252.093,526.763,1068.771,522.478
1070,15197.064,1,4,0.973,1073.818,338.710,183.086,188.134,1074.033,338.710,1256.904,343.714,1256.898,526.845,1073.818,522.697
1071,15211.267,1,4,0.973,1079.579,338.858,183.022,188.124,1079.633,338.858,1262.601,343.794,1262.600,526.982,1079.579,522.870
1072,15225.470,1,4,0.977,1084.395,339.245,183.005,187.910,1084.408,339.245,1267.400,343.764,1267.400,527.156,1084.395,523.187
1073,15239.673,1,4,0.982,1090.099,339.681,181.876,187.430,1090.102,339.681,1271.975,343.654,1271.975,527.111,1090.099,523.363
1074,15253.876,1,4,0.978,1094.900,339.834,181.684,187.415,1094.901,339.834,1276.136,343.750,1276.584,527.249,1094.900,523.458
1075,15268.078,1,4,0.972,1098.350,339.863,182.812,187.276,1098.350,339.863,1279.565,343.778,1281.162,527.139,1098.350,523.886
1076,15282.281,1,4,0.977,1102.587,339.943,181.954,187.075,1102.588,339.943,1282.716,343.706,1284.542,527.018,1102.587,524.073
1077,15296.484,1,4,0.982,1105.897,339.968,181.614,187.018,1105.897,339.968,1287.054,343.722,1287.510,526.986,1105.897,524.120
1078,15310.687,1,4,0.978,1108.974,340.026,181.528,187.030,1108.974,340.026,1290.388,344.061,1290.503,527.055,1108.974,524.121
1079,15324.890,1,4,0.973,1113.119,339.808,181.541,187.279,1113.119,339.808,1293.271,344.700,1294.659,527.086,1113.119,523.906
1080,15339.093,1,4,0.977,1115.700,339.123,182.215,188.112,1116.564,339.123,1297.568,344.589,1297.915,527.234,1115.700,523.028
1081,15353.296,1,4,0.976,1118.943,338.507,181.153,188.818,1119.622,338.507,1300.096,344.320,1299.755,527.324,1118.943,522.244
1082,15367.499,1,4,0.978,1119.919,337.595,181.685,189.531,1121.632,337.595,1301.604,344.084,1300.118,527.126,1119.919,521.609
1083,15381.701,1,4,0.976,1118.983,336.919,182.950,190.106,1121.526,336.919,1301.933,344.180,1300.181,527.025,1118.983,520.579
1084,15395.904,1,4,0.977,1116.503,336.350,184.446,190.675,1119.719,336.350,1300.949,344.241,1298.137,527.025,1116.503,520.160
1085,15410.107,1,4,0.978,1113.598,336.614,183.642,190.486,1116.559,336.614,1297.240,344.194,1295.185,527.100,1113.598,520.256
1086,15424.310,1,4,0.976,1110.677,336.921,182.590,190.182,1111.714,336.921,1293.267,344.152,1292.337,527.103,1110.677,520.725
1087,15438.513,1,4,0.975,1106.543,336.993,183.223,190.114,1108.406,336.993,1289.766,344.245,1289.158,527.107,1106.543,521.138
1088,15452.716,1,4,0.978,1102.198,337.603,182.983,189.461,1104.203,337.603,1285.180,344.070,1283.962,527.064,1102.198,521.750
1089,15466.919,1,4,0.977,1096.843,338.283,182.952,188.726,1098.688,338.283,1279.795,343.986,1279.490,527.009,1096.843,522.452
1090,15481.121,1,4,0.967,1090.951,338.434,182.998,188.550,1091.668,338.434,1273.949,343.931,1273.873,526.985,1090.951,522.645
1091,15495.324,1,4,0.970,1083.863,338.515,183.000,188.478,1084.042,338.515,1266.862,343.845,1266.843,526.994,1083.863,522.694
1092,15509.527,1,4,0.971,1076.466,338.440,183.406,188.387,1076.510,338.440,1259.872,343.859,1259.292,526.827,1076.466,522.665
1093,15523.730,1,4,0.967,1067.717,338.450,184.376,188.521,1069.306,338.450,1252.093,343.925,1251.948,526.970,1067.717,522.619
1094,15537.933,1,4,0.963,1058.929,337.934,184.469,188.863,1059.327,337.934,1243.398,343.741,1243.362,526.797,1058.929,522.096
1095,15552.136,1,4,0.957,1049.833,337.503,184.642,189.372,1050.220,337.503,1234.475,343.520,1234.466,526.874,1049.833,521.814
1096,15566.339,1,4,0.953,1039.647,337.202,185.847,189.300,1041.287,337.202,1225.494,343.301,1225.491,526.502,1039.647,521.748
1097,15580.541,1,4,0.948,1026.000,337.049,186.000,189.566,1026.000,337.049,1212.000,342.560,1212.000,526.614,1026.000,521.444
1098,15594.744,1,4,0.954,1017.899,337.065,186.226,189.063,1019.488,337.065,1204.125,342.406,1204.125,526.129,1017.899,521.386
1099,15608.947,1,4,0.959,1008.129,337.004,186.189,188.622,1009.986,337.004,1194.318,342.446,1194.244,525.626,1008.129,521.467
1100,15623.150,1,4,0.952,994.500,336.918,186.000,188.541,994.500,336.918,1180.500,342.461,1180.500,525.459,994.500,521.497
1101,15637.353,1,4,0.956,986.625,336.835,185.994,188.561,986.625,336.835,1172.183,342.557,1172.619,525.397,986.625,521.462
1102,15651.556,1,4,0.950,971.701,336.868,187.969,188.598,973.813,336.868,1158.622,342.072,1159.670,525.466,971.701,521.417
1103,15665.759,1,4,0.947,964.050,336.738,187.540,188.619,964.578,336.738,1150.408,341.908,1151.591,525.358,964.050,521.376
1104,15679.962,1,4,0.952,953.962,336.006,186.680,189.250,954.470,336.006,1140.590,341.909,1140.642,525.256,953.962,521.192
1105,15694.164,1,4,0.952,943.866,335.756,186.170,189.247,943.993,335.756,1130.022,341.213,1130.036,525.003,943.866,521.071
1106,15708.367,1,4,0.951,928.500,335.533,186.552,189.082,928.500,335.533,1115.052,340.965,1114.543,524.615,928.500,520.367
1107,15722.570,1,4,0.953,919.604,335.417,187.619,188.837,920.893,335.417,1107.223,340.895,1106.520,524.253,919.604,520.185
1108,15736.773,1,4,0.949,906.000,335.319,187.500,188.695,906.000,335.319,1093.500,340.352,1093.500,524.014,906.000,519.868
1109,15750.976,1,4,0.949,897.415,334.759,188.210,189.093,898.292,334.759,1085.625,339.976,1085.625,523.852,897.415,519.710
1110,15765.179,1,4,0.947,887.685,334.299,188.096,189.323,888.635,334.299,1075.781,339.547,1075.781,523.622,887.685,519.610
1111,15779.382,1,4,0.955,874.157,334.090,187.697,189.414,874.582,334.090,1061.854,339.453,1060.222,523.504,874.157,519.215
1112,15793.584,1,4,0.952,865.303,334.088,188.677,189.311,866.922,334.088,1053.980,339.195,1052.347,523.399,865.303,519.030
1113,15807.787,1,4,0.953,855.138,333.914,189.145,188.890,857.005,333.914,1044.282,339.044,1042.487,522.804,855.138,518.881
1114,15821.990,1,4,0.946,839.818,333.900,190.748,188.453,842.999,333.900,1030.566,337.808,1028.626,522.353,839.818,518.469
1115,15836.193,1,4,0.947,831.776,333.073,189.740,189.289,835.090,333.073,1021.517,337.885,1021.032,522.362,831.776,518.414
1116,15850.396,1,4,0.949,822.006,332.696,189.373,189.651,824.381,332.696,1011.379,338.037,1011.258,522.347,822.006,518.431
1117,15864.599,1,4,0.955,807.811,332.919,189.748,189.239,809.920,332.919,997.559,337.832,995.701,522.157,807.811,518.076
1118,15878.802,1,4,0.950,799.188,332.592,189.645,189.683,801.211,332.592,988.833,337.691,987.948,522.275,799.188,517.831
1119,15893.004,1,4,0.948,788.769,332.328,190.578,189.976,790.731,332.328,979.348,337.592,977.933,522.304,788.769,517.513
1120,15907.207,1,4,0.943,777.536,331.626,190.676,190.245,779.641,331.626,968.212,337.570,967.858,521.870,777.536,517.286
1121,15921.410,1,4,0.948,763.109,331.389,190.951,189.716,765.962,331.389,954.059,336.527,952.200,521.105,763.109,517.052
1122,15935.613,1,4,0.954,755.343,331.142,190.801,189.808,757.719,331.142,946.145,336.474,944.249,520.950,755.343,516.953
1123,15949.816,1,4,0.954,745.487,331.061,190.840,189.981,747.696,331.061,936.327,336.400,934.457,521.043,745.487,516.730
1124,15964.019,1,4,0.952,734.840,330.878,191.220,190.061,737.246,330.878,926.061,336.337,924.107,520.940,734.840,516.402
1125,15978.222,1,4,0.951,719.631,329.848,191.488,190.996,723.377,329.848,911.119,336.292,910.341,520.845,719.631,515.832
1126,15992.425,1,4,0.950,711.340,329.599,192.471,191.153,715.526,329.599,903.811,336.048,901.429,520.752,711.340,515.611
1127,16006.627,1,4,0.952,701.375,329.437,192.025,191.190,704.795,329.437,893.400,335.432,891.018,520.627,701.375,515.307
1128,16020.830,1,4,0.949,690.827,329.452,191.831,190.535,694.138,329.452,882.658,335.053,880.639,519.988,690.827,515.267
1129,16035.033,1,4,0.943,676.229,329.377,192.495,190.108,678.469,329.377,868.724,334.859,866.559,519.485,676.229,515.241
1130,16049.236,1,4,0.950,667.817,329.196,192.063,190.310,670.569,329.196,859.880,334.591,858.902,519.506,667.817,514.815
1131,16063.439,1,4,0.952,657.020,328.482,192.489,190.945,660.846,328.482,849.509,334.502,847.855,519.427,657.020,514.445
1132,16077.642,1,4,0.948,645.801,328.268,193.292,191.100,650.463,328.268,839.093,333.841,837.057,519.368,645.801,514.326
1133,16091.845,1,4,0.955,631.531,328.073,193.720,191.055,636.161,328.073,825.251,333.331,821.972,519.127,631.531,514.194
1134,16106.047,1,4,0.949,623.531,328.065,193.849,191.011,627.470,328.065,817.380,333.348,814.050,519.076,623.531,513.868
1135,16120.250,1,4,0.951,613.470,327.794,193.071,190.752,617.038,327.794,806.541,333.394,804.205,518.546,613.470,513.815
1136,16134.453,1,4,0.950,602.541,327.885,193.290,190.253,606.292,327.885,795.831,333.049,793.712,518.139,602.541,513.913
1137,16148.656,1,4,0.954,587.539,327.206,194.200,190.775,592.300,327.206,781.739,332.272,778.481,517.982,587.539,513.612
1138,16162.859,1,4,0.952,578.819,327.009,194.708,190.953,584.148,327.009,773.527,332.016,770.132,517.962,578.819,513.362
1139,16177.062,1,4,0.954,568.676,326.643,195.207,191.247,573.847,326.643,763.883,331.915,760.009,517.890,568.676,513.028
1140,16191.265,1,4,0.947,555.284,326.278,193.508,191.531,558.595,326.278,748.792,332.063,746.625,517.809,555.284,512.722
1141,16205.467,1,4,0.943,546.833,325.860,193.867,191.782,550.304,325.860,740.700,331.782,738.740,517.642,546.833,512.418
1142,16219.670,1,4,0.952,536.005,325.334,194.460,191.332,540.210,325.334,730.466,331.555,727.591,516.666,536.005,512.466
1143,16233.873,1,4,0.950,525.004,325.269,194.889,191.269,529.641,325.269,719.893,330.891,716.911,516.538,525.004,512.184
1144,16248.076,1,4,0.951,509.641,325.037,195.655,191.253,514.972,325.037,705.296,330.285,701.363,516.290,509.641,511.356
1145,16262.279,1,4,0.949,501.602,324.568,195.834,191.327,506.403,324.568,697.436,330.548,693.009,515.895,501.602,511.351
1146,16276.482,1,4,0.950,491.690,324.972,194.780,190.343,496.164,324.972,686.470,329.764,683.725,515.315,491.690,511.233
1147,16290.685,1,4,0.951,478.199,324.771,192.925,190.115,480.358,324.771,671.123,328.531,670.341,514.886,478.199,510.868
1148,16304.888,1,4,0.956,470.501,324.064,192.394,189.482,472.439,324.064,662.894,326.707,662.443,513.546,470.501,511.091
1149,16319.090,1,4,0.958,463.824,324.016,191.256,186.871,464.684,324.016,653.757,324.677,655.080,510.887,463.824,510.273
1150,16333.293,1,4,0.965,457.046,324.004,190.665,186.218,457.060,324.004,645.851,324.169,647.711,510.222,457.046,510.068
1151,16347.496,1,4,0.978,451.762,324.001,189.724,186.054,451.765,324.001,639.454,324.042,641.486,510.055,451.762,510.017
1152,16361.699,1,4,0.977,447.065,324.000,189.181,186.014,447.066,324.000,635.739,324.011,636.246,510.014,447.065,510.004
1153,16375.902,1,4,0.969,443.641,324.000,189.136,186.782,443.642,324.000,631.206,324.003,632.777,510.782,443.641,509.767
1154,16390.105,1,4,0.979,439.410,324.000,189.034,186.195,439.410,324.000,628.052,324.001,628.444,510.195,439.410,509.942
1155,16404.308,1,4,0.975,433.729,324.000,190.257,186.049,435.250,324.000,623.888,324.000,623.986,510.049,433.729,509.985
1156,16418.510,1,4,0.978,429.842,324.000,189.654,186.012,430.672,324.000,619.472,324.000,619.497,510.012,429.842,509.996
1157,16432.713,1,4,0.975,425.836,324.000,189.194,186.003,426.043,324.000,614.738,324.000,615.029,510.003,425.836,509.999
1158,16446.916,1,4,0.976,421.356,323.786,190.101,187.602,421.872,323.786,611.457,325.158,610.305,511.388,421.356,509.784
1159,16461.119,1,4,0.974,417.080,323.738,190.285,187.991,419.868,323.738,607.364,325.508,607.076,511.729,417.080,509.740
1160,16475.322,1,4,0.976,413.944,323.697,191.349,188.132,416.842,323.697,605.293,325.680,603.526,511.829,413.944,509.723
1161,16489.525,1,4,0.974,410.996,323.691,191.416,188.166,414.236,323.691,602.413,325.722,600.637,511.856,410.996,509.720
1162,16503.728,1,4,0.971,408.305,323.709,191.396,188.897,412.235,323.709,599.701,325.667,598.611,512.606,408.305,509.456
1163,16517.930,1,4,0.978,406.589,323.691,191.263,189.409,409.572,323.691,597.852,325.764,595.906,513.101,406.589,509.385
1164,16532.133,1,4,0.977,404.172,323.576,192.012,189.641,408.051,323.576,596.184,326.175,593.172,513.217,404.172,509.391
1165,16546.336,1,4,0.980,401.879,323.386,192.314,190.127,406.623,323.386,594.193,326.768,591.371,513.513,401.879,509.456
1166,16560.539,1,4,0.980,400.394,323.324,192.698,190.273,404.332,323.324,593.092,326.966,589.115,513.597,400.394,509.406
1167,16574.742,1,4,0.977,398.177,323.190,192.502,190.322,403.022,323.190,590.679,327.086,587.695,513.511,398.177,509.392
1168,16588.945,1,4,0.979,396.203,323.297,192.581,190.239,401.458,323.297,588.784,327.003,586.444,513.536,396.203,509.478
1169,16603.148,1,4,0.978,394.779,323.312,192.667,190.154,399.620,323.312,587.446,327.084,584.192,513.466,394.779,509.456
1170,16617.351,1,4,0.977,393.731,323.056,192.414,190.385,397.692,323.056,586.145,327.062,582.182,513.441,393.731,509.443
1171,16631.553,1,4,0.977,391.937,322.755,192.502,190.718,396.849,322.755,584.439,327.129,581.065,513.473,391.937,509.375
1172,16645.756,1,4,0.976,390.267,322.549,192.513,190.816,395.941,322.549,582.781,327.218,580.372,513.365,390.267,509.395
1173,16659.959,1,4,0.979,389.274,322.445,192.667,190.959,394.621,322.445,581.941,327.213,578.702,513.403,389.274,509.382
1174,16674.162,1,4,0.982,388.253,322.228,193.055,191.250,392.961,322.228,581.309,327.257,576.887,513.478,388.253,509.390
1175,16688.365,1,4,0.983,384.906,322.088,194.853,191.457,391.199,322.088,579.758,327.276,574.744,513.544,384.906,508.660
1176,16702.568,1,4,0.975,381.121,321.138,194.960,192.384,387.006,321.138,576.081,327.446,571.096,513.522,381.121,508.072
1177,16716.771,1,4,0.970,375.242,320.786,195.637,192.731,381.264,320.786,570.879,327.202,565.796,513.518,375.242,507.742
1178,16730.973,1,4,0.967,367.958,320.451,197.015,192.853,374.456,320.451,564.973,326.718,558.982,513.304,367.958,507.594
1179,16745.176,1,4,0.962,360.057,320.500,196.465,192.728,366.313,320.500,556.522,326.376,551.819,513.228,360.057,507.447
1180,16759.379,1,4,0.960,350.945,320.891,197.031,192.349,357.574,320.891,547.977,325.987,543.034,513.240,350.945,507.529
1181,16773.582,1,4,0.965,342.589,320.678,196.099,191.755,348.530,320.678,538.688,325.910,534.599,512.433,342.589,507.878
1182,16787.785,1,4,0.960,332.850,320.562,197.234,191.443,339.447,320.562,530.084,325.929,525.439,512.005,332.850,507.696
1183,16801.988,1,4,0.951,323.013,320.614,197.318,191.299,328.701,320.614,520.331,325.849,516.308,511.913,323.013,507.915
1184,16816.191,1,4,0.951,308.775,320.440,196.349,191.425,313.207,320.440,505.124,325.568,501.880,511.865,308.775,507.980
1185,16830.393,1,4,0.952,299.803,320.573,196.745,191.136,304.410,320.573,496.548,324.828,492.806,511.708,299.803,507.864
1186,16844.596,1,4,0.948,288.447,320.575,197.206,190.737,293.369,320.575,485.653,324.747,481.685,511.313,288.447,507.883
1187,16858.799,1,4,0.944,272.860,319.880,198.155,191.407,277.722,319.880,471.015,324.372,466.318,511.287,272.860,507.495
1188,16873.002,1,4,0.954,264.794,319.570,197.021,191.126,269.692,319.570,461.816,324.366,457.946,510.696,264.794,507.619
1189,16887.205,1,4,0.953,253.866,319.220,198.202,191.383,259.735,319.220,452.068,324.528,447.065,510.603,253.866,507.467
1190,16901.408,1,4,0.957,239.384,319.103,197.496,191.490,245.244,319.103,436.880,324.235,432.626,510.593,239.384,506.875
1191,16915.611,1,4,0.954,230.803,318.966,197.989,191.481,236.891,318.966,428.792,324.071,424.605,510.448,230.803,506.622
1192,16929.814,1,4,0.953,220.659,319.067,197.873,191.241,226.500,319.067,418.532,323.442,414.858,510.309,220.659,506.417
1193,16944.016,1,4,0.958,206.838,319.074,197.196,191.248,211.660,319.074,404.034,323.111,399.649,510.322,206.838,506.370
1194,16958.219,1,4,0.959,198.729,319.008,197.588,191.186,203.547,319.008,396.317,323.081,391.463,510.194,198.729,506.386
1195,16972.422,1,4,0.953,187.814,318.941,198.416,190.947,193.473,318.941,386.231,322.851,381.063,509.888,187.814,506.330
1196,16986.625,1,4,0.951,177.050,318.251,198.346,191.371,182.462,318.251,375.396,322.931,370.087,509.622,177.050,506.253
1197,17000.828,1,4,0.952,161.427,317.638,198.744,191.300,167.791,317.638,360.171,322.811,355.879,508.938,161.427,506.636
1198,17015.031,1,4,0.951,152.616,317.892,198.825,191.026,159.371,317.892,351.441,322.489,347.733,508.918,152.616,506.524
1199,17029.234,1,4,0.958,142.507,317.649,198.224,191.478,148.753,317.649,340.731,321.854,337.246,509.127,142.507,505.975
1200,17043.436,1,4,0.957,127.873,317.544,198.369,191.523,133.588,317.544,326.242,321.443,321.702,509.067,127.873,505.104
1201,17057.639,1,4,0.956,119.610,317.402,199.243,191.440,125.088,317.402,318.853,321.251,313.262,508.841,119.610,504.961
1202,17071.842,1,4,0.958,109.262,317.412,199.026,191.333,114.815,317.412,308.288,321.179,302.802,508.745,109.262,504.900
1203,17086.045,1,4,0.958,98.207,317.441,198.745,191.143,104.154,317.441,296.953,320.736,291.793,508.584,98.207,504.755
1204,17100.248,1,4,0.955,87.096,317.262,198.898,191.094,93.292,317.262,285.994,320.494,281.006,508.356,87.096,504.682
1205,17114.451,1,4,0.952,71.564,316.765,200.042,191.482,78.444,316.765,271.605,320.215,266.906,508.247,71.564,504.667
1206,17128.654,1,4,0.957,63.244,316.779,199.099,191.193,69.856,316.779,262.343,320.102,258.472,507.972,63.244,504.766
1207,17142.856,1,4,0.960,52.766,316.500,198.989,191.042,58.933,316.500,251.755,320.107,247.299,507.542,52.766,504.932
1208,17157.059,1,4,0.959,37.494,316.083,199.631,191.245,43.611,316.083,237.125,319.912,232.362,507.328,37.494,505.130
1209,17171.262,1,4,0.966,29.442,315.941,198.662,191.557,34.693,315.941,228.104,319.821,223.695,507.499,29.442,504.610
1210,17185.465,1,4,0.961,18.419,316.006,199.896,191.538,24.104,316.006,218.315,319.645,212.566,507.544,18.419,504.122
1211,17199.668,1,4,0.965,4.146,315.861,198.701,191.473,9.384,315.861,202.847,319.462,197.885,507.334,4.146,503.515
1212,17213.871,0,-1,0,,,,,,,,,,,,
1213,17228.074,0,-1,0,,,,,,,,,,,,
1214,17242.277,0,-1,0,,,,,,,,,,,,
1215,17256.479,0,-1,0,,,,,,,,,,,,
1216,17270.682,0,-1,0,,,,,,,,,,,,
1217,17284.885,0,-1,0,,,,,,,,,,,,
1218,17299.088,0,-1,0,,,,,,,,,,,,
1219,17313.291,0,-1,0,,,,,,,,,,,,
1220,17327.494,0,-1,0,,,,,,,,,,,,
1221,17341.697,0,-1,0,,,,,,,,,,,,
1222,17355.899,0,-1,0,,,,,,,,,,,,
1223,17370.102,0,-1,0,,,,,,,,,,,,
1224,17384.305,0,-1,0,,,,,,,,,,,,
1225,17398.508,0,-1,0,,,,,,,,,,,,
1226,17412.711,0,-1,0,,,,,,,,,,,,
1227,17426.914,0,-1,0,,,,,,,,,,,,
1228,17441.117,0,-1,0,,,,,,,,,,,,
1229,17455.319,0,-1,0,,,,,,,,,,,,
1230,17469.522,0,-1,0,,,,,,,,,,,,
1231,17483.725,0,-1,0,,,,,,,,,,,,
1232,17497.928,0,-1,0,,,,,,,,,,,,
1233,17512.131,0,-1,0,,,,,,,,,,,,
1234,17526.334,0,-1,0,,,,,,,,,,,,
1235,17540.537,0,-1,0,,,,,,,,,,,,
1236,17554.740,0,-1,0,,,,,,,,,,,,
1237,17568.942,0,-1,0,,,,,,,,,,,,
1238,17583.145,0,-1,0,,,,,,,,,,,,
1239,17597.348,0,-1,0,,,,,,,,,,,,
1240,17611.551,0,-1,0,,,,,,,,,,,,
1241,17625.754,0,-1,0,,,,,,,,,,,,
1242,17639.957,0,-1,0,,,,,,,,,,,,
1243,17654.160,0,-1,0,,,,,,,,,,,,
1244,17668.362,0,-1,0,,,,,,,,,,,,
1245,17682.565,0,-1,0,,,,,,,,,,,,
1246,17696.768,0,-1,0,,,,,,,,,,,,
1247,17710.971,0,-1,0,,,,,,,,,,,,
1248,17725.174,0,-1,0,,,,,,,,,,,,
1249,17739.377,0,-1,0,,,,,,,,,,,,
1250,17753.580,0,-1,0,,,,,,,,,,,,
1251,17767.782,0,-1,0,,,,,,,,,,,,
1252,17781.985,0,-1,0,,,,,,,,,,,,
1253,17796.188,0,-1,0,,,,,,,,,,,,
1254,17810.391,0,-1,0,,,,,,,,,,,,
1255,17824.594,0,-1,0,,,,,,,,,,,,
1256,17838.797,0,-1,0,,,,,,,,,,,,
1257,17853.000,0,-1,0,,,,,,,,,,,,
1258,17867.203,0,-1,0,,,,,,,,,,,,
1259,17881.405,0,-1,0,,,,,,,,,,,,
1260,17895.608,0,-1,0,,,,,,,,,,,,
1261,17909.811,0,-1,0,,,,,,,,,,,,
1262,17924.014,0,-1,0,,,,,,,,,,,,
1263,17938.217,0,-1,0,,,,,,,,,,,,
1264,17952.420,0,-1,0,,,,,,,,,,,,
1265,17966.623,0,-1,0,,,,,,,,,,,,
1266,17980.825,0,-1,0,,,,,,,,,,,,
1267,17995.028,0,-1,0,,,,,,,,,,,,
1268,18009.231,0,-1,0,,,,,,,,,,,,
1269,18023.434,0,-1,0,,,,,,,,,,,,
1270,18037.637,0,-1,0,,,,,,,,,,,,
1271,18051.840,0,-1,0,,,,,,,,,,,,
1272,18066.043,0,-1,0,,,,,,,,,,,,
1273,18080.245,0,-1,0,,,,,,,,,,,,
1274,18094.448,0,-1,0,,,,,,,,,,,,
1275,18108.651,0,-1,0,,,,,,,,,,,,
1276,18122.854,0,-1,0,,,,,,,,,,,,
1277,18137.057,0,-1,0,,,,,,,,,,,,
1278,18151.260,0,-1,0,,,,,,,,,,,,
1279,18165.463,0,-1,0,,,,,,,,,,,,
1280,18179.666,0,-1,0,,,,,,,,,,,,
1281,18193.868,0,-1,0,,,,,,,,,,,,
1282,18208.071,0,-1,0,,,,,,,,,,,,
1283,18222.274,0,-1,0,,,,,,,,,,,,
1284,18236.477,0,-1,0,,,,,,,,,,,,
1285,18250.680,0,-1,0,,,,,,,,,,,,
1286,18264.883,0,-1,0,,,,,,,,,,,,
1287,18279.086,0,-1,0,,,,,,,,,,,,
1288,18293.288,0,-1,0,,,,,,,,,,,,
1289,18307.491,0,-1,0,,,,,,,,,,,,
1290,18321.694,0,-1,0,,,,,,,,,,,,
1291,18335.897,0,-1,0,,,,,,,,,,,,
1292,18350.100,0,-1,0,,,,,,,,,,,,
1293,18364.303,0,-1,0,,,,,,,,,,,,
1294,18378.506,0,-1,0,,,,,,,,,,,,
1295,18392.708,0,-1,0,,,,,,,,,,,,
1296,18406.911,0,-1,0,,,,,,,,,,,,
1297,18421.114,0,-1,0,,,,,,,,,,,,
1298,18435.317,0,-1,0,,,,,,,,,,,,
1299,18449.520,0,-1,0,,,,,,,,,,,,
1300,18463.723,0,-1,0,,,,,,,,,,,,
1301,18477.926,0,-1,0,,,,,,,,,,,,
1302,18492.129,0,-1,0,,,,,,,,,,,,
1303,18506.331,0,-1,0,,,,,,,,,,,,
1304,18520.534,0,-1,0,,,,,,,,,,,,
1305,18534.737,0,-1,0,,,,,,,,,,,,
1306,18548.940,0,-1,0,,,,,,,,,,,,
1307,18563.143,0,-1,0,,,,,,,,,,,,
1308,18577.346,0,-1,0,,,,,,,,,,,,
1309,18591.549,0,-1,0,,,,,,,,,,,,
1310,18605.751,0,-1,0,,,,,,,,,,,,
1311,18619.954,0,-1,0,,,,,,,,,,,,
1312,18634.157,0,-1,0,,,,,,,,,,,,
1313,18648.360,0,-1,0,,,,,,,,,,,,
1314,18662.563,0,-1,0,,,,,,,,,,,,
1315,18676.766,0,-1,0,,,,,,,,,,,,
1316,18690.969,0,-1,0,,,,,,,,,,,,
1317,18705.172,0,-1,0,,,,,,,,,,,,
1318,18719.374,0,-1,0,,,,,,,,,,,,
1319,18733.577,0,-1,0,,,,,,,,,,,,
1320,18747.780,0,-1,0,,,,,,,,,,,,
1321,18761.983,0,-1,0,,,,,,,,,,,,
1322,18776.186,0,-1,0,,,,,,,,,,,,
1323,18790.389,0,-1,0,,,,,,,,,,,,
1324,18804.592,0,-1,0,,,,,,,,,,,,
1325,18818.794,0,-1,0,,,,,,,,,,,,
1326,18832.997,0,-1,0,,,,,,,,,,,,
1327,18847.200,0,-1,0,,,,,,,,,,,,
1328,18861.403,0,-1,0,,,,,,,,,,,,
1329,18875.606,0,-1,0,,,,,,,,,,,,
1330,18889.809,0,-1,0,,,,,,,,,,,,
1331,18904.012,0,-1,0,,,,,,,,,,,,
1332,18918.214,0,-1,0,,,,,,,,,,,,
1333,18932.417,0,-1,0,,,,,,,,,,,,
1334,18946.620,0,-1,0,,,,,,,,,,,,
1335,18960.823,0,-1,0,,,,,,,,,,,,
1336,18975.026,0,-1,0,,,,,,,,,,,,
1337,18989.229,0,-1,0,,,,,,,,,,,,
1338,19003.432,0,-1,0,,,,,,,,,,,,
1339,19017.635,0,-1,0,,,,,,,,,,,,
1340,19031.837,0,-1,0,,,,,,,,,,,,
1341,19046.040,0,-1,0,,,,,,,,,,,,
1342,19060.243,0,-1,0,,,,,,,,,,,,
1343,19074.446,0,-1,0,,,,,,,,,,,,
1344,19088.649,0,-1,0,,,,,,,,,,,,
1345,19102.852,0,-1,0,,,,,,,,,,,,
1346,19117.055,0,-1,0,,,,,,,,,,,,
1347,19131.257,0,-1,0,,,,,,,,,,,,
1348,19145.460,0,-1,0,,,,,,,,,,,,
1349,19159.663,0,-1,0,,,,,,,,,,,,
1350,19173.866,0,-1,0,,,,,,,,,,,,
1351,19188.069,0,-1,0,,,,,,,,,,,,
1352,19202.272,0,-1,0,,,,,,,,,,,,
1353,19216.475,0,-1,0,,,,,,,,,,,,
1354,19230.677,0,-1,0,,,,,,,,,,,,
1355,19244.880,0,-1,0,,,,,,,,,,,,
1356,19259.083,0,-1,0,,,,,,,,,,,,
1357,19273.286,0,-1,0,,,,,,,,,,,,
1358,19287.489,0,-1,0,,,,,,,,,,,,
1359,19301.692,0,-1,0,,,,,,,,,,,,
1360,19315.895,0,-1,0,,,,,,,,,,,,
1361,19330.098,0,-1,0,,,,,,,,,,,,
1362,19344.300,0,-1,0,,,,,,,,,,,,
1363,19358.503,0,-1,0,,,,,,,,,,,,
1364,19372.706,0,-1,0,,,,,,,,,,,,
1365,19386.909,0,-1,0,,,,,,,,,,,,
1366,19401.112,0,-1,0,,,,,,,,,,,,
1367,19415.315,0,-1,0,,,,,,,,,,,,
1368,19429.518,0,-1,0,,,,,,,,,,,,
1369,19443.720,0,-1,0,,,,,,,,,,,,
1370,19457.923,0,-1,0,,,,,,,,,,,,
1371,19472.126,0,-1,0,,,,,,,,,,,,
1372,19486.329,0,-1,0,,,,,,,,,,,,
1373,19500.532,0,-1,0,,,,,,,,,,,,
1374,19514.735,0,-1,0,,,,,,,,,,,,
1375,19528.938,0,-1,0,,,,,,,,,,,,
1376,19543.140,0,-1,0,,,,,,,,,,,,
1377,19557.343,0,-1,0,,,,,,,,,,,,
1378,19571.546,0,-1,0,,,,,,,,,,,,
1379,19585.749,0,-1,0,,,,,,,,,,,,
1380,19599.952,0,-1,0,,,,,,,,,,,,
1381,19614.155,0,-1,0,,,,,,,,,,,,
1382,19628.358,0,-1,0,,,,,,,,,,,,
1383,19642.561,0,-1,0,,,,,,,,,,,,
1384,19656.763,0,-1,0,,,,,,,,,,,,
1385,19670.966,0,-1,0,,,,,,,,,,,,
1386,19685.169,0,-1,0,,,,,,,,,,,,
1387,19699.372,0,-1,0,,,,,,,,,,,,
1388,19713.575,0,-1,0,,,,,,,,,,,,
1389,19727.778,0,-1,0,,,,,,,,,,,,
1390,19741.981,0,-1,0,,,,,,,,,,,,
1391,19756.183,0,-1,0,,,,,,,,,,,,
1392,19770.386,0,-1,0,,,,,,,,,,,,
1393,19784.589,1,5,0.955,7.709,316.081,199.612,191.184,13.431,316.081,207.322,318.702,201.852,507.265,7.709,503.329
1394,19798.792,1,5,0.953,15.620,315.967,199.250,191.347,21.955,315.967,214.870,319.452,210.813,507.314,15.620,503.387
1395,19812.995,1,5,0.959,26.166,315.958,199.773,191.601,32.658,315.958,225.939,319.657,221.115,507.559,26.166,503.790
1396,19827.198,1,5,0.966,37.601,316.033,199.013,191.523,43.777,316.033,236.614,319.778,231.918,507.556,37.601,504.068
1397,19841.401,1,5,0.964,48.388,316.145,199.214,191.292,54.995,316.145,247.603,319.848,242.785,507.437,48.388,504.755
1398,19855.603,1,5,0.959,63.989,316.345,198.740,191.762,69.487,316.345,262.729,320.075,257.721,508.107,63.989,504.729
1399,19869.806,1,5,0.952,72.099,316.864,199.680,191.200,78.039,316.864,271.778,319.957,265.942,508.064,72.099,504.883
1400,19884.009,1,5,0.950,83.200,317.222,199.082,191.246,88.412,317.222,282.282,319.851,276.682,508.468,83.200,504.728
1401,19898.212,1,5,0.950,94.541,317.568,199.004,191.061,99.635,317.568,293.544,319.775,288.119,508.628,94.541,504.868
1402,19912.415,1,5,0.954,109.739,317.255,198.003,191.686,114.911,317.255,307.742,321.120,303.595,508.941,109.739,504.717
1403,19926.618,1,5,0.954,118.305,317.251,198.007,191.735,124.147,317.251,316.312,321.211,312.714,508.986,118.305,504.983
1404,19940.821,1,5,0.952,128.995,317.302,198.734,191.752,134.886,317.302,327.729,321.183,323.455,509.054,128.995,505.182
1405,19955.024,1,5,0.952,140.178,317.413,198.507,191.884,146.198,317.413,338.686,321.363,334.792,509.297,140.178,505.189
1406,19969.226,1,5,0.959,155.459,317.619,198.661,191.568,161.528,317.619,354.120,321.637,349.568,509.187,155.459,505.788
1407,19983.429,1,5,0.958,164.243,317.620,198.188,191.384,169.992,317.620,362.430,322.169,357.966,509.004,164.243,506.056
1408,19997.632,1,5,0.954,174.711,317.756,198.396,191.038,180.872,317.756,373.107,322.580,368.680,508.793,174.711,506.499
1409,20011.835,1,5,0.947,190.092,317.997,198.882,191.262,195.407,317.997,388.974,322.751,383.081,509.258,190.092,506.583
1410,20026.038,1,5,0.955,199.005,318.657,197.989,191.055,204.177,318.657,396.994,322.674,391.861,509.712,199.005,506.238
1411,20040.241,1,5,0.953,209.605,318.928,198.089,191.048,214.921,318.928,407.694,322.829,403.025,509.976,209.605,506.235
1412,20054.444,1,5,0.953,224.819,318.987,198.314,191.255,229.966,318.987,423.133,323.260,418.136,510.243,224.819,506.350
1413,20068.646,1,5,0.951,233.779,318.870,197.417,191.462,238.403,318.870,431.196,323.776,426.823,510.332,233.779,506.447
1414,20082.849,1,5,0.946,244.503,318.907,197.589,191.676,249.523,318.907,442.092,324.312,437.854,510.583,244.503,506.791
1415,20097.052,1,5,0.948,259.443,319.176,197.591,191.427,264.981,319.176,457.034,324.338,453.904,510.603,259.443,507.410
1416,20111.255,1,5,0.947,268.194,319.647,197.406,191.364,273.831,319.647,465.600,324.255,462.752,511.012,268.194,507.559
1417,20125.458,1,5,0.949,278.470,320.298,197.846,191.146,284.702,320.298,476.316,324.240,472.947,511.445,278.470,507.651
1418,20139.661,1,5,0.954,289.750,320.559,197.609,191.047,295.921,320.559,487.359,324.492,483.465,511.606,289.750,507.777
1419,20153.864,1,5,0.957,305.206,320.716,197.585,191.064,310.857,320.716,502.791,324.665,498.395,511.780,305.206,507.918
1420,20168.066,1,5,0.955,313.490,320.838,197.348,190.944,318.802,320.838,510.838,324.963,506.376,511.782,313.490,507.926
1421,20182.269,1,5,0.950,324.405,320.844,197.057,191.019,328.868,320.844,521.462,325.298,516.817,511.864,324.405,507.983
1422,20196.472,1,5,0.951,338.895,321.020,196.159,191.045,343.326,321.020,535.054,325.692,532.028,512.065,338.895,508.179
1423,20210.675,1,5,0.944,347.412,321.532,195.927,190.654,352.023,321.532,543.339,325.646,541.074,512.185,347.412,508.356
1424,20224.878,1,5,0.952,357.758,321.904,196.400,190.987,362.742,321.904,554.159,325.703,550.995,512.891,357.758,508.426
1425,20239.081,1,5,0.949,368.275,322.027,196.940,191.127,373.966,322.027,565.214,326.106,561.807,513.154,368.275,508.662
1426,20253.284,1,5,0.949,383.566,322.065,196.894,191.194,388.878,322.065,580.461,326.840,576.602,513.259,383.566,509.102
1427,20267.487,1,5,0.955,392.265,322.240,196.635,191.090,397.327,322.240,588.900,327.046,584.552,513.329,392.265,509.322
1428,20281.689,1,5,0.953,402.769,322.284,196.406,191.161,407.717,322.284,599.176,327.260,595.385,513.445,402.769,509.339
1429,20295.892,1,5,0.951,417.928,322.771,195.198,191.357,421.804,322.771,613.126,327.275,609.885,514.128,417.928,509.593
1430,20310.095,1,5,0.944,426.170,323.134,195.191,191.394,429.987,323.134,621.361,327.644,618.742,514.528,426.170,509.745
1431,20324.298,1,5,0.950,435.904,323.224,196.073,191.529,440.847,323.224,631.977,328.498,628.823,514.753,435.904,509.897
1432,20338.501,1,5,0.951,446.305,323.405,196.700,191.446,451.859,323.405,643.005,328.765,639.171,514.850,446.305,510.424
1433,20352.704,1,5,0.956,457.386,323.467,196.078,191.388,462.873,323.467,653.464,329.045,649.704,514.855,457.386,510.766
1434,20366.907,1,5,0.954,468.547,323.762,195.217,191.328,473.230,323.762,663.765,329.048,660.232,515.090,468.547,510.873
1435,20381.109,1,5,0.948,483.221,324.031,194.910,191.316,487.102,324.031,678.131,330.053,675.952,515.347,483.221,510.967
1436,20395.312,1,5,0.948,491.263,324.619,194.920,191.386,495.835,324.619,686.183,330.043,683.674,516.005,491.263,511.149
1437,20409.515,1,5,0.948,500.874,324.667,196.053,191.549,506.062,324.667,696.928,330.278,692.951,516.216,500.874,511.251
1438,20423.718,1,5,0.950,511.903,324.873,194.731,191.394,516.295,324.873,706.633,330.312,703.732,516.267,511.903,511.602
1439,20437.921,1,5,0.951,522.687,325.014,194.288,190.805,526.855,325.014,716.976,330.354,714.483,515.820,522.687,512.254
1440,20452.124,1,5,0.944,537.767,325.194,194.201,191.048,540.430,325.194,731.967,330.462,729.713,516.242,537.767,512.359
1441,20466.327,1,5,0.948,545.954,325.388,194.089,191.025,549.678,325.388,740.043,330.828,737.847,516.412,545.954,512.395
1442,20480.529,1,5,0.949,555.952,325.456,194.977,190.913,560.127,325.456,750.929,331.306,747.565,516.369,555.952,512.404
1443,20494.732,1,5,0.945,570.573,326.617,194.789,190.929,575.271,326.617,765.362,331.560,762.825,517.546,570.573,512.613
1444,20508.935,1,5,0.951,578.867,326.534,195.287,191.146,584.027,326.534,774.154,331.806,770.680,517.680,578.867,512.767
1445,20523.138,1,5,0.948,589.938,326.646,194.498,191.136,594.621,326.646,784.436,331.881,781.700,517.782,589.938,513.232
1446,20537.341,1,5,0.951,605.497,327.309,194.162,190.560,609.080,327.309,799.659,331.803,795.944,517.870,605.497,513.591
1447,20551.544,1,5,0.949,614.053,327.885,193.410,190.127,617.396,327.885,807.463,332.504,805.134,518.012,614.053,513.706
1448,20565.747,1,5,0.943,624.618,327.794,192.762,190.193,627.544,327.794,817.380,332.912,816.204,517.986,624.618,513.888
1449,20579.950,1,5,0.946,640.087,327.884,192.722,190.930,642.357,327.884,832.808,333.518,830.646,518.814,640.087,514.068
1450,20594.152,1,5,0.952,648.188,328.095,193.050,191.042,651.503,328.095,841.238,333.428,838.434,519.138,648.188,514.174
1451,20608.355,1,5,0.943,658.508,328.461,193.163,190.848,662.006,328.461,851.671,333.535,849.346,519.309,658.508,514.279
1452,20622.558,1,5,0.958,673.186,329.217,192.690,190.088,677.098,329.217,865.875,334.341,863.454,519.305,673.186,514.849
1453,20636.761,1,5,0.947,681.272,329.122,192.518,190.227,685.675,329.122,873.789,334.823,872.757,519.349,681.272,515.225
1454,20650.964,1,5,0.949,692.001,329.440,192.482,189.977,695.900,329.440,884.483,334.859,882.840,519.417,692.001,515.449
1455,20665.167,1,5,0.944,707.718,329.362,191.401,191.056,709.875,329.362,899.119,334.920,898.344,520.418,707.718,515.234
1456,20679.370,1,5,0.943,716.370,329.629,191.373,190.897,717.722,329.629,907.743,334.949,906.126,520.526,716.370,515.519
1457,20693.572,1,5,0.948,726.774,329.782,191.444,190.897,728.660,329.782,918.217,335.305,915.815,520.679,726.774,515.779
1458,20707.775,1,5,0.951,740.829,330.417,190.959,190.383,744.191,330.417,931.787,336.107,931.204,520.800,740.829,516.320
1459,20721.978,1,5,0.953,748.736,330.788,191.296,190.118,752.389,330.788,940.032,336.281,939.085,520.907,748.736,516.529
1460,20736.181,1,5,0.949,759.058,330.932,190.958,189.907,762.356,330.932,950.016,336.373,948.924,520.839,759.058,516.878
1461,20750.384,1,5,0.949,770.046,330.831,190.913,190.302,772.550,330.831,960.959,336.946,959.261,521.133,770.046,516.853
1462,20764.587,1,5,0.947,780.776,331.006,190.798,190.387,783.185,331.006,971.574,337.408,969.725,521.393,780.776,516.893
1463,20778.790,1,5,0.962,791.224,331.060,189.824,190.816,793.933,331.060,981.047,337.584,979.064,521.875,791.224,516.757
1464,20792.992,1,5,0.966,799.995,330.821,189.769,191.341,803.109,330.821,989.764,337.632,986.813,522.162,799.995,515.961
1465,20807.195,1,5,0.974,806.853,329.566,189.963,192.192,810.831,329.566,996.816,337.121,993.051,521.757,806.853,514.832
1466,20821.398,1,5,0.976,812.331,329.227,189.254,192.215,816.142,329.227,1001.585,336.796,998.070,521.442,812.331,514.164
1467,20835.601,1,5,0.978,815.030,329.144,190.565,192.210,821.048,329.144,1005.595,336.794,1001.046,521.354,815.030,514.027
1468,20849.804,1,5,0.976,818.986,329.302,189.102,192.771,823.605,329.302,1008.089,337.204,1004.764,522.073,818.986,514.792
1469,20864.007,1,5,0.980,821.921,330.286,188.608,191.949,826.467,330.286,1010.529,337.868,1007.983,522.234,821.921,515.668
1470,20878.210,1,5,0.979,825.239,331.668,187.935,190.703,828.535,331.668,1013.174,337.818,1011.148,522.371,825.239,516.969
1471,20892.413,1,5,0.979,828.108,332.379,187.443,190.132,831.921,332.379,1015.551,337.872,1014.189,522.511,828.108,517.803
1472,20906.615,1,5,0.976,831.281,332.709,186.482,189.757,833.759,332.709,1017.763,337.927,1017.422,522.466,831.281,518.281
1473,20920.818,1,5,0.971,833.213,332.876,186.227,189.526,835.411,332.876,1019.441,337.767,1019.356,522.402,833.213,518.407
1474,20935.021,1,5,0.973,835.800,332.878,185.185,189.512,837.946,332.878,1020.985,337.824,1020.964,522.390,835.800,518.405
1475,20949.224,1,5,0.971,837.825,332.818,184.671,189.464,838.362,332.818,1022.496,337.809,1022.491,522.282,837.825,518.381
1476,20963.427,1,5,0.977,838.331,332.792,184.543,188.827,838.465,332.792,1022.874,337.598,1022.873,521.620,838.331,518.543
1477,20977.630,1,5,0.974,838.262,332.917,185.832,188.740,839.845,332.917,1024.094,337.397,1024.093,521.658,838.262,518.438
1478,20991.833,1,5,0.972,839.565,332.934,184.833,189.042,839.961,332.934,1024.398,337.658,1024.398,521.976,839.565,518.387
1479,21006.035,1,5,0.973,839.703,333.021,185.896,189.227,841.385,333.021,1025.600,337.700,1025.600,522.248,839.703,518.406
1480,21020.238,1,5,0.976,840.581,333.302,186.568,189.225,843.753,333.302,1027.150,337.697,1026.604,522.528,840.581,518.502
1481,21034.441,1,5,0.974,842.261,333.168,186.281,189.410,844.653,333.168,1028.543,338.142,1028.126,522.577,842.261,518.434
1482,21048.644,1,5,0.975,843.848,333.875,186.162,188.696,845.875,333.875,1030.011,337.900,1029.906,522.572,843.848,518.563
1483,21062.847,1,5,0.975,845.257,333.831,186.410,188.666,847.312,333.831,1031.668,337.788,1030.162,522.497,845.257,518.467
1484,21077.050,1,5,0.974,846.665,333.872,186.549,188.708,848.850,333.872,1033.214,337.802,1031.327,522.581,846.665,518.608
1485,21091.253,1,5,0.973,848.182,333.963,186.416,188.782,850.370,333.963,1034.599,337.881,1032.730,522.745,848.182,518.703
1486,21105.455,1,5,0.977,849.181,333.889,185.718,188.782,851.571,333.889,1034.900,338.048,1034.433,522.671,849.181,518.819
1487,21119.658,1,5,0.974,849.945,333.989,186.171,188.800,852.121,333.989,1036.116,337.979,1034.614,522.789,849.945,518.778
1488,21133.861,1,5,0.975,850.123,334.042,186.452,188.656,852.236,334.042,1036.574,337.967,1034.690,522.699,850.123,518.754
1489,21148.064,1,5,0.976,850.167,334.058,186.522,188.614,852.265,334.058,1036.689,337.967,1034.709,522.672,850.167,518.759
1490,21162.267,1,5,0.976,850.178,334.058,186.540,188.608,852.272,334.058,1036.718,337.961,1034.714,522.665,850.178,518.760
1491,21176.470,1,5,0.976,850.181,333.928,186.543,188.740,852.276,333.928,1036.724,338.050,1034.715,522.668,850.181,518.750
1492,21190.673,1,5,0.975,850.182,333.896,186.544,188.773,852.277,333.896,1036.726,338.072,1034.715,522.669,850.182,518.747
1493,21204.876,1,5,0.976,850.193,333.945,186.474,188.794,852.303,333.945,1036.667,338.213,1034.662,522.739,850.193,518.780
1494,21219.078,1,5,0.976,850.197,333.825,186.457,188.946,852.311,333.825,1036.653,338.238,1034.648,522.771,850.197,518.722
1495,21233.281,1,5,0.974,849.711,333.278,186.806,189.313,852.385,333.278,1036.517,338.113,1034.651,522.590,849.711,518.467
1496,21247.484,1,5,0.980,847.907,332.809,187.554,189.885,851.545,332.809,1035.461,338.113,1032.786,522.694,847.907,517.988
1497,21261.687,1,5,0.977,845.066,331.919,187.758,190.652,848.515,331.919,1032.823,338.315,1030.855,522.571,845.066,517.499
1498,21275.890,1,5,0.974,841.068,331.900,187.719,190.552,843.572,331.900,1028.788,337.970,1026.915,522.452,841.068,517.290
1499,21290.093,1,5,0.972,835.357,331.441,188.447,191.026,838.243,331.441,1023.804,338.105,1021.429,522.467,835.357,517.125
1500,21304.296,1,5,0.970,829.267,331.448,188.481,190.948,832.051,331.448,1017.748,338.129,1015.647,522.396,829.267,517.045
1501,21318.498,1,5,0.971,822.515,331.392,188.668,190.973,824.796,331.392,1011.183,338.031,1008.475,522.366,822.515,517.048
1502,21332.701,1,5,0.969,815.244,331.048,188.771,191.322,818.430,331.048,1004.015,338.123,1002.319,522.370,815.244,517.195
1503,21346.904,1,5,0.961,807.243,331.002,189.835,191.367,811.433,331.002,997.077,338.216,995.124,522.369,807.243,516.943
1504,21361.107,1,5,0.962,799.004,331.027,190.422,191.270,802.571,331.027,989.426,337.853,986.404,522.297,799.004,516.673
1505,21375.310,1,5,0.951,789.488,330.938,190.893,191.313,793.598,330.938,980.382,337.651,978.768,522.250,789.488,516.325
1506,21389.513,1,5,0.955,779.912,330.972,190.763,190.909,783.459,330.972,970.675,336.919,968.892,521.881,779.912,516.393
1507,21403.716,1,5,0.951,766.208,330.992,190.818,190.197,768.277,330.992,957.026,336.478,955.153,521.189,766.208,516.634
1508,21417.918,1,5,0.949,757.927,330.891,190.753,190.038,760.294,330.891,948.679,336.537,947.387,520.929,757.927,516.708
1509,21432.121,1,5,0.952,747.223,330.667,190.822,190.254,750.473,330.667,938.045,336.490,937.722,520.921,747.223,516.476
1510,21446.324,1,5,0.957,733.194,330.129,191.525,190.699,737.111,330.129,924.719,336.427,922.478,520.828,733.194,515.933
1511,21460.527,1,5,0.956,725.482,329.750,191.532,190.994,729.043,329.750,917.015,336.273,914.410,520.744,725.482,515.870
1512,21474.730,1,5,0.948,715.652,329.606,191.540,191.152,717.983,329.606,907.192,336.135,904.661,520.758,715.652,515.729
1513,21488.933,1,5,0.947,705.083,329.490,191.199,191.178,707.381,329.490,896.281,335.335,895.083,520.668,705.083,515.347
1514,21503.136,1,5,0.947,689.633,329.544,192.430,190.278,693.384,329.544,882.063,334.876,880.206,519.822,689.633,515.410
1515,21517.339,1,5,0.949,680.932,329.333,193.149,190.276,685.227,329.333,874.081,334.871,871.541,519.609,680.932,515.270
1516,21531.541,1,5,0.955,670.616,329.247,192.911,190.260,674.630,329.247,863.527,334.809,861.060,519.507,670.616,515.232
1517,21545.744,1,5,0.947,659.758,328.496,192.816,191.147,663.711,328.496,852.574,334.822,850.590,519.644,659.758,514.652
1518,21559.947,1,5,0.952,645.921,328.116,192.776,191.211,648.483,328.116,838.697,333.560,835.213,519.327,645.921,514.441
1519,21574.150,1,5,0.951,637.197,328.076,192.991,191.299,640.479,328.076,830.188,333.430,827.462,519.374,637.197,514.261
1520,21588.353,1,5,0.949,626.869,328.018,192.974,191.215,630.656,328.018,819.843,333.379,817.480,519.233,626.869,513.721
1521,21602.556,1,5,0.954,616.113,327.952,193.274,190.594,620.522,327.952,809.387,333.171,807.102,518.546,616.113,513.795
1522,21616.759,1,5,0.951,605.664,327.209,193.885,190.973,610.214,327.209,799.549,333.067,796.360,518.182,605.664,513.744
1523,21630.961,1,5,0.950,591.832,326.712,193.299,191.280,594.624,326.712,785.131,332.335,782.594,517.992,591.832,513.216
1524,21645.164,1,5,0.948,583.236,326.552,193.625,191.380,586.932,326.552,776.861,332.003,774.768,517.932,583.236,512.966
1525,21659.367,1,5,0.949,572.765,326.535,194.193,191.259,576.520,326.535,766.958,331.926,763.652,517.793,572.765,512.833
1526,21673.570,1,5,0.947,557.412,326.177,194.461,191.522,561.860,326.177,751.873,331.835,749.322,517.699,557.412,512.109
1527,21687.773,1,5,0.954,548.573,325.761,194.948,191.034,553.971,325.761,743.521,331.645,740.294,516.795,548.573,512.349
1528,21701.976,1,5,0.952,538.457,325.337,195.362,191.129,543.189,325.337,733.819,331.264,730.108,516.467,538.457,512.380
1529,21716.179,1,5,0.949,528.127,325.127,194.434,191.215,532.375,325.127,722.561,330.691,719.697,516.342,528.127,512.367
1530,21730.381,1,5,0.943,513.819,324.934,194.219,191.475,516.612,324.934,708.039,330.388,705.747,516.409,513.819,511.527
1531,21744.584,1,5,0.950,505.231,325.001,194.457,191.324,508.934,325.001,699.688,330.379,696.888,516.324,505.231,511.384
1532,21758.787,1,5,0.949,494.900,324.785,194.430,191.542,498.866,324.785,689.330,330.294,686.713,516.327,494.900,511.187
1533,21772.990,1,5,0.951,479.484,324.030,195.377,191.509,484.736,324.030,674.861,330.045,671.375,515.539,479.484,511.162
1534,21787.193,1,5,0.952,470.795,323.913,196.145,191.233,476.348,323.913,666.941,329.798,663.221,515.146,470.795,510.991
1535,21801.396,1,5,0.955,460.650,323.787,195.728,191.322,465.622,323.787,656.378,329.031,652.888,515.108,460.650,510.936
1536,21815.599,1,5,0.949,449.865,323.503,195.377,191.536,454.619,323.503,645.242,328.852,642.313,515.040,449.865,510.581
1537,21829.802,1,5,0.948,434.929,323.237,195.493,191.601,439.282,323.237,630.422,328.773,628.062,514.837,434.929,509.955
1538,21844.004,1,5,0.947,426.694,323.254,195.385,191.623,430.700,323.254,622.079,328.571,618.903,514.877,426.694,509.794
1539,21858.207,1,5,0.950,415.789,322.974,196.307,191.283,420.535,322.974,612.095,327.558,608.289,514.256,415.789,509.651
1540,21872.410,1,5,0.954,400.898,322.453,195.959,190.987,406.206,322.453,596.857,327.360,593.245,513.440,400.898,509.455
1541,21886.613,1,5,0.950,392.407,322.170,196.881,191.263,397.763,322.170,589.288,327.306,585.105,513.433,392.407,509.191
1542,21900.816,1,5,0.952,381.308,322.111,197.187,191.296,387.436,322.111,578.495,327.107,574.409,513.407,381.308,508.938
1543,21915.019,1,5,0.954,370.796,322.207,196.655,191.162,376.165,322.207,567.451,326.268,563.821,513.369,370.796,508.611
1544,21929.222,1,5,0.946,356.285,321.973,195.813,191.342,360.950,321.973,552.099,326.155,549.700,513.315,356.285,508.347
1545,21943.424,1,5,0.951,347.697,321.813,196.116,190.893,352.445,321.813,543.813,325.787,540.957,512.706,347.697,508.340
1546,21957.627,1,5,0.953,337.482,321.498,196.019,190.802,341.909,321.498,533.501,325.671,530.014,512.300,337.482,508.118
1547,21971.830,1,5,0.953,322.222,320.773,197.413,191.249,327.552,320.773,519.635,325.913,514.775,512.022,322.222,507.765
1548,21986.033,1,5,0.953,313.960,320.697,197.529,191.304,319.532,320.697,511.489,325.531,506.986,512.001,313.960,507.876
1549,22000.236,1,5,0.953,303.040,320.773,197.716,191.119,309.290,320.773,500.756,325.330,496.556,511.892,303.040,507.880
1550,22014.439,1,5,0.956,292.484,320.616,197.122,191.151,298.043,320.616,489.606,324.842,485.861,511.767,292.484,507.756
1551,22028.642,1,5,0.949,281.494,320.588,197.202,190.975,286.663,320.588,478.697,324.497,475.199,511.563,281.494,507.818
1552,22042.844,1,5,0.949,266.770,320.016,196.853,190.838,271.563,320.016,463.623,324.226,459.802,510.854,266.770,507.868
1553,22057.047,1,5,0.951,258.101,319.438,197.651,191.789,263.207,319.438,455.752,324.334,451.248,511.228,258.101,507.215
1554,22071.250,1,5,0.956,247.600,319.335,197.518,191.445,252.747,319.335,445.118,324.373,440.591,510.780,247.600,507.006
1555,22085.453,1,5,0.954,232.298,318.879,198.435,191.773,238.609,318.879,430.734,324.343,425.903,510.653,232.298,506.637
1556,22099.656,1,5,0.956,224.200,318.791,197.791,191.750,230.175,318.791,421.990,324.092,417.638,510.541,224.200,506.372
1557,22113.859,1,5,0.951,213.422,318.935,197.893,191.564,219.609,318.935,411.315,323.396,407.630,510.499,213.422,506.202
1558,22128.062,1,5,0.951,202.723,318.915,197.427,191.412,208.813,318.915,400.150,323.002,397.185,510.327,202.723,506.211
1559,22142.265,1,5,0.951,188.126,318.327,197.121,191.548,193.169,318.327,385.248,322.750,381.904,509.875,188.126,506.116
1560,22156.467,1,5,0.951,179.894,318.035,197.889,191.578,185.143,318.035,377.782,322.724,373.360,509.613,179.894,506.190
1561,22170.670,1,5,0.949,169.497,317.784,198.406,191.229,174.709,317.784,367.903,322.747,362.666,509.013,169.497,506.541
1562,22184.873,1,5,0.959,158.336,317.709,198.309,191.239,164.262,317.709,356.645,322.346,352.130,508.948,158.336,506.256
1563,22199.076,1,5,0.956,147.171,317.524,198.691,191.594,152.948,317.524,345.862,322.435,341.055,509.118,147.171,505.915
1564,22213.279,1,5,0.957,131.469,317.562,198.362,191.398,138.177,317.562,329.832,321.588,326.101,508.961,131.469,505.357
1565,22227.482,1,5,0.953,123.068,317.626,199.036,191.422,129.445,317.626,322.104,321.469,317.802,509.048,123.068,505.271
1566,22241.685,1,5,0.955,112.611,317.435,198.628,191.541,118.626,317.435,311.239,321.142,307.073,508.976,112.611,504.911
1567,22255.887,1,5,0.956,97.506,317.311,197.924,191.465,103.321,317.311,295.430,321.078,291.829,508.776,97.506,504.853
1568,22270.090,1,5,0.955,89.380,317.320,198.694,191.376,94.695,317.320,288.074,321.002,283.291,508.696,89.380,504.830
1569,22284.293,1,5,0.955,79.098,317.127,198.942,191.452,84.367,317.127,278.040,320.648,272.646,508.579,79.098,504.747
1570,22298.496,1,5,0.958,67.920,317.073,199.124,191.062,73.826,317.073,267.044,320.098,261.769,508.136,67.920,504.912
1571,22312.699,1,5,0.960,52.367,316.435,199.838,191.064,59.145,316.435,252.204,320.133,247.258,507.498,52.367,504.792
1572,22326.902,1,5,0.961,44.305,316.333,199.329,191.099,50.474,316.333,243.634,319.925,238.804,507.432,44.305,504.739
1573,22341.105,1,5,0.958,33.308,316.013,199.931,191.449,39.930,316.013,233.240,319.767,228.286,507.462,33.308,504.083
1574,22355.307,1,5,0.954,17.789,315.926,199.726,191.586,24.612,315.926,217.515,319.704,213.645,507.512,17.789,503.755
1575,22369.510,1,5,0.956,9.743,315.854,198.685,191.478,15.970,315.854,208.429,319.295,204.786,507.332,9.743,503.456
1576,22383.713,0,-1,0,,,,,,,,,,,,
1577,22397.916,0,-1,0,,,,,,,,,,,,
1578,22412.119,0,-1,0,,,,,,,,,,,,
1579,22426.322,0,-1,0,,,,,,,,,,,,
1580,22440.525,0,-1,0,,,,,,,,,,,,
1581,22454.728,0,-1,0,,,,,,,,,,,,
1582,22468.930,0,-1,0,,,,,,,,,,,,
1583,22483.133,0,-1,0,,,,,,,,,,,,
1584,22497.336,0,-1,0,,,,,,,,,,,,
1585,22511.539,0,-1,0,,,,,,,,,,,,
1586,22525.742,0,-1,0,,,,,,,,,,,,
1587,22539.945,0,-1,0,,,,,,,,,,,,
1588,22554.148,0,-1,0,,,,,,,,,,,,
1589,22568.350,0,-1,0,,,,,,,,,,,,
1590,22582.553,0,-1,0,,,,,,,,,,,,
1591,22596.756,0,-1,0,,,,,,,,,,,,
1592,22610.959,0,-1,0,,,,,,,,,,,,
1593,22625.162,0,-1,0,,,,,,,,,,,,
1594,22639.365,0,-1,0,,,,,,,,,,,,
1595,22653.568,0,-1,0,,,,,,,,,,,,
1596,22667.770,0,-1,0,,,,,,,,,,,,
1597,22681.973,0,-1,0,,,,,,,,,,,,
1598,22696.176,0,-1,0,,,,,,,,,,,,
1599,22710.379,0,-1,0,,,,,,,,,,,,
1600,22724.582,0,-1,0,,,,,,,,,,,,
1601,22738.785,0,-1,0,,,,,,,,,,,,
1602,22752.988,0,-1,0,,,,,,,,,,,,
1603,22767.191,0,-1,0,,,,,,,,,,,,
1604,22781.393,0,-1,0,,,,,,,,,,,,
1605,22795.596,0,-1,0,,,,,,,,,,,,
1606,22809.799,0,-1,0,,,,,,,,,,,,
1607,22824.002,0,-1,0,,,,,,,,,,,,
1608,22838.205,0,-1,0,,,,,,,,,,,,
1609,22852.408,0,-1,0,,,,,,,,,,,,
1610,22866.611,0,-1,0,,,,,,,,,,,,
1611,22880.813,0,-1,0,,,,,,,,,,,,
1612,22895.016,0,-1,0,,,,,,,,,,,,
1613,22909.219,0,-1,0,,,,,,,,,,,,
1614,22923.422,0,-1,0,,,,,,,,,,,,
1615,22937.625,0,-1,0,,,,,,,,,,,,
1616,22951.828,0,-1,0,,,,,,,,,,,,
1617,22966.031,0,-1,0,,,,,,,,,,,,
1618,22980.233,0,-1,0,,,,,,,,,,,,
1619,22994.436,0,-1,0,,,,,,,,,,,,
1620,23008.639,0,-1,0,,,,,,,,,,,,
1621,23022.842,0,-1,0,,,,,,,,,,,,
1622,23037.045,0,-1,0,,,,,,,,,,,,
1623,23051.248,0,-1,0,,,,,,,,,,,,
1624,23065.451,0,-1,0,,,,,,,,,,,,
1625,23079.654,0,-1,0,,,,,,,,,,,,
1626,23093.856,0,-1,0,,,,,,,,,,,,
1627,23108.059,0,-1,0,,,,,,,,,,,,
1628,23122.262,0,-1,0,,,,,,,,,,,,
1629,23136.465,0,-1,0,,,,,,,,,,,,
1630,23150.668,0,-1,0,,,,,,,,,,,,
1631,23164.871,0,-1,0,,,,,,,,,,,,
1632,23179.074,0,-1,0,,,,,,,,,,,,
1633,23193.276,0,-1,0,,,,,,,,,,,,
1634,23207.479,0,-1,0,,,,,,,,,,,,
1635,23221.682,0,-1,0,,,,,,,,,,,,
1636,23235.885,0,-1,0,,,,,,,,,,,,
1637,23250.088,0,-1,0,,,,,,,,,,,,
1638,23264.291,0,-1,0,,,,,,,,,,,,
1639,23278.494,0,-1,0,,,,,,,,,,,,
1640,23292.696,0,-1,0,,,,,,,,,,,,
1641,23306.899,0,-1,0,,,,,,,,,,,,
1642,23321.102,0,-1,0,,,,,,,,,,,,
1643,23335.305,0,-1,0,,,,,,,,,,,,
1644,23349.508,0,-1,0,,,,,,,,,,,,
1645,23363.711,0,-1,0,,,,,,,,,,,,
1646,23377.914,0,-1,0,,,,,,,,,,,,
1647,23392.117,0,-1,0,,,,,,,,,,,,
1648,23406.319,0,-1,0,,,,,,,,,,,,
1649,23420.522,0,-1,0,,,,,,,,,,,,
1650,23434.725,0,-1,0,,,,,,,,,,,,
1651,23448.928,0,-1,0,,,,,,,,,,,,
1652,23463.131,0,-1,0,,,,,,,,,,,,
1653,23477.334,0,-1,0,,,,,,,,,,,,
1654,23491.537,0,-1,0,,,,,,,,,,,,
1655,23505.739,0,-1,0,,,,,,,,,,,,
1656,23519.942,0,-1,0,,,,,,,,,,,,
1657,23534.145,0,-1,0,,,,,,,,,,,,
1658,23548.348,0,-1,0,,,,,,,,,,,,
1659,23562.551,0,-1,0,,,,,,,,,,,,
1660,23576.754,0,-1,0,,,,,,,,,,,,
1661,23590.957,0,-1,0,,,,,,,,,,,,
1662,23605.159,0,-1,0,,,,,,,,,,,,
1663,23619.362,0,-1,0,,,,,,,,,,,,
1664,23633.565,1,6,0.960,10.077,315.964,198.819,191.300,15.289,315.964,208.896,318.986,203.859,507.264,10.077,503.324
1665,23647.768,1,6,0.961,18.407,315.984,199.592,191.423,23.969,315.984,217.999,319.501,211.992,507.408,18.407,503.686
1666,23661.971,1,6,0.960,29.115,315.934,198.498,191.597,34.746,315.934,227.613,319.509,223.346,507.531,29.115,504.192
1667,23676.174,1,6,0.959,43.718,316.201,199.484,191.207,49.845,316.201,243.202,319.757,238.257,507.408,43.718,504.993
1668,23690.377,1,6,0.960,52.381,316.366,198.259,190.908,58.430,316.366,250.640,320.007,246.917,507.274,52.381,505.109
1669,23704.580,1,6,0.955,63.232,316.742,198.673,191.270,69.521,316.742,261.905,320.109,257.913,508.012,63.232,504.790
1670,23718.782,1,6,0.948,77.703,317.100,199.717,191.469,84.394,317.100,277.421,320.014,272.999,508.568,77.703,504.549
1671,23732.985,1,6,0.949,86.708,317.539,199.038,191.246,93.108,317.539,285.746,320.072,281.571,508.785,86.708,504.540
1672,23747.188,1,6,0.956,97.910,317.533,198.685,191.188,103.948,317.533,296.596,320.394,292.281,508.721,97.910,504.826
1673,23761.391,1,6,0.955,113.243,317.435,198.919,191.401,119.052,317.435,312.163,321.203,307.331,508.836,113.243,504.858
1674,23775.594,1,6,0.958,121.923,317.404,199.312,191.484,127.847,317.404,321.235,321.178,315.554,508.888,121.923,505.118
1675,23789.797,1,6,0.961,132.688,317.600,198.856,191.526,138.867,317.600,331.543,321.374,326.612,509.126,132.688,505.320
