frame_id,cause,components,L_observations,generated,validated,truncated,original_gray_max,work_gray_max,original_white_pixels,work_white_pixels
0,has_validated_parent,6,3,3,1,False,255.0,255.0,9232,4044
1,has_validated_parent,6,3,3,1,False,255.0,255.0,9200,4032
2,has_validated_parent,6,3,6,2,False,255.0,255.0,9275,4001
3,has_validated_parent,6,3,3,1,False,255.0,255.0,9209,3970
4,has_validated_parent,6,3,6,2,False,255.0,255.0,9212,3958
5,has_validated_parent,6,3,12,4,False,255.0,255.0,9225,4013
6,has_validated_parent,6,3,3,1,False,255.0,255.0,9173,3995
7,has_validated_parent,6,3,3,1,False,255.0,255.0,9162,3996
8,has_validated_parent,6,3,3,1,False,255.0,255.0,9213,4050
9,has_validated_parent,6,3,3,1,False,255.0,255.0,9219,4104
10,has_validated_parent,6,3,6,2,False,255.0,255.0,9145,4088
11,has_validated_parent,6,3,6,2,False,255.0,255.0,9157,4059
12,has_validated_parent,6,3,6,2,False,255.0,255.0,9157,4020
13,has_validated_parent,6,3,6,2,False,255.0,255.0,9086,4004
14,has_validated_parent,6,3,6,2,False,255.0,255.0,9106,3990
15,has_validated_parent,6,3,12,4,False,255.0,255.0,9180,3945
16,has_validated_parent,6,3,6,2,False,255.0,255.0,9175,3954
17,has_validated_parent,6,3,3,1,False,255.0,255.0,9205,4009
18,has_validated_parent,6,3,3,1,False,255.0,255.0,9113,4027
19,has_validated_parent,6,3,3,1,False,255.0,255.0,9219,3984
20,has_validated_parent,6,3,3,1,False,255.0,255.0,9114,3954
21,has_validated_parent,6,3,6,2,False,255.0,255.0,9126,3944
22,has_validated_parent,6,3,3,1,False,255.0,255.0,9104,3929
23,has_validated_parent,6,3,6,1,False,255.0,255.0,9095,3948
24,has_validated_parent,6,3,6,1,False,255.0,255.0,9144,4043
25,has_validated_parent,6,3,3,1,False,255.0,255.0,9043,4050
26,has_validated_parent,6,3,6,2,False,255.0,255.0,9085,4038
27,has_validated_parent,6,3,3,1,False,255.0,255.0,9139,4052
28,has_validated_parent,6,3,6,2,False,255.0,255.0,9116,3980
29,has_validated_parent,6,3,6,2,False,255.0,255.0,9087,3946
30,has_validated_parent,6,3,6,2,False,255.0,255.0,9060,3962
31,has_validated_parent,6,3,6,1,False,255.0,255.0,9006,3985
32,has_validated_parent,6,3,3,1,False,255.0,255.0,9021,4002
33,has_validated_parent,6,3,3,1,False,255.0,255.0,9082,4034
34,has_validated_parent,6,3,6,1,False,255.0,255.0,9060,4042
35,has_validated_parent,6,3,3,1,False,255.0,255.0,9032,4027
36,has_validated_parent,6,3,6,2,False,255.0,255.0,8581,3802
37,fewer_than_three_L_observations,6,2,0,0,False,255.0,255.0,7156,3136
38,fewer_than_three_L_observations,5,2,0,0,False,255.0,255.0,6273,2730
39,fewer_than_three_L_observations,4,2,0,0,False,255.0,255.0,5957,2568
40,fewer_than_three_L_observations,4,2,0,0,False,255.0,255.0,5656,2442
41,fewer_than_three_L_observations,4,2,0,0,False,255.0,255.0,5440,2362
42,fewer_than_three_L_observations,4,2,0,0,False,255.0,255.0,4968,2177
43,fewer_than_three_L_observations,2,2,0,0,False,255.0,255.0,4849,2074
44,fewer_than_three_L_observations,2,2,0,0,False,255.0,255.0,4829,2077
45,fewer_than_three_L_observations,2,2,0,0,False,255.0,255.0,4826,2120
46,fewer_than_three_L_observations,2,2,0,0,False,255.0,255.0,4753,2073
47,fewer_than_three_L_observations,2,2,0,0,False,255.0,255.0,4752,2057
48,fewer_than_three_L_observations,2,2,0,0,False,255.0,255.0,4683,2057
49,fewer_than_three_L_observations,2,2,0,0,False,255.0,255.0,4321,1885
50,fewer_than_three_L_observations,2,2,0,0,False,255.0,255.0,4050,1778
51,fewer_than_three_L_observations,2,2,0,0,False,255.0,255.0,3825,1683
52,fewer_than_three_L_observations,2,2,0,0,False,255.0,255.0,3527,1551
53,fewer_than_three_L_observations,2,2,0,0,False,255.0,255.0,3274,1458
54,fewer_than_three_L_observations,2,0,0,0,False,255.0,255.0,3047,1340
55,fewer_than_three_L_observations,2,0,0,0,False,255.0,255.0,2823,1239
56,fewer_than_three_L_observations,2,0,0,0,False,255.0,255.0,2331,1054
57,fewer_than_three_L_observations,2,0,0,0,False,255.0,255.0,1583,696
58,fewer_than_three_L_observations,2,0,0,0,False,255.0,255.0,824,365
59,fewer_than_three_L_observations,4,0,0,0,False,250.0,243.0,93,35
60,no_white_components,0,0,0,0,False,124.0,122.0,0,0
61,no_white_components,0,0,0,0,False,124.0,122.0,0,0
62,no_white_components,0,0,0,0,False,123.0,120.0,0,0
63,no_white_components,0,0,0,0,False,121.0,119.0,0,0
64,no_white_components,0,0,0,0,False,121.0,119.0,0,0
65,no_white_components,0,0,0,0,False,121.0,118.0,0,0
66,no_white_components,0,0,0,0,False,120.0,118.0,0,0
67,no_white_components,0,0,0,0,False,118.0,116.0,0,0
68,no_white_components,0,0,0,0,False,117.0,116.0,0,0
69,no_white_components,0,0,0,0,False,117.0,116.0,0,0
70,no_white_components,0,0,0,0,False,115.0,114.0,0,0
71,no_white_components,0,0,0,0,False,118.0,115.0,0,0
72,no_white_components,0,0,0,0,False,117.0,115.0,0,0
73,no_white_components,0,0,0,0,False,118.0,116.0,0,0
74,no_white_components,0,0,0,0,False,118.0,115.0,0,0
75,no_white_components,0,0,0,0,False,117.0,114.0,0,0
76,no_white_components,0,0,0,0,False,122.0,114.0,0,0
77,no_white_components,0,0,0,0,False,115.0,113.0,0,0
78,no_white_components,0,0,0,0,False,116.0,115.0,0,0
79,no_white_components,0,0,0,0,False,115.0,114.0,0,0
80,no_white_components,0,0,0,0,False,114.0,113.0,0,0
81,no_white_components,0,0,0,0,False,117.0,114.0,0,0
82,no_white_components,0,0,0,0,False,113.0,113.0,0,0
83,no_white_components,0,0,0,0,False,113.0,112.0,0,0
84,no_white_components,0,0,0,0,False,114.0,112.0,0,0
85,no_white_components,0,0,0,0,False,113.0,112.0,0,0
86,no_white_components,0,0,0,0,False,113.0,111.0,0,0
87,no_white_components,0,0,0,0,False,113.0,111.0,0,0
88,no_white_components,0,0,0,0,False,113.0,111.0,0,0
89,no_white_components,0,0,0,0,False,111.0,111.0,0,0
90,no_white_components,0,0,0,0,False,115.0,114.0,0,0
91,no_white_components,0,0,0,0,False,117.0,113.0,0,0
92,no_white_components,0,0,0,0,False,117.0,113.0,0,0
93,no_white_components,0,0,0,0,False,115.0,113.0,0,0
94,no_white_components,0,0,0,0,False,115.0,113.0,0,0
95,no_white_components,0,0,0,0,False,115.0,113.0,0,0
96,no_white_components,0,0,0,0,False,114.0,113.0,0,0
97,no_white_components,0,0,0,0,False,116.0,115.0,0,0
98,no_white_components,0,0,0,0,False,117.0,115.0,0,0
99,no_white_components,0,0,0,0,False,118.0,116.0,0,0
100,no_white_components,0,0,0,0,False,117.0,113.0,0,0
101,no_white_components,0,0,0,0,False,115.0,114.0,0,0
102,no_white_components,0,0,0,0,False,115.0,113.0,0,0
103,no_white_components,0,0,0,0,False,121.0,116.0,0,0
104,no_white_components,0,0,0,0,False,118.0,116.0,0,0
105,no_white_components,0,0,0,0,False,117.0,117.0,0,0
106,no_white_components,0,0,0,0,False,117.0,116.0,0,0
107,no_white_components,0,0,0,0,False,118.0,116.0,0,0
108,no_white_components,0,0,0,0,False,118.0,117.0,0,0
109,fewer_than_three_L_observations,2,0,0,0,False,255.0,255.0,820,365
110,fewer_than_three_L_observations,2,0,0,0,False,255.0,255.0,2346,1059
111,fewer_than_three_L_observations,2,0,0,0,False,255.0,255.0,3175,1414
112,fewer_than_three_L_observations,2,2,0,0,False,255.0,255.0,3599,1620
113,fewer_than_three_L_observations,2,2,0,0,False,255.0,255.0,3991,1751
114,fewer_than_three_L_observations,2,2,0,0,False,255.0,255.0,4412,1945
115,fewer_than_three_L_observations,2,2,0,0,False,255.0,255.0,4777,2106
116,fewer_than_three_L_observations,2,2,0,0,False,255.0,255.0,4874,2169
117,fewer_than_three_L_observations,2,2,0,0,False,255.0,255.0,4831,2182
118,fewer_than_three_L_observations,2,2,0,0,False,255.0,255.0,4896,2197
119,fewer_than_three_L_observations,2,2,0,0,False,255.0,255.0,4923,2157
120,fewer_than_three_L_observations,4,2,0,0,False,255.0,255.0,5109,2196
121,fewer_than_three_L_observations,4,2,0,0,False,255.0,255.0,5544,2390
122,fewer_than_three_L_observations,4,2,0,0,False,255.0,255.0,5801,2509
123,fewer_than_three_L_observations,5,2,0,0,False,255.0,255.0,5946,2591
124,fewer_than_three_L_observations,5,2,0,0,False,255.0,255.0,6422,2813
125,has_validated_parent,6,3,6,2,False,255.0,255.0,7668,3428
126,has_validated_parent,6,3,6,1,False,255.0,255.0,8953,3996
127,has_validated_parent,6,3,6,2,False,255.0,255.0,8950,3902
128,has_validated_parent,6,3,6,1,False,255.0,255.0,9022,3945
129,has_validated_parent,6,3,6,2,False,255.0,255.0,9014,3943
130,has_validated_parent,6,3,6,2,False,255.0,255.0,8999,3952
131,has_validated_parent,6,3,6,1,False,255.0,255.0,9079,4022
132,has_validated_parent,6,3,6,1,False,255.0,255.0,9093,4069
133,has_validated_parent,6,3,3,1,False,255.0,255.0,8977,4048
134,has_validated_parent,6,3,6,1,False,255.0,255.0,9003,4042
135,has_validated_parent,6,3,6,2,False,255.0,255.0,9162,4001
136,has_validated_parent,6,3,12,2,False,255.0,255.0,9057,3924
137,has_validated_parent,6,3,3,1,False,255.0,255.0,9118,3931
138,has_validated_parent,6,3,3,1,False,255.0,255.0,9167,3973
139,has_validated_parent,6,3,3,1,False,255.0,255.0,9114,3992
140,has_validated_parent,6,3,3,1,False,255.0,255.0,9146,4057
141,has_validated_parent,6,3,3,1,False,255.0,255.0,9104,4053
142,has_validated_parent,6,3,6,2,False,255.0,255.0,9096,4038
143,has_validated_parent,6,3,6,1,False,255.0,255.0,9084,3941
144,has_validated_parent,6,3,6,2,False,255.0,255.0,9076,3918
145,has_validated_parent,6,3,12,2,False,255.0,255.0,9123,3928
146,has_validated_parent,6,3,3,1,False,255.0,255.0,9110,3964
147,has_validated_parent,6,3,6,1,False,255.0,255.0,9169,4024
148,has_validated_parent,6,3,3,1,False,255.0,255.0,9164,3978
149,has_validated_parent,6,3,12,3,False,255.0,255.0,9191,3948
150,has_validated_parent,6,3,6,1,False,255.0,255.0,9131,3915
151,has_validated_parent,6,3,6,2,False,255.0,255.0,9143,3936
152,has_validated_parent,6,3,3,1,False,255.0,255.0,9105,3953
153,has_validated_parent,6,3,12,4,False,255.0,255.0,9110,3980
154,has_validated_parent,6,3,6,1,False,255.0,255.0,9081,3987
155,has_validated_parent,6,3,6,2,False,255.0,255.0,9167,4029
156,has_validated_parent,6,3,6,1,False,255.0,255.0,9132,3995
157,has_validated_parent,6,3,3,1,False,255.0,255.0,9164,4048
158,has_validated_parent,6,3,3,1,False,255.0,255.0,9164,4047
159,has_validated_parent,6,3,3,1,False,255.0,255.0,9135,4025
160,has_validated_parent,6,3,6,1,False,255.0,255.0,9147,3995
161,has_validated_parent,6,3,6,2,False,255.0,255.0,9094,4000
162,has_validated_parent,6,3,3,1,False,255.0,255.0,9032,3959
163,has_validated_parent,6,3,12,4,False,255.0,255.0,8887,3851
164,has_validated_parent,6,3,3,1,False,255.0,255.0,8977,3901
165,has_validated_parent,6,3,3,1,False,255.0,255.0,8887,3891
166,has_validated_parent,6,3,6,2,False,255.0,255.0,8879,3859
167,has_validated_parent,6,3,3,1,False,255.0,255.0,8894,3815
168,has_validated_parent,6,3,3,1,False,255.0,255.0,8775,3788
169,has_validated_parent,6,3,6,2,False,255.0,255.0,8811,3815
170,has_validated_parent,6,3,6,2,False,255.0,255.0,8752,3757
171,has_validated_parent,6,3,3,1,False,255.0,255.0,8733,3751
172,has_validated_parent,6,3,3,1,False,255.0,255.0,8733,3762
173,has_validated_parent,6,3,6,2,False,255.0,255.0,8734,3827
174,has_validated_parent,6,3,3,1,False,255.0,255.0,8845,3890
175,has_validated_parent,6,3,12,4,False,255.0,255.0,9073,3973
176,has_validated_parent,6,3,6,2,False,255.0,255.0,9097,3984
177,has_validated_parent,6,3,3,1,False,255.0,255.0,9165,4029
178,has_validated_parent,6,3,3,1,False,255.0,255.0,9150,4011
179,has_validated_parent,6,3,3,1,False,255.0,255.0,9190,4015
180,has_validated_parent,6,3,6,1,False,255.0,255.0,9125,4002
181,has_validated_parent,6,3,12,2,False,255.0,255.0,9198,4029
182,has_validated_parent,6,3,6,1,False,255.0,255.0,9215,4036
183,has_validated_parent,6,3,6,2,False,255.0,255.0,9233,4002
184,has_validated_parent,6,3,12,4,False,255.0,255.0,9247,4083
185,has_validated_parent,6,3,3,1,False,255.0,255.0,9149,4034
186,has_validated_parent,6,3,3,1,False,255.0,255.0,9133,3958
187,has_validated_parent,6,3,6,2,False,255.0,255.0,8730,3833
188,has_validated_parent,6,3,3,1,False,255.0,255.0,8531,3729
189,has_validated_parent,6,3,6,2,False,255.0,255.0,8291,3584
190,has_validated_parent,6,3,6,2,False,255.0,255.0,8280,3552
191,has_validated_parent,6,3,6,2,False,255.0,255.0,8329,3561
192,has_validated_parent,6,3,3,1,False,255.0,255.0,8294,3565
193,has_validated_parent,6,3,3,1,False,255.0,255.0,8320,3612
194,has_validated_parent,6,3,6,2,False,255.0,255.0,8358,3602
195,has_validated_parent,6,3,3,1,False,255.0,255.0,8279,3608
196,has_validated_parent,6,3,3,1,False,255.0,255.0,8398,3659
197,has_validated_parent,6,3,6,2,False,255.0,255.0,8339,3590
198,has_validated_parent,6,3,3,1,False,255.0,255.0,8324,3600
199,has_validated_parent,6,3,6,1,False,255.0,255.0,8456,3683
200,has_validated_parent,6,3,6,1,False,255.0,255.0,8578,3737
201,has_validated_parent,6,3,12,3,False,255.0,255.0,8783,3828
202,has_validated_parent,6,3,6,2,False,255.0,255.0,8964,3936
203,has_validated_parent,6,3,3,1,False,255.0,255.0,9000,3931
204,has_validated_parent,6,3,6,2,False,255.0,255.0,9129,3958
205,has_validated_parent,6,3,3,1,False,255.0,255.0,9216,4021
206,has_validated_parent,6,3,3,1,False,255.0,255.0,9075,4037
207,has_validated_parent,6,3,3,1,False,255.0,255.0,8875,3845
208,has_validated_parent,6,3,12,4,False,255.0,255.0,8764,3824
209,has_validated_parent,6,3,3,1,False,255.0,255.0,8567,3721
210,has_validated_parent,6,3,3,1,False,255.0,255.0,8498,3698
211,has_validated_parent,6,3,3,1,False,255.0,255.0,8420,3662
212,has_validated_parent,6,3,6,2,False,255.0,255.0,8392,3652
213,has_validated_parent,6,3,3,1,False,255.0,255.0,8326,3587
214,has_validated_parent,6,3,3,1,False,255.0,255.0,8321,3591
215,has_validated_parent,6,3,3,1,False,255.0,255.0,8301,3557
216,has_validated_parent,6,3,3,1,False,255.0,255.0,8141,3560
217,has_validated_parent,6,3,3,1,False,255.0,255.0,8155,3551
218,has_validated_parent,6,3,6,1,False,255.0,255.0,8218,3543
219,has_validated_parent,6,3,6,1,False,255.0,255.0,8210,3565
220,has_validated_parent,6,3,3,1,False,255.0,255.0,8415,3646
221,has_validated_parent,6,3,3,1,False,255.0,255.0,8586,3724
222,has_validated_parent,6,3,3,1,False,255.0,255.0,8726,3837
223,has_validated_parent,6,3,6,2,False,255.0,255.0,8829,3836
224,has_validated_parent,6,3,6,2,False,255.0,255.0,8869,3876
225,has_validated_parent,6,3,6,2,False,255.0,255.0,8899,3916
226,has_validated_parent,6,3,3,1,False,255.0,255.0,8912,3915
227,has_validated_parent,6,3,6,1,False,255.0,255.0,9026,3968
228,has_validated_parent,6,3,3,1,False,255.0,255.0,9174,4070
229,has_validated_parent,6,3,3,1,False,255.0,255.0,9211,4108
230,has_validated_parent,6,3,6,1,False,255.0,255.0,9117,4009
231,has_validated_parent,6,3,6,2,False,255.0,255.0,9027,3940
232,has_validated_parent,6,3,3,1,False,255.0,255.0,9064,3968
233,has_validated_parent,6,3,3,1,False,255.0,255.0,9060,3975
234,has_validated_parent,6,3,3,1,False,255.0,255.0,8858,3941
235,has_validated_parent,6,3,3,1,False,255.0,255.0,8838,3888
236,has_validated_parent,6,3,3,1,False,255.0,255.0,8755,3826
237,has_validated_parent,6,3,3,1,False,255.0,255.0,8683,3809
238,has_validated_parent,6,3,6,1,False,255.0,255.0,8634,3792
239,has_validated_parent,6,3,3,1,False,255.0,255.0,8617,3741
240,has_validated_parent,6,3,6,2,False,255.0,255.0,8492,3717
241,has_validated_parent,6,3,6,2,False,255.0,255.0,8492,3701
242,has_validated_parent,6,3,3,1,False,255.0,255.0,8517,3735
243,has_validated_parent,6,3,6,2,False,255.0,255.0,8445,3703
244,has_validated_parent,6,3,3,1,False,255.0,255.0,8461,3735
245,has_validated_parent,6,3,6,2,False,255.0,255.0,8531,3750
246,has_validated_parent,6,3,6,2,False,255.0,255.0,8532,3736
247,has_validated_parent,6,3,3,1,False,255.0,255.0,8520,3751
248,has_validated_parent,6,3,3,1,False,255.0,255.0,8494,3752
249,has_validated_parent,6,3,3,1,False,255.0,255.0,8441,3726
250,has_validated_parent,6,3,6,1,False,255.0,255.0,8453,3693
251,has_validated_parent,6,3,6,1,False,255.0,255.0,8459,3732
252,has_validated_parent,6,3,3,1,False,255.0,255.0,8413,3704
253,has_validated_parent,6,3,3,1,False,255.0,255.0,8433,3708
254,has_validated_parent,6,3,3,1,False,255.0,255.0,8476,3696
255,has_validated_parent,6,3,6,2,False,255.0,255.0,8409,3650
256,has_validated_parent,6,3,3,1,False,255.0,255.0,8470,3695
257,has_validated_parent,6,3,6,2,False,255.0,255.0,8373,3664
258,has_validated_parent,6,3,3,1,False,255.0,255.0,8359,3666
259,has_validated_parent,6,3,6,2,False,255.0,255.0,8256,3623
260,has_validated_parent,6,3,3,1,False,255.0,255.0,8181,3576
261,has_validated_parent,6,3,6,2,False,255.0,255.0,8010,3517
262,has_validated_parent,6,3,6,2,False,255.0,255.0,7883,3480
263,has_validated_parent,6,4,12,1,False,255.0,255.0,7850,3432
264,has_validated_parent,6,3,3,1,False,255.0,255.0,7878,3392
265,has_validated_parent,6,3,3,1,False,255.0,255.0,7820,3387
266,has_validated_parent,6,3,3,1,False,255.0,255.0,7637,3340
267,has_validated_parent,6,3,3,1,False,255.0,255.0,7073,3058
268,has_validated_parent,6,3,3,1,False,255.0,255.0,6541,2857
269,has_validated_parent,6,3,6,2,False,255.0,255.0,6309,2701
270,has_validated_parent,6,3,3,1,False,255.0,255.0,6306,2698
271,has_validated_parent,6,3,3,1,False,255.0,255.0,6540,2833
272,has_validated_parent,6,3,3,1,False,255.0,255.0,6963,3061
273,has_validated_parent,6,3,6,2,False,255.0,255.0,7354,3210
274,has_validated_parent,6,3,3,1,False,255.0,255.0,7745,3402
275,has_validated_parent,6,3,3,1,False,255.0,255.0,7790,3398
276,has_validated_parent,6,3,3,1,False,255.0,255.0,7807,3415
277,has_validated_parent,6,3,3,1,False,255.0,255.0,7859,3439
278,has_validated_parent,6,3,3,1,False,255.0,255.0,7922,3473
279,has_validated_parent,6,3,3,1,False,255.0,255.0,8019,3508
280,has_validated_parent,6,3,6,2,False,255.0,255.0,7993,3484
281,has_validated_parent,6,3,3,1,False,255.0,255.0,7999,3510
282,has_validated_parent,6,3,3,1,False,255.0,255.0,8040,3508
283,has_validated_parent,6,3,3,1,False,255.0,255.0,8004,3511
284,has_validated_parent,6,3,3,1,False,255.0,255.0,7993,3492
285,has_validated_parent,6,3,3,1,False,255.0,255.0,8018,3495
286,has_validated_parent,6,3,3,1,False,255.0,255.0,7921,3478
287,has_validated_parent,6,3,3,1,False,255.0,255.0,7930,3474
288,has_validated_parent,6,3,3,1,False,255.0,255.0,7948,3490
289,has_validated_parent,6,3,6,2,False,255.0,255.0,7894,3482
290,has_validated_parent,6,3,3,1,False,255.0,255.0,7884,3439
291,has_validated_parent,6,3,6,2,False,255.0,255.0,8011,3495
292,has_validated_parent,6,3,3,1,False,255.0,255.0,8005,3531
293,has_validated_parent,6,3,3,1,False,255.0,255.0,8209,3610
294,has_validated_parent,6,3,3,1,False,255.0,255.0,8279,3617
295,has_validated_parent,6,3,6,2,False,255.0,255.0,8321,3645
296,has_validated_parent,6,3,3,1,False,255.0,255.0,8345,3661
297,has_validated_parent,6,3,3,1,False,255.0,255.0,8396,3650
298,has_validated_parent,6,3,3,1,False,255.0,255.0,8398,3678
299,has_validated_parent,6,3,3,1,False,255.0,255.0,8497,3695
300,has_validated_parent,6,3,3,1,False,255.0,255.0,8520,3720
301,has_validated_parent,6,3,3,1,False,255.0,255.0,8601,3776
302,has_validated_parent,6,3,6,1,False,255.0,255.0,8609,3761
303,has_validated_parent,6,3,3,1,False,255.0,255.0,8606,3800
304,has_validated_parent,6,3,3,1,False,255.0,255.0,8492,3679
305,has_validated_parent,6,3,3,1,False,255.0,255.0,8341,3633
306,has_validated_parent,6,3,6,2,False,255.0,255.0,8256,3599
307,has_validated_parent,6,3,6,2,False,255.0,255.0,8108,3512
308,has_validated_parent,6,3,3,1,False,255.0,255.0,8135,3534
309,has_validated_parent,6,3,12,4,False,255.0,255.0,8036,3484
310,has_validated_parent,6,3,3,1,False,255.0,255.0,8043,3481
311,has_validated_parent,6,3,6,2,False,255.0,255.0,8042,3502
312,has_validated_parent,6,3,3,1,False,255.0,255.0,8133,3493
313,has_validated_parent,6,3,6,2,False,255.0,255.0,8133,3539
314,has_validated_parent,6,3,3,1,False,255.0,255.0,8277,3630
315,has_validated_parent,6,3,3,1,False,255.0,255.0,8394,3660
316,has_validated_parent,6,3,3,1,False,255.0,255.0,8522,3722
317,has_validated_parent,6,3,3,1,False,255.0,255.0,8563,3711
318,has_validated_parent,6,3,3,1,False,255.0,255.0,8652,3805
319,has_validated_parent,6,3,6,2,False,255.0,255.0,8772,3825
320,has_validated_parent,6,3,6,2,False,255.0,255.0,8850,3845
321,has_validated_parent,6,3,3,1,False,255.0,255.0,9007,3915
322,has_validated_parent,6,3,3,1,False,255.0,255.0,8962,3925
323,has_validated_parent,6,3,6,2,False,255.0,255.0,9070,3970
324,has_validated_parent,6,3,3,1,False,255.0,255.0,9072,4030
325,has_validated_parent,6,3,3,1,False,255.0,255.0,9048,4049
326,has_validated_parent,6,3,6,2,False,255.0,255.0,9097,4015
327,has_validated_parent,6,3,6,1,False,255.0,255.0,9040,3969
328,has_validated_parent,6,3,6,2,False,255.0,255.0,9063,3993
329,has_validated_parent,6,3,3,1,False,255.0,255.0,9120,3998
330,has_validated_parent,6,3,3,1,False,255.0,255.0,9131,4023
331,has_validated_parent,6,3,3,1,False,255.0,255.0,9051,3981
332,has_validated_parent,6,3,6,2,False,255.0,255.0,8945,3899
333,has_validated_parent,6,3,3,1,False,255.0,255.0,8974,3967
334,has_validated_parent,6,3,6,1,False,255.0,255.0,8949,3938
335,has_validated_parent,6,3,6,2,False,255.0,255.0,8927,3893
336,has_validated_parent,6,3,3,1,False,255.0,255.0,8900,3940
337,has_validated_parent,6,3,3,1,False,255.0,255.0,8866,3900
338,has_validated_parent,6,3,6,1,False,255.0,255.0,8809,3910
339,has_validated_parent,6,3,3,1,False,255.0,255.0,8744,3853
340,has_validated_parent,6,3,3,1,False,255.0,255.0,8777,3897
341,has_validated_parent,6,3,6,2,False,255.0,255.0,8761,3866
342,has_validated_parent,6,3,3,1,False,255.0,255.0,8687,3850
343,has_validated_parent,6,3,3,1,False,255.0,255.0,8689,3880
344,has_validated_parent,6,3,6,1,False,255.0,255.0,8675,3838
345,has_validated_parent,6,3,6,2,False,255.0,255.0,8677,3826
346,has_validated_parent,6,3,3,1,False,255.0,255.0,8605,3824
347,has_validated_parent,6,3,3,1,False,255.0,255.0,8660,3812
348,has_validated_parent,6,3,3,1,False,255.0,255.0,8637,3801
349,has_validated_parent,6,3,3,1,False,255.0,255.0,8577,3790
350,has_validated_parent,6,3,6,2,False,255.0,255.0,8581,3769
351,has_validated_parent,6,3,6,2,False,255.0,255.0,8474,3713
352,has_validated_parent,6,3,3,1,False,255.0,255.0,8573,3757
353,has_validated_parent,6,3,3,1,False,255.0,255.0,8431,3671
354,has_validated_parent,6,3,3,1,False,255.0,255.0,8411,3644
355,has_validated_parent,6,3,6,2,False,255.0,255.0,8420,3641
356,has_validated_parent,6,3,3,1,False,255.0,255.0,8393,3631
357,has_validated_parent,6,3,3,1,False,255.0,255.0,8389,3634
358,has_validated_parent,6,3,3,1,False,255.0,255.0,8502,3687
359,has_validated_parent,6,3,3,1,False,255.0,255.0,8421,3643
360,has_validated_parent,6,3,6,2,False,255.0,255.0,8428,3641
361,has_validated_parent,6,3,3,1,False,255.0,255.0,8439,3637
362,has_validated_parent,6,3,6,2,False,255.0,255.0,8472,3668
363,has_validated_parent,6,3,3,1,False,255.0,255.0,8422,3689
364,has_validated_parent,6,3,3,1,False,255.0,255.0,8568,3749
365,has_validated_parent,6,3,3,1,False,255.0,255.0,8649,3787
366,has_validated_parent,6,3,3,1,False,255.0,255.0,8774,3828
367,has_validated_parent,6,3,3,1,False,255.0,255.0,8931,3924
368,has_validated_parent,6,3,3,1,False,255.0,255.0,9007,3952
369,has_validated_parent,6,3,3,1,False,255.0,255.0,9184,4032
370,has_validated_parent,6,3,3,1,False,255.0,255.0,9092,3983
371,has_validated_parent,6,3,6,2,False,255.0,255.0,9084,3972
372,has_validated_parent,6,3,6,1,False,255.0,255.0,9135,3988
373,has_validated_parent,6,3,3,1,False,255.0,255.0,9199,4023
374,has_validated_parent,6,3,3,1,False,255.0,255.0,9318,4096
375,has_validated_parent,6,3,3,1,False,255.0,255.0,9303,4130
376,has_validated_parent,6,3,3,1,False,255.0,255.0,9383,4145
377,has_validated_parent,6,3,6,1,False,255.0,255.0,9311,4172
378,has_validated_parent,6,3,6,2,False,255.0,255.0,9266,4074
379,has_validated_parent,6,3,12,2,False,255.0,255.0,9318,4058
380,has_validated_parent,6,3,12,2,False,255.0,255.0,9286,4047
381,has_validated_parent,6,3,6,2,False,255.0,255.0,9262,4024
382,has_validated_parent,6,3,6,2,False,255.0,255.0,9238,4002
383,has_validated_parent,6,3,3,1,False,255.0,255.0,9295,4054
384,has_validated_parent,6,3,3,1,False,255.0,255.0,9284,4052
385,has_validated_parent,6,3,3,1,False,255.0,255.0,9291,4058
386,has_validated_parent,6,3,3,1,False,255.0,255.0,9281,4093
387,has_validated_parent,6,3,3,1,False,255.0,255.0,9243,4089
388,has_validated_parent,6,3,3,1,False,255.0,255.0,9181,4054
389,has_validated_parent,6,3,3,1,False,255.0,255.0,9143,4020
390,has_validated_parent,6,3,3,1,False,255.0,255.0,9229,4039
391,has_validated_parent,6,3,6,2,False,255.0,255.0,9139,4011
392,has_validated_parent,6,3,6,2,False,255.0,255.0,9158,3982
393,has_validated_parent,6,3,6,1,False,255.0,255.0,9155,3998
394,has_validated_parent,6,3,6,2,False,255.0,255.0,9143,4014
395,has_validated_parent,6,3,3,1,False,255.0,255.0,9167,4044
396,has_validated_parent,6,3,3,1,False,255.0,255.0,9127,4053
397,has_validated_parent,6,3,6,2,False,255.0,255.0,9096,3962
398,has_validated_parent,6,3,6,2,False,255.0,255.0,8904,3884
399,has_validated_parent,6,3,6,1,False,255.0,255.0,8813,3878
400,has_validated_parent,6,3,12,2,False,255.0,255.0,8706,3821
401,has_validated_parent,6,3,12,2,False,255.0,255.0,8632,3776
402,has_validated_parent,6,3,12,2,False,255.0,255.0,8607,3768
403,has_validated_parent,6,3,12,2,False,255.0,255.0,8601,3753
404,has_validated_parent,6,3,6,1,False,255.0,255.0,8654,3753
405,has_validated_parent,6,3,6,2,False,255.0,255.0,8642,3767
406,has_validated_parent,6,3,6,1,False,255.0,255.0,8670,3755
407,has_validated_parent,6,3,6,1,False,255.0,255.0,8654,3748
408,has_validated_parent,6,3,3,1,False,255.0,255.0,8599,3764
409,has_validated_parent,6,3,3,1,False,255.0,255.0,8646,3762
410,has_validated_parent,6,3,3,1,False,255.0,255.0,8660,3766
411,has_validated_parent,6,3,6,2,False,255.0,255.0,8800,3847
412,has_validated_parent,6,3,6,2,False,255.0,255.0,8883,3903
413,has_validated_parent,6,3,3,1,False,255.0,255.0,9098,4023
414,has_validated_parent,6,3,6,2,False,255.0,255.0,9233,4052
415,has_validated_parent,6,3,12,2,False,255.0,255.0,9133,4004
416,has_validated_parent,6,3,6,1,False,255.0,255.0,9063,3966
417,has_validated_parent,6,3,3,1,False,255.0,255.0,8927,3932
418,has_validated_parent,6,3,3,1,False,255.0,255.0,8937,3926
419,has_validated_parent,6,3,6,2,False,255.0,255.0,9057,3955
420,has_validated_parent,6,3,3,1,False,255.0,255.0,9102,4016
421,has_validated_parent,6,3,3,1,False,255.0,255.0,9142,3991
422,has_validated_parent,6,3,3,1,False,255.0,255.0,9101,4025
423,has_validated_parent,6,3,3,1,False,255.0,255.0,8041,3570
424,fewer_than_three_L_observations,5,2,0,0,False,255.0,255.0,6544,2901
425,fewer_than_three_L_observations,5,2,0,0,False,255.0,255.0,6043,2675
426,fewer_than_three_L_observations,4,2,0,0,False,255.0,255.0,5786,2581
427,fewer_than_three_L_observations,4,2,0,0,False,255.0,255.0,5442,2445
428,fewer_than_three_L_observations,4,2,0,0,False,255.0,255.0,5033,2246
429,fewer_than_three_L_observations,2,2,0,0,False,255.0,255.0,4996,2156
430,fewer_than_three_L_observations,2,2,0,0,False,255.0,255.0,4940,2130
431,fewer_than_three_L_observations,2,2,0,0,False,255.0,255.0,4832,2091
432,fewer_than_three_L_observations,2,2,0,0,False,255.0,255.0,4877,2102
433,fewer_than_three_L_observations,2,2,0,0,False,255.0,255.0,4646,2012
434,fewer_than_three_L_observations,2,2,0,0,False,255.0,255.0,4189,1843
435,fewer_than_three_L_observations,2,2,0,0,False,255.0,255.0,3829,1684
436,fewer_than_three_L_observations,2,2,0,0,False,255.0,255.0,3423,1489
437,fewer_than_three_L_observations,2,0,0,0,False,255.0,255.0,3046,1325
438,fewer_than_three_L_observations,2,0,0,0,False,255.0,255.0,2505,1118
439,fewer_than_three_L_observations,2,0,0,0,False,255.0,255.0,1316,593
440,fewer_than_three_L_observations,3,0,0,0,False,255.0,255.0,254,85
441,no_white_components,0,0,0,0,False,118.0,116.0,0,0
442,no_white_components,0,0,0,0,False,118.0,115.0,0,0
443,no_white_components,0,0,0,0,False,116.0,114.0,0,0
444,no_white_components,0,0,0,0,False,116.0,115.0,0,0
445,no_white_components,0,0,0,0,False,116.0,115.0,0,0
446,no_white_components,0,0,0,0,False,117.0,116.0,0,0
447,no_white_components,0,0,0,0,False,116.0,115.0,0,0
448,no_white_components,0,0,0,0,False,117.0,115.0,0,0
449,no_white_components,0,0,0,0,False,118.0,116.0,0,0
450,no_white_components,0,0,0,0,False,117.0,115.0,0,0
451,fewer_than_three_L_observations,12,0,0,0,False,255.0,254.0,179,61
452,fewer_than_three_L_observations,2,0,0,0,False,255.0,255.0,1110,463
453,fewer_than_three_L_observations,2,0,0,0,False,255.0,255.0,2228,981
454,fewer_than_three_L_observations,2,0,0,0,False,255.0,255.0,2937,1285
455,fewer_than_three_L_observations,2,0,0,0,False,255.0,255.0,3223,1389
456,fewer_than_three_L_observations,2,2,0,0,False,255.0,255.0,3487,1569
457,fewer_than_three_L_observations,2,2,0,0,False,255.0,255.0,3828,1669
458,fewer_than_three_L_observations,2,2,0,0,False,255.0,255.0,4276,1866
459,fewer_than_three_L_observations,2,2,0,0,False,255.0,255.0,4638,1992
460,fewer_than_three_L_observations,2,2,0,0,False,255.0,255.0,4798,2079
461,fewer_than_three_L_observations,2,2,0,0,False,255.0,255.0,4909,2130
462,fewer_than_three_L_observations,2,2,0,0,False,255.0,255.0,4894,2155
463,fewer_than_three_L_observations,2,2,0,0,False,255.0,255.0,4866,2157
464,fewer_than_three_L_observations,3,2,0,0,False,255.0,255.0,4944,2120
465,fewer_than_three_L_observations,4,2,0,0,False,255.0,255.0,5334,2290
466,fewer_than_three_L_observations,4,2,0,0,False,255.0,255.0,5704,2453
467,fewer_than_three_L_observations,4,2,0,0,False,255.0,255.0,5841,2532
468,fewer_than_three_L_observations,5,2,0,0,False,255.0,255.0,6201,2713
469,fewer_than_three_L_observations,6,2,0,0,False,255.0,255.0,7048,3119
470,has_validated_parent,6,3,6,2,False,255.0,255.0,8414,3751
471,has_validated_parent,6,3,6,1,False,255.0,255.0,8971,3997
472,has_validated_parent,6,3,6,1,False,255.0,255.0,9044,4006
473,has_validated_parent,6,3,6,2,False,255.0,255.0,8969,3921
474,has_validated_parent,6,3,6,1,False,255.0,255.0,9027,3949
475,has_validated_parent,6,3,6,2,False,255.0,255.0,9063,3969
476,has_validated_parent,6,3,6,2,False,255.0,255.0,8995,3941
477,has_validated_parent,6,3,12,2,False,255.0,255.0,9056,4003
478,has_validated_parent,6,3,6,2,False,255.0,255.0,9048,4038
479,has_validated_parent,6,3,12,4,False,255.0,255.0,9076,4009
480,has_validated_parent,6,3,6,1,False,255.0,255.0,9145,4056
481,has_validated_parent,6,3,3,1,False,255.0,255.0,9184,4033
482,has_validated_parent,6,3,6,1,False,255.0,255.0,9108,3959
483,has_validated_parent,6,3,3,1,False,255.0,255.0,9129,3941
484,has_validated_parent,6,3,6,2,False,255.0,255.0,9056,3948
485,has_validated_parent,6,3,3,1,False,255.0,255.0,8960,4004
486,has_validated_parent,6,3,3,1,False,255.0,255.0,8779,3831
487,has_validated_parent,6,3,6,2,False,255.0,255.0,8643,3760
488,has_validated_parent,6,3,6,2,False,255.0,255.0,8518,3716
489,has_validated_parent,6,3,3,1,False,255.0,255.0,8460,3669
490,has_validated_parent,6,3,3,1,False,255.0,255.0,8485,3675
491,has_validated_parent,6,3,6,2,False,255.0,255.0,8506,3716
492,has_validated_parent,6,3,3,1,False,255.0,255.0,8545,3708
493,has_validated_parent,6,3,6,2,False,255.0,255.0,8548,3733
494,has_validated_parent,6,3,3,1,False,255.0,255.0,8524,3692
495,has_validated_parent,6,3,3,1,False,255.0,255.0,8444,3661
496,has_validated_parent,6,3,3,1,False,255.0,255.0,8456,3642
497,has_validated_parent,6,3,6,2,False,255.0,255.0,8407,3608
498,has_validated_parent,6,3,3,1,False,255.0,255.0,8508,3646
499,has_validated_parent,6,3,3,1,False,255.0,255.0,8449,3645
500,has_validated_parent,6,3,3,1,False,255.0,255.0,8422,3608
501,has_validated_parent,6,3,6,1,False,255.0,255.0,8492,3621
502,has_validated_parent,6,3,3,1,False,255.0,255.0,8396,3565
503,has_validated_parent,6,3,3,1,False,255.0,255.0,8459,3709
504,has_validated_parent,6,3,3,1,False,255.0,255.0,8643,3743
505,has_validated_parent,6,3,6,2,False,255.0,255.0,8770,3817
506,has_validated_parent,6,3,3,1,False,255.0,255.0,8882,3903
507,has_validated_parent,6,3,6,1,False,255.0,255.0,8887,3890
508,has_validated_parent,6,3,3,1,False,255.0,255.0,8954,3918
509,has_validated_parent,6,3,6,1,False,255.0,255.0,8935,3918
510,has_validated_parent,6,3,6,2,False,255.0,255.0,9049,3947
511,has_validated_parent,6,3,3,1,False,255.0,255.0,9118,3991
512,has_validated_parent,6,3,6,2,False,255.0,255.0,9201,4024
513,has_validated_parent,6,3,3,1,False,255.0,255.0,9290,4081
514,has_validated_parent,6,3,6,2,False,255.0,255.0,9334,4091
515,has_validated_parent,6,3,6,2,False,255.0,255.0,9312,4103
516,has_validated_parent,6,3,6,2,False,255.0,255.0,9309,4078
517,has_validated_parent,6,3,6,2,False,255.0,255.0,9287,4064
518,has_validated_parent,6,3,6,1,False,255.0,255.0,9245,4039
519,has_validated_parent,6,3,3,1,False,255.0,255.0,9189,3980
520,has_validated_parent,6,3,12,4,False,255.0,255.0,9215,3966
521,has_validated_parent,6,3,3,1,False,255.0,255.0,9158,3977
522,has_validated_parent,6,3,3,1,False,255.0,255.0,9161,3972
523,has_validated_parent,6,3,6,2,False,255.0,255.0,9167,3957
524,has_validated_parent,6,3,3,1,False,255.0,255.0,9142,3948
525,has_validated_parent,6,3,12,3,False,255.0,255.0,9187,3942
526,has_validated_parent,6,3,3,1,False,255.0,255.0,9191,3972
527,has_validated_parent,6,3,6,2,False,255.0,255.0,9145,3987
528,has_validated_parent,6,3,6,2,False,255.0,255.0,9135,4007
529,has_validated_parent,6,3,6,2,False,255.0,255.0,9137,4054
530,has_validated_parent,6,3,3,1,False,255.0,255.0,9162,4062
531,has_validated_parent,6,3,3,1,False,255.0,255.0,9170,4056
532,has_validated_parent,6,3,3,1,False,255.0,255.0,9161,4027
533,has_validated_parent,6,3,6,2,False,255.0,255.0,9152,4005
534,has_validated_parent,6,3,3,1,False,255.0,255.0,9118,3981
535,has_validated_parent,6,3,3,1,False,255.0,255.0,9119,3955
536,has_validated_parent,6,3,6,1,False,255.0,255.0,9132,4001
537,has_validated_parent,6,3,6,1,False,255.0,255.0,9048,3989
538,has_validated_parent,6,3,3,1,False,255.0,255.0,8891,3878
539,has_validated_parent,6,3,3,1,False,255.0,255.0,8655,3784
540,has_validated_parent,6,3,3,1,False,255.0,255.0,8485,3722
541,has_validated_parent,6,3,3,1,False,255.0,255.0,8468,3675
542,has_validated_parent,6,3,3,1,False,255.0,255.0,8436,3708
543,has_validated_parent,6,3,3,1,False,255.0,255.0,8484,3710
544,has_validated_parent,6,3,3,1,False,255.0,255.0,8455,3701
545,has_validated_parent,6,3,3,1,False,255.0,255.0,8482,3685
546,has_validated_parent,6,3,3,1,False,255.0,255.0,8426,3660
547,has_validated_parent,6,3,3,1,False,255.0,255.0,8319,3601
548,has_validated_parent,6,3,3,1,False,255.0,255.0,8401,3662
549,has_validated_parent,6,3,6,2,False,255.0,255.0,8349,3641
550,has_validated_parent,6,3,3,1,False,255.0,255.0,8377,3624
551,has_validated_parent,6,3,3,1,False,255.0,255.0,8353,3631
552,has_validated_parent,6,3,3,1,False,255.0,255.0,8544,3694
553,has_validated_parent,6,3,3,1,False,255.0,255.0,8738,3823
554,has_validated_parent,6,3,6,1,False,255.0,255.0,8954,3913
555,has_validated_parent,6,3,3,1,False,255.0,255.0,9027,3932
556,has_validated_parent,6,3,3,1,False,255.0,255.0,9006,3911
557,has_validated_parent,6,3,3,1,False,255.0,255.0,8976,3957
558,has_validated_parent,6,3,6,1,False,255.0,255.0,9047,3967
559,has_validated_parent,6,3,6,2,False,255.0,255.0,8993,3929
560,has_validated_parent,6,3,3,1,False,255.0,255.0,9083,3976
561,has_validated_parent,6,3,6,1,False,255.0,255.0,9181,4020
562,has_validated_parent,6,3,3,1,False,255.0,255.0,9196,4017
563,has_validated_parent,6,3,3,1,False,255.0,255.0,9208,4047
564,has_validated_parent,6,3,6,1,False,255.0,255.0,9113,4033
565,has_validated_parent,6,3,6,1,False,255.0,255.0,9057,3979
566,has_validated_parent,6,3,6,1,False,255.0,255.0,8952,3952
567,has_validated_parent,6,3,6,1,False,255.0,255.0,8968,3993
568,has_validated_parent,6,3,6,1,False,255.0,255.0,8998,3925
569,has_validated_parent,6,4,12,1,False,255.0,255.0,8990,3944
570,has_validated_parent,6,3,3,1,False,255.0,255.0,8833,3941
571,has_validated_parent,6,3,3,1,False,255.0,255.0,8785,3916
572,has_validated_parent,6,3,6,2,False,255.0,255.0,8771,3864
573,has_validated_parent,6,3,3,1,False,255.0,255.0,8785,3902
574,has_validated_parent,6,3,12,2,False,255.0,255.0,8830,3913
575,has_validated_parent,6,3,3,1,False,255.0,255.0,8827,3913
576,has_validated_parent,6,3,3,1,False,255.0,255.0,8833,3882
577,has_validated_parent,6,3,3,1,False,255.0,255.0,8896,3887
578,has_validated_parent,6,3,3,1,False,255.0,255.0,8879,3904
579,has_validated_parent,6,3,6,2,False,255.0,255.0,8834,3885
580,has_validated_parent,6,3,12,3,False,255.0,255.0,8775,3858
581,has_validated_parent,6,3,6,1,False,255.0,255.0,8736,3826
582,has_validated_parent,6,3,3,1,False,255.0,255.0,8710,3816
583,has_validated_parent,6,3,3,1,False,255.0,255.0,8709,3811
584,has_validated_parent,6,3,6,2,False,255.0,255.0,8720,3833
585,has_validated_parent,6,3,6,2,False,255.0,255.0,8714,3824
586,has_validated_parent,6,3,3,1,False,255.0,255.0,8688,3811
587,has_validated_parent,6,3,6,1,False,255.0,255.0,8676,3795
588,has_validated_parent,6,3,3,1,False,255.0,255.0,8642,3802
589,has_validated_parent,6,3,3,1,False,255.0,255.0,8609,3827
590,has_validated_parent,6,3,3,1,False,255.0,255.0,8566,3816
591,has_validated_parent,6,3,6,1,False,255.0,255.0,8543,3790
592,has_validated_parent,6,3,6,1,False,255.0,255.0,8534,3735
593,has_validated_parent,6,3,3,1,False,255.0,255.0,8528,3735
594,has_validated_parent,6,3,3,1,False,255.0,255.0,8493,3725
595,has_validated_parent,6,3,6,1,False,255.0,255.0,8454,3675
596,has_validated_parent,6,3,3,1,False,255.0,255.0,8377,3648
597,has_validated_parent,6,3,3,1,False,255.0,255.0,8373,3643
598,has_validated_parent,6,3,3,1,False,255.0,255.0,8286,3621
599,has_validated_parent,6,3,6,2,False,255.0,255.0,8256,3594
600,has_validated_parent,6,3,3,1,False,255.0,255.0,8228,3582
601,has_validated_parent,6,3,3,1,False,255.0,255.0,8188,3561
602,has_validated_parent,6,3,3,1,False,255.0,255.0,8144,3536
603,has_validated_parent,6,3,3,1,False,255.0,255.0,8093,3526
604,has_validated_parent,6,3,3,1,False,255.0,255.0,8053,3518
605,has_validated_parent,6,3,3,1,False,255.0,255.0,7971,3499
606,has_validated_parent,6,3,3,1,False,255.0,255.0,7914,3436
607,has_validated_parent,6,3,3,1,False,255.0,255.0,7822,3424
608,has_validated_parent,6,3,6,2,False,255.0,255.0,7729,3386
609,has_validated_parent,6,3,3,1,False,255.0,255.0,7752,3389
610,has_validated_parent,6,3,3,1,False,255.0,255.0,7738,3389
611,has_validated_parent,6,3,3,1,False,255.0,255.0,7754,3383
612,has_validated_parent,6,3,3,1,False,255.0,255.0,7848,3439
613,has_validated_parent,6,3,3,1,False,255.0,255.0,7793,3429
614,has_validated_parent,6,3,3,1,False,255.0,255.0,7862,3441
615,has_validated_parent,6,3,3,1,False,255.0,255.0,7873,3395
616,has_validated_parent,6,3,3,1,False,255.0,255.0,7851,3456
617,has_validated_parent,6,3,3,1,False,255.0,255.0,8003,3527
618,has_validated_parent,6,3,6,2,False,255.0,255.0,8047,3547
619,has_validated_parent,6,3,3,1,False,255.0,255.0,8132,3525
620,has_validated_parent,6,3,3,1,False,255.0,255.0,8169,3569
621,has_validated_parent,6,3,3,1,False,255.0,255.0,8233,3618
622,has_validated_parent,6,3,3,1,False,255.0,255.0,8289,3606
623,has_validated_parent,6,3,6,2,False,255.0,255.0,8350,3683
624,has_validated_parent,6,3,3,1,False,255.0,255.0,8443,3678
625,has_validated_parent,6,3,3,1,False,255.0,255.0,8480,3673
626,has_validated_parent,6,3,6,2,False,255.0,255.0,8538,3765
627,has_validated_parent,6,3,6,2,False,255.0,255.0,8559,3747
628,has_validated_parent,6,3,3,1,False,255.0,255.0,8648,3785
629,has_validated_parent,6,3,3,1,False,255.0,255.0,8629,3769
630,has_validated_parent,6,3,3,1,False,255.0,255.0,8672,3796
631,has_validated_parent,6,3,6,2,False,255.0,255.0,8645,3787
632,has_validated_parent,6,3,3,1,False,255.0,255.0,8676,3807
633,has_validated_parent,6,3,6,2,False,255.0,255.0,8735,3810
634,has_validated_parent,6,3,6,2,False,255.0,255.0,8743,3791
635,has_validated_parent,6,4,21,2,False,255.0,255.0,8773,3837
636,has_validated_parent,6,3,6,2,False,255.0,255.0,8789,3823
637,has_validated_parent,6,3,3,1,False,255.0,255.0,8819,3836
638,has_validated_parent,6,3,3,1,False,255.0,255.0,8817,3845
639,has_validated_parent,6,3,3,1,False,255.0,255.0,8881,3925
640,has_validated_parent,6,3,6,2,False,255.0,255.0,8891,3979
641,has_validated_parent,6,3,3,1,False,255.0,255.0,8864,3957
642,has_validated_parent,6,3,3,1,False,255.0,255.0,8918,3946
643,has_validated_parent,6,3,3,1,False,255.0,255.0,8777,3862
644,has_validated_parent,6,3,6,2,False,255.0,255.0,8667,3790
645,has_validated_parent,6,3,3,1,False,255.0,255.0,8518,3709
646,has_validated_parent,6,3,3,1,False,255.0,255.0,8359,3633
647,has_validated_parent,6,3,3,1,False,255.0,255.0,8272,3607
648,has_validated_parent,6,3,12,4,False,255.0,255.0,8304,3621
649,has_validated_parent,6,3,3,1,False,255.0,255.0,8322,3661
650,has_validated_parent,6,3,3,1,False,255.0,255.0,8301,3638
651,has_validated_parent,6,3,3,1,False,255.0,255.0,8332,3663
652,has_validated_parent,6,3,3,1,False,255.0,255.0,8334,3716
653,has_validated_parent,6,3,3,1,False,255.0,255.0,8402,3659
654,has_validated_parent,6,3,3,1,False,255.0,255.0,8293,3646
655,has_validated_parent,6,3,3,1,False,255.0,255.0,8291,3635
656,has_validated_parent,6,3,3,1,False,255.0,255.0,8199,3636
657,has_validated_parent,6,3,3,1,False,255.0,255.0,8190,3605
658,has_validated_parent,6,3,3,1,False,255.0,255.0,8308,3657
659,has_validated_parent,6,3,3,1,False,255.0,255.0,8337,3658
660,has_validated_parent,6,3,3,1,False,255.0,255.0,8917,3934
661,has_validated_parent,6,3,3,1,False,255.0,255.0,9439,4185
662,has_validated_parent,6,3,6,1,False,255.0,255.0,9013,3907
663,has_validated_parent,6,3,6,1,False,255.0,255.0,8661,3729
664,has_validated_parent,6,3,3,1,False,255.0,255.0,8369,3593
665,has_validated_parent,6,3,6,2,False,255.0,255.0,8448,3623
666,has_validated_parent,6,3,12,2,False,255.0,255.0,8734,3809
667,has_validated_parent,6,3,6,2,False,255.0,255.0,9031,3969
668,has_validated_parent,6,3,3,1,False,255.0,255.0,8912,3925
669,has_validated_parent,6,3,6,1,False,255.0,255.0,8836,3883
670,has_validated_parent,6,3,3,1,False,255.0,255.0,9002,3928
671,has_validated_parent,6,3,6,2,False,255.0,255.0,9079,3943
672,has_validated_parent,6,3,6,2,False,255.0,255.0,9207,4008
673,has_validated_parent,6,3,6,1,False,255.0,255.0,8993,3936
674,has_validated_parent,6,3,3,1,False,255.0,255.0,9183,3999
675,has_validated_parent,6,3,6,2,False,255.0,255.0,9073,4001
676,has_validated_parent,6,3,6,2,False,255.0,255.0,9246,4043
677,has_validated_parent,6,3,3,1,False,255.0,255.0,9135,3991
678,has_validated_parent,6,3,12,2,False,255.0,255.0,9196,3998
679,has_validated_parent,6,3,6,2,False,255.0,255.0,8972,3917
680,has_validated_parent,6,3,6,2,False,255.0,255.0,8554,3709
681,has_validated_parent,6,3,6,2,False,255.0,255.0,8374,3670
682,has_validated_parent,6,3,3,1,False,255.0,255.0,8563,3719
683,has_validated_parent,6,3,12,4,False,255.0,255.0,9024,3945
684,has_validated_parent,6,3,12,2,False,255.0,255.0,9060,3993
685,has_validated_parent,6,3,6,1,False,255.0,255.0,9096,4018
686,has_validated_parent,6,3,12,4,False,255.0,255.0,9112,4011
687,has_validated_parent,6,3,12,2,False,255.0,255.0,9208,4003
688,has_validated_parent,6,3,12,2,False,255.0,255.0,9235,3960
689,has_validated_parent,6,3,3,1,False,255.0,255.0,9262,4025
690,has_validated_parent,6,3,12,2,False,255.0,255.0,9298,4044
691,has_validated_parent,6,3,6,2,False,255.0,255.0,9278,4054
692,has_validated_parent,6,3,12,3,False,255.0,255.0,9245,4037
693,has_validated_parent,6,3,6,2,False,255.0,255.0,9169,3997
694,has_validated_parent,6,3,6,2,False,255.0,255.0,9125,3987
695,has_validated_parent,6,3,3,1,False,255.0,255.0,9148,4012
696,has_validated_parent,6,3,3,1,False,255.0,255.0,9100,3957
697,has_validated_parent,6,3,6,2,False,255.0,255.0,8924,3898
698,has_validated_parent,6,3,6,1,False,255.0,255.0,8691,3808
699,has_validated_parent,6,3,3,1,False,255.0,255.0,8562,3741
700,has_validated_parent,6,3,6,2,False,255.0,255.0,8483,3657
701,has_validated_parent,6,3,6,2,False,255.0,255.0,8419,3628
702,has_validated_parent,6,3,3,1,False,255.0,255.0,8421,3664
703,has_validated_parent,6,3,3,1,False,255.0,255.0,8395,3603
704,has_validated_parent,6,3,3,1,False,255.0,255.0,8401,3612
705,has_validated_parent,6,3,3,1,False,255.0,255.0,8410,3616
706,has_validated_parent,6,3,6,2,False,255.0,255.0,8390,3625
707,has_validated_parent,6,3,3,1,False,255.0,255.0,8363,3603
708,has_validated_parent,6,3,3,1,False,255.0,255.0,8334,3625
709,has_validated_parent,6,3,6,2,False,255.0,255.0,8436,3638
710,has_validated_parent,6,3,3,1,False,255.0,255.0,8403,3617
711,has_validated_parent,6,3,3,1,False,255.0,255.0,8372,3654
712,has_validated_parent,6,3,3,1,False,255.0,255.0,8349,3636
713,has_validated_parent,6,3,3,1,False,255.0,255.0,8456,3660
714,has_validated_parent,6,3,3,1,False,255.0,255.0,8449,3670
715,has_validated_parent,6,3,6,1,False,255.0,255.0,8532,3676
716,has_validated_parent,6,3,3,1,False,255.0,255.0,8558,3718
717,has_validated_parent,6,3,6,2,False,255.0,255.0,8442,3614
718,has_validated_parent,6,3,3,1,False,255.0,255.0,8513,3687
719,has_validated_parent,6,3,3,1,False,255.0,255.0,8383,3623
720,has_validated_parent,6,3,6,2,False,255.0,255.0,8417,3649
721,has_validated_parent,6,3,3,1,False,255.0,255.0,8494,3669
722,has_validated_parent,6,3,6,2,False,255.0,255.0,8452,3664
723,has_validated_parent,6,3,3,1,False,255.0,255.0,8506,3679
724,has_validated_parent,6,3,6,2,False,255.0,255.0,8452,3675
725,has_validated_parent,6,3,3,1,False,255.0,255.0,8439,3683
726,has_validated_parent,6,3,6,2,False,255.0,255.0,8416,3657
727,has_validated_parent,6,3,3,1,False,255.0,255.0,8426,3686
728,has_validated_parent,6,3,6,2,False,255.0,255.0,8436,3658
729,has_validated_parent,6,3,3,1,False,255.0,255.0,8465,3654
730,has_validated_parent,6,3,3,1,False,255.0,255.0,8491,3664
731,has_validated_parent,6,3,3,1,False,255.0,255.0,8443,3673
732,has_validated_parent,6,3,3,1,False,255.0,255.0,8422,3645
733,has_validated_parent,6,3,6,2,False,255.0,255.0,8408,3628
734,has_validated_parent,6,3,3,1,False,255.0,255.0,8416,3656
735,has_validated_parent,6,3,3,1,False,255.0,255.0,8428,3646
736,has_validated_parent,6,3,3,1,False,255.0,255.0,8394,3631
737,has_validated_parent,6,3,6,1,False,255.0,255.0,8401,3620
738,has_validated_parent,6,3,3,1,False,255.0,255.0,8410,3647
739,has_validated_parent,6,3,3,1,False,255.0,255.0,8399,3641
740,has_validated_parent,6,3,3,1,False,255.0,255.0,8399,3639
741,has_validated_parent,6,3,3,1,False,255.0,255.0,8387,3617
742,has_validated_parent,6,3,3,1,False,255.0,255.0,8403,3614
743,has_validated_parent,6,3,6,1,False,255.0,255.0,8368,3591
744,has_validated_parent,6,3,3,1,False,255.0,255.0,8385,3611
745,has_validated_parent,6,3,3,1,False,255.0,255.0,8397,3639
746,has_validated_parent,6,3,6,2,False,255.0,255.0,8359,3633
747,has_validated_parent,6,3,3,1,False,255.0,255.0,8392,3608
748,has_validated_parent,6,3,3,1,False,255.0,255.0,8368,3592
749,has_validated_parent,6,3,3,1,False,255.0,255.0,8362,3597
750,has_validated_parent,6,3,3,1,False,255.0,255.0,8379,3602
751,has_validated_parent,6,3,6,2,False,255.0,255.0,8367,3647
752,has_validated_parent,6,3,6,2,False,255.0,255.0,8383,3641
753,has_validated_parent,6,3,3,1,False,255.0,255.0,8520,3685
754,has_validated_parent,6,3,3,1,False,255.0,255.0,8582,3707
755,has_validated_parent,6,3,6,2,False,255.0,255.0,8656,3758
756,has_validated_parent,6,3,3,1,False,255.0,255.0,8715,3770
757,has_validated_parent,6,3,6,2,False,255.0,255.0,8735,3803
758,has_validated_parent,6,3,3,1,False,255.0,255.0,8806,3827
759,has_validated_parent,6,3,3,1,False,255.0,255.0,8853,3841
760,has_validated_parent,6,3,3,1,False,255.0,255.0,8907,3893
761,has_validated_parent,6,3,6,2,False,255.0,255.0,8996,3924
762,has_validated_parent,6,3,3,1,False,255.0,255.0,9058,3954
763,has_validated_parent,6,3,3,1,False,255.0,255.0,9149,4021
764,has_validated_parent,6,3,3,1,False,255.0,255.0,9168,3981
765,has_validated_parent,6,3,6,2,False,255.0,255.0,9190,3988
766,has_validated_parent,6,3,6,2,False,255.0,255.0,9141,3991
767,has_validated_parent,6,3,12,4,False,255.0,255.0,9144,4000
768,has_validated_parent,6,3,3,1,False,255.0,255.0,9139,3996
769,has_validated_parent,6,3,6,2,False,255.0,255.0,9159,4032
770,has_validated_parent,6,3,3,1,False,255.0,255.0,9110,3989
771,has_validated_parent,6,3,12,3,False,255.0,255.0,9173,4015
772,has_validated_parent,6,3,12,4,False,255.0,255.0,9176,4003
773,has_validated_parent,6,3,3,1,False,255.0,255.0,9159,3998
774,has_validated_parent,6,3,6,2,False,255.0,255.0,9154,3999
775,has_validated_parent,6,3,3,1,False,255.0,255.0,9151,4007
776,has_validated_parent,6,3,3,1,False,255.0,255.0,9134,4000
777,has_validated_parent,6,3,6,1,False,255.0,255.0,9177,4015
778,has_validated_parent,6,3,6,1,False,255.0,255.0,9130,3974
779,has_validated_parent,6,3,3,1,False,255.0,255.0,9121,3977
780,has_validated_parent,6,3,6,2,False,255.0,255.0,9049,3970
781,has_validated_parent,6,3,6,2,False,255.0,255.0,9070,3981
782,has_validated_parent,6,3,3,1,False,255.0,255.0,9055,3971
783,has_validated_parent,6,3,6,2,False,255.0,255.0,9116,3972
784,has_validated_parent,6,3,6,1,False,255.0,255.0,9130,3971
785,has_validated_parent,6,3,3,1,False,255.0,255.0,9129,3992
786,has_validated_parent,6,3,3,1,False,255.0,255.0,9142,3988
787,has_validated_parent,6,3,3,1,False,255.0,255.0,9088,3973
788,has_validated_parent,6,3,3,1,False,255.0,255.0,9070,3979
789,has_validated_parent,6,3,3,1,False,255.0,255.0,9041,3959
790,has_validated_parent,6,3,6,2,False,255.0,255.0,8971,3900
791,has_validated_parent,6,3,3,1,False,255.0,255.0,8956,3885
792,has_validated_parent,6,3,3,1,False,255.0,255.0,8899,3897
793,has_validated_parent,6,3,6,2,False,255.0,255.0,8854,3872
794,has_validated_parent,6,3,3,1,False,255.0,255.0,8844,3918
795,has_validated_parent,6,3,3,1,False,255.0,255.0,8767,3862
796,has_validated_parent,6,3,3,1,False,255.0,255.0,8722,3838
797,has_validated_parent,6,3,3,1,False,255.0,255.0,8731,3809
798,has_validated_parent,6,3,6,2,False,255.0,255.0,8690,3791
799,has_validated_parent,6,3,6,2,False,255.0,255.0,8700,3772
800,has_validated_parent,6,3,12,3,False,255.0,255.0,8631,3734
801,has_validated_parent,6,3,6,2,False,255.0,255.0,8398,3665
802,has_validated_parent,6,3,6,2,False,255.0,255.0,7569,3297
803,fewer_than_three_L_observations,6,2,0,0,False,255.0,255.0,6721,2926
804,fewer_than_three_L_observations,6,1,0,0,False,255.0,255.0,6014,2605
805,fewer_than_three_L_observations,6,1,0,0,False,255.0,255.0,5689,2476
806,fewer_than_three_L_observations,6,1,0,0,False,255.0,255.0,5508,2408
807,fewer_than_three_L_observations,6,1,0,0,False,255.0,255.0,5306,2315
808,fewer_than_three_L_observations,6,1,0,0,False,255.0,255.0,5091,2227
809,fewer_than_three_L_observations,6,1,0,0,False,255.0,255.0,4929,2161
810,fewer_than_three_L_observations,6,1,0,0,False,255.0,255.0,4766,2104
811,fewer_than_three_L_observations,6,1,0,0,False,255.0,255.0,4636,2015
812,fewer_than_three_L_observations,6,1,0,0,False,255.0,255.0,4532,1998
813,fewer_than_three_L_observations,6,1,0,0,False,255.0,255.0,4390,1913
814,fewer_than_three_L_observations,6,1,0,0,False,255.0,255.0,4316,1894
815,fewer_than_three_L_observations,6,1,0,0,False,255.0,255.0,4191,1832
816,fewer_than_three_L_observations,6,1,0,0,False,255.0,255.0,4107,1812
817,fewer_than_three_L_observations,6,2,0,0,False,255.0,255.0,4030,1768
818,fewer_than_three_L_observations,6,1,0,0,False,255.0,255.0,3952,1711
819,fewer_than_three_L_observations,5,1,0,0,False,255.0,255.0,3893,1710
820,fewer_than_three_L_observations,5,1,0,0,False,255.0,255.0,3861,1687
821,fewer_than_three_L_observations,5,1,0,0,False,255.0,255.0,3839,1677
822,fewer_than_three_L_observations,4,1,0,0,False,255.0,255.0,3839,1649
823,fewer_than_three_L_observations,4,1,0,0,False,255.0,255.0,3790,1666
824,fewer_than_three_L_observations,4,1,0,0,False,255.0,255.0,3803,1672
825,fewer_than_three_L_observations,4,1,0,0,False,255.0,255.0,3802,1676
826,fewer_than_three_L_observations,4,1,0,0,False,255.0,255.0,3806,1656
827,fewer_than_three_L_observations,4,1,0,0,False,255.0,255.0,3808,1648
828,fewer_than_three_L_observations,4,1,0,0,False,255.0,255.0,3818,1650
829,fewer_than_three_L_observations,4,1,0,0,False,255.0,255.0,3795,1656
830,fewer_than_three_L_observations,4,1,0,0,False,255.0,255.0,3790,1666
831,fewer_than_three_L_observations,4,1,0,0,False,255.0,255.0,3800,1669
832,fewer_than_three_L_observations,4,1,0,0,False,255.0,255.0,3816,1661
833,fewer_than_three_L_observations,4,1,0,0,False,255.0,255.0,3795,1664
834,fewer_than_three_L_observations,4,1,0,0,False,255.0,255.0,3792,1658
835,fewer_than_three_L_observations,4,1,0,0,False,255.0,255.0,3788,1657
836,fewer_than_three_L_observations,4,2,0,0,False,255.0,255.0,3780,1662
837,fewer_than_three_L_observations,4,2,0,0,False,255.0,255.0,3789,1666
838,fewer_than_three_L_observations,4,2,0,0,False,255.0,255.0,3792,1665
839,fewer_than_three_L_observations,4,2,0,0,False,255.0,255.0,3791,1665
840,fewer_than_three_L_observations,4,1,0,0,False,255.0,255.0,3795,1670
841,fewer_than_three_L_observations,4,2,0,0,False,255.0,255.0,3796,1669
842,fewer_than_three_L_observations,4,2,0,0,False,255.0,255.0,3793,1670
843,fewer_than_three_L_observations,4,2,0,0,False,255.0,255.0,3789,1667
844,fewer_than_three_L_observations,4,1,0,0,False,255.0,255.0,3793,1664
845,fewer_than_three_L_observations,4,1,0,0,False,255.0,255.0,3784,1659
846,fewer_than_three_L_observations,4,1,0,0,False,255.0,255.0,3784,1661
847,fewer_than_three_L_observations,4,1,0,0,False,255.0,255.0,3795,1661
848,fewer_than_three_L_observations,4,1,0,0,False,255.0,255.0,3797,1662
849,fewer_than_three_L_observations,4,1,0,0,False,255.0,255.0,3795,1662
850,fewer_than_three_L_observations,4,1,0,0,False,255.0,255.0,3797,1662
851,fewer_than_three_L_observations,4,1,0,0,False,255.0,255.0,3797,1662
852,fewer_than_three_L_observations,4,1,0,0,False,255.0,255.0,3797,1662
853,fewer_than_three_L_observations,4,1,0,0,False,255.0,255.0,3800,1664
854,fewer_than_three_L_observations,4,1,0,0,False,255.0,255.0,3795,1670
855,fewer_than_three_L_observations,4,1,0,0,False,255.0,255.0,3798,1663
856,fewer_than_three_L_observations,4,1,0,0,False,255.0,255.0,3786,1665
857,fewer_than_three_L_observations,4,1,0,0,False,255.0,255.0,3827,1653
858,fewer_than_three_L_observations,4,1,0,0,False,255.0,255.0,3870,1683
859,fewer_than_three_L_observations,4,1,0,0,False,255.0,255.0,3898,1700
860,fewer_than_three_L_observations,4,1,0,0,False,255.0,255.0,3950,1728
861,fewer_than_three_L_observations,4,1,0,0,False,255.0,255.0,3948,1713
862,fewer_than_three_L_observations,4,1,0,0,False,255.0,255.0,3922,1698
863,fewer_than_three_L_observations,4,1,0,0,False,255.0,255.0,3749,1647
864,fewer_than_three_L_observations,4,1,0,0,False,255.0,255.0,3423,1489
865,fewer_than_three_L_observations,3,1,0,0,False,255.0,255.0,3128,1380
866,fewer_than_three_L_observations,3,0,0,0,False,255.0,255.0,2961,1310
867,fewer_than_three_L_observations,3,0,0,0,False,255.0,255.0,2636,1156
868,fewer_than_three_L_observations,3,0,0,0,False,255.0,255.0,1553,686
869,fewer_than_three_L_observations,2,0,0,0,False,255.0,254.0,165,70
870,no_white_components,0,0,0,0,False,150.0,145.0,0,0
871,no_white_components,0,0,0,0,False,145.0,140.0,0,0
872,no_white_components,0,0,0,0,False,143.0,142.0,0,0
873,no_white_components,0,0,0,0,False,137.0,136.0,0,0
874,no_white_components,0,0,0,0,False,138.0,137.0,0,0
875,no_white_components,0,0,0,0,False,137.0,136.0,0,0
876,no_white_components,0,0,0,0,False,136.0,133.0,0,0
877,no_white_components,0,0,0,0,False,136.0,133.0,0,0
878,no_white_components,0,0,0,0,False,136.0,132.0,0,0
879,no_white_components,0,0,0,0,False,136.0,132.0,0,0
880,no_white_components,0,0,0,0,False,136.0,130.0,0,0
881,no_white_components,0,0,0,0,False,136.0,130.0,0,0
882,no_white_components,0,0,0,0,False,136.0,130.0,0,0
883,no_white_components,0,0,0,0,False,136.0,130.0,0,0
884,no_white_components,0,0,0,0,False,133.0,127.0,0,0
885,no_white_components,0,0,0,0,False,136.0,128.0,0,0
886,no_white_components,0,0,0,0,False,133.0,127.0,0,0
887,no_white_components,0,0,0,0,False,136.0,129.0,0,0
888,no_white_components,0,0,0,0,False,136.0,129.0,0,0
889,no_white_components,0,0,0,0,False,136.0,129.0,0,0
890,no_white_components,0,0,0,0,False,136.0,129.0,0,0
891,no_white_components,0,0,0,0,False,136.0,129.0,0,0
892,no_white_components,0,0,0,0,False,136.0,129.0,0,0
893,no_white_components,0,0,0,0,False,136.0,129.0,0,0
894,no_white_components,0,0,0,0,False,136.0,129.0,0,0
895,no_white_components,0,0,0,0,False,134.0,130.0,0,0
896,no_white_components,0,0,0,0,False,134.0,129.0,0,0
897,no_white_components,0,0,0,0,False,135.0,129.0,0,0
898,no_white_components,0,0,0,0,False,135.0,130.0,0,0
899,no_white_components,0,0,0,0,False,136.0,130.0,0,0
900,no_white_components,0,0,0,0,False,136.0,130.0,0,0
901,no_white_components,0,0,0,0,False,136.0,130.0,0,0
902,no_white_components,0,0,0,0,False,136.0,130.0,0,0
903,no_white_components,0,0,0,0,False,136.0,130.0,0,0
904,no_white_components,0,0,0,0,False,135.0,130.0,0,0
905,no_white_components,0,0,0,0,False,135.0,130.0,0,0
906,no_white_components,0,0,0,0,False,135.0,130.0,0,0
907,no_white_components,0,0,0,0,False,135.0,130.0,0,0
908,no_white_components,0,0,0,0,False,136.0,131.0,0,0
909,no_white_components,0,0,0,0,False,136.0,131.0,0,0
910,no_white_components,0,0,0,0,False,136.0,129.0,0,0
911,no_white_components,0,0,0,0,False,136.0,129.0,0,0
912,no_white_components,0,0,0,0,False,136.0,129.0,0,0
913,no_white_components,0,0,0,0,False,136.0,129.0,0,0
914,no_white_components,0,0,0,0,False,136.0,130.0,0,0
915,no_white_components,0,0,0,0,False,137.0,130.0,0,0
916,no_white_components,0,0,0,0,False,135.0,129.0,0,0
917,no_white_components,0,0,0,0,False,135.0,129.0,0,0
918,no_white_components,0,0,0,0,False,135.0,129.0,0,0
919,no_white_components,0,0,0,0,False,134.0,128.0,0,0
920,no_white_components,0,0,0,0,False,135.0,129.0,0,0
921,no_white_components,0,0,0,0,False,135.0,129.0,0,0
922,no_white_components,0,0,0,0,False,135.0,128.0,0,0
923,no_white_components,0,0,0,0,False,135.0,128.0,0,0
924,no_white_components,0,0,0,0,False,136.0,128.0,0,0
925,no_white_components,0,0,0,0,False,135.0,128.0,0,0
926,no_white_components,0,0,0,0,False,132.0,128.0,0,0
927,no_white_components,0,0,0,0,False,134.0,129.0,0,0
928,no_white_components,0,0,0,0,False,134.0,129.0,0,0
929,no_white_components,0,0,0,0,False,135.0,129.0,0,0
930,no_white_components,0,0,0,0,False,136.0,129.0,0,0
931,no_white_components,0,0,0,0,False,134.0,128.0,0,0
932,no_white_components,0,0,0,0,False,134.0,128.0,0,0
933,no_white_components,0,0,0,0,False,134.0,128.0,0,0
934,no_white_components,0,0,0,0,False,134.0,127.0,0,0
935,no_white_components,0,0,0,0,False,134.0,127.0,0,0
936,no_white_components,0,0,0,0,False,134.0,127.0,0,0
937,no_white_components,0,0,0,0,False,134.0,128.0,0,0
938,no_white_components,0,0,0,0,False,134.0,128.0,0,0
939,no_white_components,0,0,0,0,False,137.0,130.0,0,0
940,no_white_components,0,0,0,0,False,137.0,130.0,0,0
941,no_white_components,0,0,0,0,False,137.0,128.0,0,0
942,no_white_components,0,0,0,0,False,137.0,128.0,0,0
943,no_white_components,0,0,0,0,False,139.0,130.0,0,0
944,no_white_components,0,0,0,0,False,136.0,129.0,0,0
945,no_white_components,0,0,0,0,False,136.0,131.0,0,0
946,no_white_components,0,0,0,0,False,136.0,135.0,0,0
947,no_white_components,0,0,0,0,False,142.0,138.0,0,0
948,no_white_components,0,0,0,0,False,142.0,138.0,0,0
949,no_white_components,0,0,0,0,False,137.0,135.0,0,0
950,no_white_components,0,0,0,0,False,142.0,138.0,0,0
951,no_white_components,0,0,0,0,False,144.0,142.0,0,0
952,no_white_components,0,0,0,0,False,144.0,143.0,0,0
953,no_white_components,0,0,0,0,False,146.0,143.0,0,0
954,fewer_than_three_L_observations,3,0,0,0,False,229.0,218.0,17,6
955,fewer_than_three_L_observations,3,0,0,0,False,255.0,255.0,1101,471
956,fewer_than_three_L_observations,3,0,0,0,False,255.0,255.0,2423,1051
957,fewer_than_three_L_observations,3,0,0,0,False,255.0,255.0,2901,1262
958,fewer_than_three_L_observations,3,1,0,0,False,255.0,255.0,3082,1342
959,fewer_than_three_L_observations,4,1,0,0,False,255.0,255.0,3369,1477
960,fewer_than_three_L_observations,4,1,0,0,False,255.0,255.0,3823,1677
961,fewer_than_three_L_observations,4,1,0,0,False,255.0,255.0,3989,1780
962,fewer_than_three_L_observations,4,2,0,0,False,255.0,255.0,4011,1786
963,fewer_than_three_L_observations,4,1,0,0,False,255.0,255.0,4063,1782
964,fewer_than_three_L_observations,4,1,0,0,False,255.0,255.0,4051,1777
965,fewer_than_three_L_observations,5,1,0,0,False,255.0,255.0,4165,1819
966,fewer_than_three_L_observations,6,1,0,0,False,255.0,255.0,4577,2018
967,fewer_than_three_L_observations,6,1,0,0,False,255.0,255.0,5000,2206
968,fewer_than_three_L_observations,6,1,0,0,False,255.0,255.0,5432,2381
969,fewer_than_three_L_observations,6,1,0,0,False,255.0,255.0,5923,2571
970,fewer_than_three_L_observations,6,2,0,0,False,255.0,255.0,7074,3083
971,has_validated_parent,6,3,6,2,False,255.0,255.0,8650,3802
972,has_validated_parent,6,3,3,1,False,255.0,255.0,8994,3953
973,has_validated_parent,6,3,3,1,False,255.0,255.0,9038,3977
974,has_validated_parent,6,3,3,1,False,255.0,255.0,9046,3989
975,has_validated_parent,6,3,12,4,False,255.0,255.0,9001,3956
976,has_validated_parent,6,3,6,1,False,255.0,255.0,8990,3946
977,has_validated_parent,6,3,6,2,False,255.0,255.0,9036,3961
978,has_validated_parent,6,3,6,2,False,255.0,255.0,9080,3969
979,has_validated_parent,6,3,6,2,False,255.0,255.0,9094,3964
980,has_validated_parent,6,4,12,1,False,255.0,255.0,9130,3981
981,has_validated_parent,6,3,3,1,False,255.0,255.0,9125,3979
982,has_validated_parent,6,3,3,1,False,255.0,255.0,9147,4007
983,has_validated_parent,6,3,6,2,False,255.0,255.0,9173,4043
984,has_validated_parent,6,3,3,1,False,255.0,255.0,9158,4060
985,has_validated_parent,6,3,3,1,False,255.0,255.0,9144,4014
986,has_validated_parent,6,3,3,1,False,255.0,255.0,9149,3999
987,has_validated_parent,6,3,3,1,False,255.0,255.0,9106,3973
988,has_validated_parent,6,3,6,2,False,255.0,255.0,9129,3985
989,has_validated_parent,6,3,24,5,False,255.0,255.0,9162,3989
990,has_validated_parent,6,3,6,2,False,255.0,255.0,9193,4008
991,has_validated_parent,6,3,6,2,False,255.0,255.0,9178,4003
992,has_validated_parent,6,3,6,1,False,255.0,255.0,9185,4002
993,has_validated_parent,6,3,6,1,False,255.0,255.0,9236,4035
994,has_validated_parent,6,3,3,1,False,255.0,255.0,9232,4029
995,has_validated_parent,6,3,3,1,False,255.0,255.0,9189,4013
996,has_validated_parent,6,3,3,1,False,255.0,255.0,9211,4040
997,has_validated_parent,6,3,6,2,False,255.0,255.0,9214,4016
998,has_validated_parent,6,3,3,1,False,255.0,255.0,9132,4013
999,has_validated_parent,6,3,12,4,False,255.0,255.0,9186,3996
1000,has_validated_parent,6,3,12,2,False,255.0,255.0,9132,3986
1001,has_validated_parent,6,3,6,1,False,255.0,255.0,9170,4002
1002,has_validated_parent,6,3,6,2,False,255.0,255.0,9234,4051
1003,has_validated_parent,6,3,6,2,False,255.0,255.0,9212,4046
1004,has_validated_parent,6,3,3,1,False,255.0,255.0,9200,4038
1005,has_validated_parent,6,3,3,1,False,255.0,255.0,9231,4042
1006,has_validated_parent,6,3,6,2,False,255.0,255.0,9172,4005
1007,has_validated_parent,6,3,6,2,False,255.0,255.0,9158,3979
1008,has_validated_parent,6,3,12,3,False,255.0,255.0,9162,3970
1009,has_validated_parent,6,3,6,2,False,255.0,255.0,9133,4011
1010,has_validated_parent,6,3,3,1,False,255.0,255.0,9221,4052
1011,has_validated_parent,6,3,3,1,False,255.0,255.0,9221,4052
1012,has_validated_parent,6,3,3,1,False,255.0,255.0,9185,4027
1013,has_validated_parent,6,3,3,1,False,255.0,255.0,9203,4022
1014,has_validated_parent,6,3,3,1,False,255.0,255.0,9174,4004
1015,has_validated_parent,6,3,6,2,False,255.0,255.0,9167,3961
1016,has_validated_parent,6,3,12,3,False,255.0,255.0,9164,4003
1017,has_validated_parent,6,3,6,1,False,255.0,255.0,9113,3999
1018,has_validated_parent,6,3,3,1,False,255.0,255.0,9159,4030
1019,has_validated_parent,6,3,3,1,False,255.0,255.0,9210,4021
1020,has_validated_parent,6,3,6,2,False,255.0,255.0,9175,4027
1021,has_validated_parent,6,3,3,1,False,255.0,255.0,9166,3986
1022,has_validated_parent,6,3,6,1,False,255.0,255.0,9160,3986
1023,has_validated_parent,6,3,6,2,False,255.0,255.0,9144,3984
1024,has_validated_parent,6,3,12,3,False,255.0,255.0,9063,3962
1025,has_validated_parent,6,3,6,2,False,255.0,255.0,9126,4008
1026,has_validated_parent,6,3,6,2,False,255.0,255.0,9098,4012
1027,has_validated_parent,6,3,6,2,False,255.0,255.0,9122,3993
1028,has_validated_parent,6,3,3,1,False,255.0,255.0,9120,4005
1029,has_validated_parent,6,3,3,1,False,255.0,255.0,9055,3940
1030,has_validated_parent,6,3,3,1,False,255.0,255.0,9095,3928
1031,has_validated_parent,6,3,6,2,False,255.0,255.0,9040,3921
1032,has_validated_parent,6,3,6,2,False,255.0,255.0,9029,3933
1033,has_validated_parent,6,3,3,1,False,255.0,255.0,9055,3994
1034,has_validated_parent,6,3,3,1,False,255.0,255.0,8980,3947
1035,has_validated_parent,6,3,6,2,False,255.0,255.0,9013,3950
1036,has_validated_parent,6,3,3,1,False,255.0,255.0,8966,3912
1037,has_validated_parent,6,3,6,2,False,255.0,255.0,8994,3918
1038,has_validated_parent,6,3,3,1,False,255.0,255.0,8952,3938
1039,has_validated_parent,6,3,3,1,False,255.0,255.0,9009,3953
1040,has_validated_parent,6,3,6,2,False,255.0,255.0,8967,3948
1041,has_validated_parent,6,3,6,2,False,255.0,255.0,8919,3899
1042,has_validated_parent,6,3,3,1,False,255.0,255.0,8861,3869
1043,has_validated_parent,6,3,12,4,False,255.0,255.0,8895,3851
1044,has_validated_parent,6,3,6,1,False,255.0,255.0,8912,3871
1045,has_validated_parent,6,3,6,2,False,255.0,255.0,8937,3897
1046,has_validated_parent,6,3,6,2,False,255.0,255.0,8902,3910
1047,has_validated_parent,6,3,6,2,False,255.0,255.0,8856,3858
1048,has_validated_parent,6,3,6,2,False,255.0,255.0,8905,3846
1049,has_validated_parent,6,3,6,1,False,255.0,255.0,8842,3828
1050,has_validated_parent,6,3,6,1,False,255.0,255.0,8793,3881
1051,has_validated_parent,6,3,6,2,False,255.0,255.0,8783,3888
1052,has_validated_parent,6,3,6,2,False,255.0,255.0,8801,3870
1053,has_validated_parent,6,3,6,2,False,255.0,255.0,8842,3845
1054,has_validated_parent,6,3,6,2,False,255.0,255.0,8830,3810
1055,has_validated_parent,6,3,6,1,False,255.0,255.0,8814,3811
1056,has_validated_parent,6,3,3,1,False,255.0,255.0,8736,3828
1057,has_validated_parent,6,3,3,1,False,255.0,255.0,8759,3856
1058,has_validated_parent,6,3,3,1,False,255.0,255.0,8699,3824
1059,has_validated_parent,6,3,6,2,False,255.0,255.0,8689,3821
1060,has_validated_parent,6,3,6,2,False,255.0,255.0,8665,3780
1061,has_validated_parent,6,3,6,1,False,255.0,255.0,8615,3764
1062,has_validated_parent,6,3,3,1,False,255.0,255.0,8600,3776
1063,has_validated_parent,6,3,3,1,False,255.0,255.0,8430,3698
1064,has_validated_parent,6,3,6,2,False,255.0,255.0,8287,3619
1065,has_validated_parent,6,3,3,1,False,255.0,255.0,8200,3561
1066,has_validated_parent,6,3,3,1,False,255.0,255.0,8144,3544
1067,has_validated_parent,6,4,12,1,False,255.0,255.0,8049,3484
1068,has_validated_parent,6,3,3,1,False,255.0,255.0,8147,3546
1069,has_validated_parent,6,3,6,2,False,255.0,255.0,8134,3541
1070,has_validated_parent,6,3,3,1,False,255.0,255.0,8096,3560
1071,has_validated_parent,6,3,6,2,False,255.0,255.0,8052,3506
1072,has_validated_parent,6,3,3,1,False,255.0,255.0,8049,3530
1073,has_validated_parent,6,3,3,1,False,255.0,255.0,7980,3436
1074,has_validated_parent,6,3,3,1,False,255.0,255.0,7943,3426
1075,has_validated_parent,6,3,3,1,False,255.0,255.0,7918,3472
1076,has_validated_parent,6,3,3,1,False,255.0,255.0,7895,3434
1077,has_validated_parent,6,3,3,1,False,255.0,255.0,7968,3439
1078,has_validated_parent,6,4,12,1,False,255.0,255.0,7903,3420
1079,has_validated_parent,6,3,3,1,False,255.0,255.0,7901,3433
1080,has_validated_parent,6,3,3,1,False,255.0,255.0,7865,3432
1081,has_validated_parent,6,3,3,1,False,255.0,255.0,7825,3391
1082,has_validated_parent,6,3,3,1,False,255.0,255.0,7808,3418
1083,has_validated_parent,6,3,6,2,False,255.0,255.0,7787,3399
1084,has_validated_parent,6,3,3,1,False,255.0,255.0,7884,3397
1085,has_validated_parent,6,3,3,1,False,255.0,255.0,7936,3460
1086,has_validated_parent,6,3,3,1,False,255.0,255.0,7958,3466
1087,has_validated_parent,6,3,3,1,False,255.0,255.0,8007,3485
1088,has_validated_parent,6,3,3,1,False,255.0,255.0,8018,3493
1089,has_validated_parent,6,3,6,2,False,255.0,255.0,8086,3554
1090,has_validated_parent,6,3,3,1,False,255.0,255.0,8140,3564
1091,has_validated_parent,6,3,12,4,False,255.0,255.0,8165,3627
1092,has_validated_parent,6,3,3,1,False,255.0,255.0,8282,3644
1093,has_validated_parent,6,3,6,2,False,255.0,255.0,8274,3637
1094,has_validated_parent,6,3,3,1,False,255.0,255.0,8475,3710
1095,has_validated_parent,6,3,3,1,False,255.0,255.0,8463,3673
1096,has_validated_parent,6,3,3,1,False,255.0,255.0,8484,3712
1097,has_validated_parent,6,3,6,2,False,255.0,255.0,8550,3737
1098,has_validated_parent,6,3,3,1,False,255.0,255.0,8602,3747
1099,has_validated_parent,6,3,3,1,False,255.0,255.0,8568,3771
1100,has_validated_parent,6,3,6,1,False,255.0,255.0,8686,3800
1101,has_validated_parent,6,3,6,2,False,255.0,255.0,8677,3807
1102,has_validated_parent,6,3,6,2,False,255.0,255.0,8669,3815
1103,has_validated_parent,6,3,3,1,False,255.0,255.0,8761,3842
1104,has_validated_parent,6,3,3,1,False,255.0,255.0,8676,3808
1105,has_validated_parent,6,3,6,1,False,255.0,255.0,8838,3822
1106,has_validated_parent,6,3,6,2,False,255.0,255.0,8809,3805
1107,has_validated_parent,6,3,6,2,False,255.0,255.0,8843,3859
1108,has_validated_parent,6,3,6,2,False,255.0,255.0,8777,3848
1109,has_validated_parent,6,3,6,2,False,255.0,255.0,8765,3901
1110,has_validated_parent,6,3,6,1,False,255.0,255.0,8758,3851
1111,has_validated_parent,6,3,6,2,False,255.0,255.0,8759,3809
1112,has_validated_parent,6,3,6,1,False,255.0,255.0,8866,3842
1113,has_validated_parent,6,3,6,2,False,255.0,255.0,8855,3888
1114,has_validated_parent,6,3,3,1,False,255.0,255.0,8900,3891
1115,has_validated_parent,6,3,3,1,False,255.0,255.0,8923,3879
1116,has_validated_parent,6,3,24,8,False,255.0,255.0,8944,3838
1117,has_validated_parent,6,3,3,1,False,255.0,255.0,8969,3867
1118,has_validated_parent,6,3,3,1,False,255.0,255.0,8868,3882
1119,has_validated_parent,6,3,3,1,False,255.0,255.0,8930,3924
1120,has_validated_parent,6,3,3,1,False,255.0,255.0,8960,3927
1121,has_validated_parent,6,3,6,2,False,255.0,255.0,8945,3901
1122,has_validated_parent,6,3,3,1,False,255.0,255.0,8932,3863
1123,has_validated_parent,6,3,3,1,False,255.0,255.0,8967,3931
1124,has_validated_parent,6,3,3,1,False,255.0,255.0,8956,3974
1125,has_validated_parent,6,3,3,1,False,255.0,255.0,8985,3967
1126,has_validated_parent,6,3,3,1,False,255.0,255.0,8968,3904
1127,has_validated_parent,6,3,3,1,False,255.0,255.0,9027,3893
1128,has_validated_parent,6,3,6,2,False,255.0,255.0,9009,3921
1129,has_validated_parent,6,3,6,2,False,255.0,255.0,9050,3956
1130,has_validated_parent,6,3,3,1,False,255.0,255.0,9022,3942
1131,has_validated_parent,6,3,3,1,False,255.0,255.0,9058,3950
1132,has_validated_parent,6,3,6,2,False,255.0,255.0,9020,3921
1133,has_validated_parent,6,3,3,1,False,255.0,255.0,9025,3924
1134,has_validated_parent,6,3,6,2,False,255.0,255.0,9097,3981
1135,has_validated_parent,6,3,6,2,False,255.0,255.0,9053,3974
1136,has_validated_parent,6,3,12,2,False,255.0,255.0,9142,4002
1137,has_validated_parent,6,3,12,2,False,255.0,255.0,9045,3952
1138,has_validated_parent,6,3,12,4,False,255.0,255.0,9099,3981
1139,has_validated_parent,6,3,3,1,False,255.0,255.0,9089,3970
1140,has_validated_parent,6,3,3,1,False,255.0,255.0,9127,3998
1141,has_validated_parent,6,3,6,2,False,255.0,255.0,9100,3990
1142,has_validated_parent,6,3,6,2,False,255.0,255.0,9171,4008
1143,has_validated_parent,6,3,6,1,False,255.0,255.0,9138,3981
1144,has_validated_parent,6,3,3,1,False,255.0,255.0,9121,3986
1145,has_validated_parent,6,3,6,2,False,255.0,255.0,9124,3979
1146,has_validated_parent,6,3,3,1,False,255.0,255.0,9123,3966
1147,has_validated_parent,6,3,3,1,False,255.0,255.0,9107,3983
1148,has_validated_parent,6,3,3,1,False,255.0,255.0,9028,3993
1149,has_validated_parent,6,3,6,1,False,255.0,255.0,8747,3824
1150,has_validated_parent,6,3,6,2,False,255.0,255.0,8630,3780
1151,has_validated_parent,6,3,12,4,False,255.0,255.0,8543,3720
1152,has_validated_parent,6,3,6,2,False,255.0,255.0,8536,3686
1153,has_validated_parent,6,3,3,1,False,255.0,255.0,8463,3648
1154,has_validated_parent,6,3,6,1,False,255.0,255.0,8577,3711
1155,has_validated_parent,6,3,6,2,False,255.0,255.0,8557,3713
1156,has_validated_parent,6,3,3,1,False,255.0,255.0,8516,3684
1157,has_validated_parent,6,3,6,2,False,255.0,255.0,8444,3647
1158,has_validated_parent,6,3,6,2,False,255.0,255.0,8455,3673
1159,has_validated_parent,6,3,3,1,False,255.0,255.0,8490,3636
1160,has_validated_parent,6,3,6,1,False,255.0,255.0,8449,3642
1161,has_validated_parent,6,3,3,1,False,255.0,255.0,8450,3620
1162,has_validated_parent,6,3,6,2,False,255.0,255.0,8430,3618
1163,has_validated_parent,6,3,3,1,False,255.0,255.0,8406,3631
1164,has_validated_parent,6,3,3,1,False,255.0,255.0,8399,3628
1165,has_validated_parent,6,3,6,2,False,255.0,255.0,8403,3606
1166,has_validated_parent,6,3,3,1,False,255.0,255.0,8417,3624
1167,has_validated_parent,6,3,3,1,False,255.0,255.0,8423,3606
1168,has_validated_parent,6,3,3,1,False,255.0,255.0,8444,3636
1169,has_validated_parent,6,3,6,1,False,255.0,255.0,8399,3598
1170,has_validated_parent,6,3,6,2,False,255.0,255.0,8397,3609
1171,has_validated_parent,6,3,3,1,False,255.0,255.0,8410,3601
1172,has_validated_parent,6,3,3,1,False,255.0,255.0,8396,3634
1173,has_validated_parent,6,3,3,1,False,255.0,255.0,8375,3612
1174,has_validated_parent,6,3,3,1,False,255.0,255.0,8428,3639
1175,has_validated_parent,6,3,6,2,False,255.0,255.0,8500,3685
1176,has_validated_parent,6,3,3,1,False,255.0,255.0,8637,3739
1177,has_validated_parent,6,3,3,1,False,255.0,255.0,8769,3813
1178,has_validated_parent,6,3,12,2,False,255.0,255.0,8870,3879
1179,has_validated_parent,6,3,3,1,False,255.0,255.0,8937,3914
1180,has_validated_parent,6,3,3,1,False,255.0,255.0,8926,3900
1181,has_validated_parent,6,3,6,1,False,255.0,255.0,8958,3912
1182,has_validated_parent,6,3,3,1,False,255.0,255.0,8992,3948
1183,has_validated_parent,6,3,6,2,False,255.0,255.0,9075,3999
1184,has_validated_parent,6,3,3,1,False,255.0,255.0,9177,4054
1185,has_validated_parent,6,3,3,1,False,255.0,255.0,9228,4068
1186,has_validated_parent,6,3,3,1,False,255.0,255.0,9216,4036
1187,has_validated_parent,6,3,6,1,False,255.0,255.0,9213,4007
1188,has_validated_parent,6,3,6,1,False,255.0,255.0,9161,3980
1189,has_validated_parent,6,3,3,1,False,255.0,255.0,9167,3972
1190,has_validated_parent,6,3,6,2,False,255.0,255.0,9178,3990
1191,has_validated_parent,6,3,3,1,False,255.0,255.0,9166,4021
1192,has_validated_parent,6,3,3,1,False,255.0,255.0,9129,4016
1193,has_validated_parent,6,3,12,2,False,255.0,255.0,9116,4008
1194,has_validated_parent,6,3,6,2,False,255.0,255.0,9079,3982
1195,has_validated_parent,6,3,6,2,False,255.0,255.0,9108,3961
1196,has_validated_parent,6,3,6,2,False,255.0,255.0,9048,3928
1197,has_validated_parent,6,3,3,1,False,255.0,255.0,9103,3980
1198,has_validated_parent,6,3,6,2,False,255.0,255.0,9095,3990
1199,has_validated_parent,6,3,6,2,False,255.0,255.0,9125,4020
1200,has_validated_parent,6,3,3,1,False,255.0,255.0,9132,4003
1201,has_validated_parent,6,3,6,2,False,255.0,255.0,9120,3992
1202,has_validated_parent,6,3,6,2,False,255.0,255.0,9091,3950
1203,has_validated_parent,6,3,3,1,False,255.0,255.0,9066,3917
1204,has_validated_parent,6,3,6,2,False,255.0,255.0,9108,3967
1205,has_validated_parent,6,3,3,1,False,255.0,255.0,8999,3967
1206,has_validated_parent,6,3,6,1,False,255.0,255.0,9004,3982
1207,has_validated_parent,6,3,3,1,False,255.0,255.0,9040,3995
1208,has_validated_parent,6,3,6,1,False,255.0,255.0,9022,3990
1209,has_validated_parent,6,3,6,1,False,255.0,255.0,8962,3962
1210,has_validated_parent,6,3,6,2,False,255.0,255.0,8999,3972
1211,has_validated_parent,6,3,6,2,False,255.0,255.0,8971,3907
1212,has_validated_parent,6,3,3,1,False,255.0,255.0,8416,3682
1213,fewer_than_three_L_observations,6,2,0,0,False,255.0,255.0,6850,2999
1214,fewer_than_three_L_observations,6,1,0,0,False,255.0,255.0,5819,2501
1215,fewer_than_three_L_observations,6,1,0,0,False,255.0,255.0,5332,2343
1216,fewer_than_three_L_observations,6,1,0,0,False,255.0,255.0,5083,2206
1217,fewer_than_three_L_observations,6,1,0,0,False,255.0,255.0,4920,2143
1218,fewer_than_three_L_observations,6,1,0,0,False,255.0,255.0,4870,2120
1219,fewer_than_three_L_observations,6,1,0,0,False,255.0,255.0,4824,2108
1220,fewer_than_three_L_observations,6,1,0,0,False,255.0,255.0,4878,2122
1221,fewer_than_three_L_observations,6,1,0,0,False,255.0,255.0,4884,2142
1222,fewer_than_three_L_observations,6,1,0,0,False,255.0,255.0,4848,2115
1223,fewer_than_three_L_observations,6,1,0,0,False,255.0,255.0,4835,2115
1224,fewer_than_three_L_observations,6,1,0,0,False,255.0,255.0,4872,2092
1225,fewer_than_three_L_observations,6,1,0,0,False,255.0,255.0,4950,2134
1226,fewer_than_three_L_observations,6,1,0,0,False,255.0,255.0,5001,2158
1227,fewer_than_three_L_observations,6,1,0,0,False,255.0,255.0,5059,2214
1228,fewer_than_three_L_observations,6,1,0,0,False,255.0,255.0,5113,2220
1229,fewer_than_three_L_observations,6,1,0,0,False,255.0,255.0,5149,2241
1230,fewer_than_three_L_observations,6,1,0,0,False,255.0,255.0,5163,2217
1231,fewer_than_three_L_observations,6,1,0,0,False,255.0,255.0,5092,2209
1232,fewer_than_three_L_observations,6,1,0,0,False,255.0,255.0,4912,2133
1233,fewer_than_three_L_observations,6,2,0,0,False,255.0,255.0,4648,2036
1234,fewer_than_three_L_observations,6,1,0,0,False,255.0,255.0,4352,1896
1235,fewer_than_three_L_observations,5,1,0,0,False,255.0,255.0,4083,1785
1236,fewer_than_three_L_observations,4,1,0,0,False,255.0,255.0,4015,1753
1237,fewer_than_three_L_observations,4,2,0,0,False,255.0,255.0,4015,1747
1238,fewer_than_three_L_observations,4,1,0,0,False,255.0,255.0,4025,1744
1239,fewer_than_three_L_observations,4,1,0,0,False,255.0,255.0,4048,1764
1240,fewer_than_three_L_observations,4,2,0,0,False,255.0,255.0,3954,1733
1241,fewer_than_three_L_observations,4,1,0,0,False,255.0,255.0,3546,1531
1242,fewer_than_three_L_observations,3,1,0,0,False,255.0,255.0,3146,1365
1243,fewer_than_three_L_observations,3,0,0,0,False,255.0,255.0,2926,1263
1244,fewer_than_three_L_observations,3,0,0,0,False,255.0,255.0,2548,1114
1245,fewer_than_three_L_observations,3,0,0,0,False,255.0,255.0,1321,575
1246,fewer_than_three_L_observations,2,0,0,0,False,255.0,255.0,82,30
1247,no_white_components,0,0,0,0,False,146.0,143.0,0,0
1248,no_white_components,0,0,0,0,False,142.0,138.0,0,0
1249,no_white_components,0,0,0,0,False,138.0,137.0,0,0
1250,no_white_components,0,0,0,0,False,137.0,137.0,0,0
1251,no_white_components,0,0,0,0,False,137.0,136.0,0,0
1252,no_white_components,0,0,0,0,False,136.0,136.0,0,0
1253,no_white_components,0,0,0,0,False,136.0,133.0,0,0
1254,no_white_components,0,0,0,0,False,134.0,132.0,0,0
1255,no_white_components,0,0,0,0,False,134.0,130.0,0,0
1256,no_white_components,0,0,0,0,False,135.0,130.0,0,0
1257,no_white_components,0,0,0,0,False,134.0,128.0,0,0
1258,no_white_components,0,0,0,0,False,135.0,128.0,0,0
1259,no_white_components,0,0,0,0,False,134.0,127.0,0,0
1260,no_white_components,0,0,0,0,False,131.0,126.0,0,0
1261,no_white_components,0,0,0,0,False,131.0,125.0,0,0
1262,no_white_components,0,0,0,0,False,131.0,125.0,0,0
1263,no_white_components,0,0,0,0,False,134.0,127.0,0,0
1264,no_white_components,0,0,0,0,False,134.0,127.0,0,0
1265,no_white_components,0,0,0,0,False,134.0,127.0,0,0
1266,no_white_components,0,0,0,0,False,135.0,126.0,0,0
1267,no_white_components,0,0,0,0,False,135.0,127.0,0,0
1268,no_white_components,0,0,0,0,False,133.0,126.0,0,0
1269,no_white_components,0,0,0,0,False,137.0,128.0,0,0
1270,no_white_components,0,0,0,0,False,135.0,127.0,0,0
1271,no_white_components,0,0,0,0,False,135.0,127.0,0,0
1272,no_white_components,0,0,0,0,False,135.0,127.0,0,0
1273,no_white_components,0,0,0,0,False,135.0,127.0,0,0
1274,no_white_components,0,0,0,0,False,135.0,127.0,0,0
1275,no_white_components,0,0,0,0,False,135.0,128.0,0,0
1276,no_white_components,0,0,0,0,False,135.0,128.0,0,0
1277,no_white_components,0,0,0,0,False,136.0,129.0,0,0
1278,no_white_components,0,0,0,0,False,133.0,127.0,0,0
1279,no_white_components,0,0,0,0,False,134.0,127.0,0,0
1280,no_white_components,0,0,0,0,False,134.0,127.0,0,0
1281,no_white_components,0,0,0,0,False,134.0,127.0,0,0
1282,no_white_components,0,0,0,0,False,134.0,128.0,0,0
1283,no_white_components,0,0,0,0,False,134.0,128.0,0,0
1284,no_white_components,0,0,0,0,False,134.0,127.0,0,0
1285,no_white_components,0,0,0,0,False,134.0,128.0,0,0
1286,no_white_components,0,0,0,0,False,132.0,128.0,0,0
1287,no_white_components,0,0,0,0,False,133.0,129.0,0,0
1288,no_white_components,0,0,0,0,False,132.0,128.0,0,0
1289,no_white_components,0,0,0,0,False,134.0,130.0,0,0
1290,no_white_components,0,0,0,0,False,134.0,130.0,0,0
1291,no_white_components,0,0,0,0,False,141.0,135.0,0,0
1292,no_white_components,0,0,0,0,False,135.0,131.0,0,0
1293,no_white_components,0,0,0,0,False,133.0,129.0,0,0
1294,no_white_components,0,0,0,0,False,133.0,129.0,0,0
1295,no_white_components,0,0,0,0,False,134.0,130.0,0,0
1296,no_white_components,0,0,0,0,False,135.0,127.0,0,0
1297,no_white_components,0,0,0,0,False,134.0,129.0,0,0
1298,no_white_components,0,0,0,0,False,134.0,127.0,0,0
1299,no_white_components,0,0,0,0,False,137.0,130.0,0,0
1300,no_white_components,0,0,0,0,False,137.0,130.0,0,0
1301,no_white_components,0,0,0,0,False,135.0,129.0,0,0
1302,no_white_components,0,0,0,0,False,135.0,127.0,0,0
1303,no_white_components,0,0,0,0,False,135.0,129.0,0,0
1304,no_white_components,0,0,0,0,False,135.0,127.0,0,0
1305,no_white_components,0,0,0,0,False,134.0,127.0,0,0
1306,no_white_components,0,0,0,0,False,137.0,132.0,0,0
1307,no_white_components,0,0,0,0,False,137.0,133.0,0,0
1308,no_white_components,0,0,0,0,False,134.0,128.0,0,0
1309,no_white_components,0,0,0,0,False,134.0,128.0,0,0
1310,no_white_components,0,0,0,0,False,134.0,128.0,0,0
1311,no_white_components,0,0,0,0,False,134.0,128.0,0,0
1312,no_white_components,0,0,0,0,False,134.0,128.0,0,0
1313,no_white_components,0,0,0,0,False,133.0,128.0,0,0
1314,no_white_components,0,0,0,0,False,133.0,127.0,0,0
1315,no_white_components,0,0,0,0,False,135.0,127.0,0,0
1316,no_white_components,0,0,0,0,False,136.0,130.0,0,0
1317,no_white_components,0,0,0,0,False,134.0,129.0,0,0
1318,no_white_components,0,0,0,0,False,135.0,128.0,0,0
1319,no_white_components,0,0,0,0,False,135.0,130.0,0,0
1320,no_white_components,0,0,0,0,False,134.0,128.0,0,0
1321,no_white_components,0,0,0,0,False,134.0,128.0,0,0
1322,no_white_components,0,0,0,0,False,134.0,128.0,0,0
1323,no_white_components,0,0,0,0,False,134.0,129.0,0,0
1324,no_white_components,0,0,0,0,False,134.0,129.0,0,0
1325,no_white_components,0,0,0,0,False,135.0,129.0,0,0
1326,no_white_components,0,0,0,0,False,135.0,129.0,0,0
1327,no_white_components,0,0,0,0,False,135.0,129.0,0,0
1328,no_white_components,0,0,0,0,False,134.0,129.0,0,0
1329,no_white_components,0,0,0,0,False,134.0,129.0,0,0
1330,no_white_components,0,0,0,0,False,132.0,129.0,0,0
1331,no_white_components,0,0,0,0,False,132.0,129.0,0,0
1332,no_white_components,0,0,0,0,False,132.0,129.0,0,0
1333,no_white_components,0,0,0,0,False,131.0,127.0,0,0
1334,no_white_components,0,0,0,0,False,133.0,127.0,0,0
1335,no_white_components,0,0,0,0,False,132.0,128.0,0,0
1336,no_white_components,0,0,0,0,False,132.0,127.0,0,0
1337,no_white_components,0,0,0,0,False,132.0,129.0,0,0
1338,no_white_components,0,0,0,0,False,131.0,126.0,0,0
1339,no_white_components,0,0,0,0,False,131.0,127.0,0,0
1340,no_white_components,0,0,0,0,False,131.0,127.0,0,0
1341,no_white_components,0,0,0,0,False,131.0,128.0,0,0
1342,no_white_components,0,0,0,0,False,131.0,128.0,0,0
1343,no_white_components,0,0,0,0,False,131.0,126.0,0,0
1344,no_white_components,0,0,0,0,False,135.0,130.0,0,0
1345,no_white_components,0,0,0,0,False,132.0,126.0,0,0
1346,no_white_components,0,0,0,0,False,132.0,127.0,0,0
1347,no_white_components,0,0,0,0,False,132.0,127.0,0,0
1348,no_white_components,0,0,0,0,False,132.0,127.0,0,0
1349,no_white_components,0,0,0,0,False,132.0,127.0,0,0
1350,no_white_components,0,0,0,0,False,132.0,127.0,0,0
1351,no_white_components,0,0,0,0,False,134.0,127.0,0,0
1352,no_white_components,0,0,0,0,False,132.0,126.0,0,0
1353,no_white_components,0,0,0,0,False,132.0,126.0,0,0
1354,no_white_components,0,0,0,0,False,132.0,126.0,0,0
1355,no_white_components,0,0,0,0,False,134.0,127.0,0,0
1356,no_white_components,0,0,0,0,False,134.0,127.0,0,0
1357,no_white_components,0,0,0,0,False,134.0,127.0,0,0
1358,no_white_components,0,0,0,0,False,132.0,130.0,0,0
1359,no_white_components,0,0,0,0,False,132.0,131.0,0,0
1360,no_white_components,0,0,0,0,False,135.0,134.0,0,0
1361,no_white_components,0,0,0,0,False,137.0,134.0,0,0
1362,no_white_components,0,0,0,0,False,139.0,137.0,0,0
1363,no_white_components,0,0,0,0,False,139.0,137.0,0,0
1364,no_white_components,0,0,0,0,False,139.0,137.0,0,0
1365,no_white_components,0,0,0,0,False,139.0,138.0,0,0
1366,no_white_components,0,0,0,0,False,140.0,138.0,0,0
1367,no_white_components,0,0,0,0,False,139.0,138.0,0,0
1368,no_white_components,0,0,0,0,False,138.0,137.0,0,0
1369,no_white_components,0,0,0,0,False,138.0,138.0,0,0
1370,no_white_components,0,0,0,0,False,141.0,141.0,0,0
1371,no_white_components,0,0,0,0,False,142.0,140.0,0,0
1372,no_white_components,0,0,0,0,False,144.0,140.0,0,0
1373,no_white_components,0,0,0,0,False,143.0,141.0,0,0
1374,no_white_components,0,0,0,0,False,145.0,144.0,0,0
1375,no_white_components,0,0,0,0,False,148.0,145.0,0,0
1376,fewer_than_three_L_observations,3,0,0,0,False,221.0,207.0,34,5
1377,fewer_than_three_L_observations,3,0,0,0,False,255.0,255.0,1219,540
1378,fewer_than_three_L_observations,3,0,0,0,False,255.0,255.0,2479,1092
1379,fewer_than_three_L_observations,3,0,0,0,False,255.0,255.0,2928,1275
1380,fewer_than_three_L_observations,3,1,0,0,False,255.0,255.0,3173,1406
1381,fewer_than_three_L_observations,4,1,0,0,False,255.0,255.0,3443,1544
1382,fewer_than_three_L_observations,4,1,0,0,False,255.0,255.0,4001,1773
1383,fewer_than_three_L_observations,4,1,0,0,False,255.0,255.0,4124,1821
1384,fewer_than_three_L_observations,4,1,0,0,False,255.0,255.0,4070,1815
1385,fewer_than_three_L_observations,4,1,0,0,False,255.0,255.0,4126,1823
1386,fewer_than_three_L_observations,5,1,0,0,False,255.0,255.0,4185,1846
1387,fewer_than_three_L_observations,6,1,0,0,False,255.0,255.0,4565,2008
1388,fewer_than_three_L_observations,6,1,0,0,False,255.0,255.0,5047,2223
1389,fewer_than_three_L_observations,6,1,0,0,False,255.0,255.0,5537,2425
1390,fewer_than_three_L_observations,6,1,0,0,False,255.0,255.0,5987,2615
1391,has_validated_parent,6,3,6,2,False,255.0,255.0,7387,3214
1392,has_validated_parent,6,3,6,2,False,255.0,255.0,8858,3862
1393,has_validated_parent,6,4,21,1,False,255.0,255.0,8972,3932
1394,has_validated_parent,6,3,3,1,False,255.0,255.0,8983,3956
1395,has_validated_parent,6,3,3,1,False,255.0,255.0,8983,3970
1396,has_validated_parent,6,3,6,2,False,255.0,255.0,9016,3982
1397,has_validated_parent,6,3,6,1,False,255.0,255.0,8960,3928
1398,has_validated_parent,6,3,6,2,False,255.0,255.0,9041,3961
1399,has_validated_parent,6,3,6,2,False,255.0,255.0,9063,3967
1400,has_validated_parent,6,4,21,1,False,255.0,255.0,9104,3973
1401,has_validated_parent,6,3,3,1,False,255.0,255.0,9117,3984
1402,has_validated_parent,6,3,3,1,False,255.0,255.0,9150,3988
1403,has_validated_parent,6,3,3,1,False,255.0,255.0,9173,4028
1404,has_validated_parent,6,3,3,1,False,255.0,255.0,9146,4024
1405,has_validated_parent,6,3,3,1,False,255.0,255.0,9173,4044
1406,has_validated_parent,6,3,3,1,False,255.0,255.0,9169,4026
1407,has_validated_parent,6,3,3,1,False,255.0,255.0,9134,3991
1408,has_validated_parent,6,3,3,1,False,255.0,255.0,9110,3957
1409,has_validated_parent,6,3,6,2,False,255.0,255.0,9141,3949
1410,has_validated_parent,6,3,12,4,False,255.0,255.0,9134,3986
1411,has_validated_parent,6,3,6,1,False,255.0,255.0,9154,3993
1412,has_validated_parent,6,3,3,1,False,255.0,255.0,9190,4026
1413,has_validated_parent,6,3,12,2,False,255.0,255.0,9228,4049
1414,has_validated_parent,6,3,3,1,False,255.0,255.0,9268,4057
1415,has_validated_parent,6,3,6,2,False,255.0,255.0,9222,4033
1416,has_validated_parent,6,3,6,1,False,255.0,255.0,9189,4032
1417,has_validated_parent,6,3,3,1,False,255.0,255.0,9197,4029
1418,has_validated_parent,6,3,12,4,False,255.0,255.0,9164,4018
1419,has_validated_parent,6,3,3,1,False,255.0,255.0,9126,3999
1420,has_validated_parent,6,3,12,4,False,255.0,255.0,9155,4002
1421,has_validated_parent,6,3,3,1,False,255.0,255.0,9099,3970
1422,has_validated_parent,6,3,3,1,False,255.0,255.0,9205,4021
1423,has_validated_parent,6,3,3,1,False,255.0,255.0,9211,4023
1424,has_validated_parent,6,3,3,1,False,255.0,255.0,9169,4035
1425,has_validated_parent,6,3,3,1,False,255.0,255.0,9236,4041
1426,has_validated_parent,6,3,6,1,False,255.0,255.0,9211,4026
1427,has_validated_parent,6,3,6,2,False,255.0,255.0,9177,4007
1428,has_validated_parent,6,3,6,1,False,255.0,255.0,9161,3984
1429,has_validated_parent,6,3,3,1,False,255.0,255.0,9098,3979
1430,has_validated_parent,6,3,3,1,False,255.0,255.0,9179,4016
1431,has_validated_parent,6,3,3,1,False,255.0,255.0,9120,3991
1432,has_validated_parent,6,3,3,1,False,255.0,255.0,9175,4022
1433,has_validated_parent,6,3,3,1,False,255.0,255.0,9154,4006
1434,has_validated_parent,6,3,3,1,False,255.0,255.0,9153,3995
1435,has_validated_parent,6,3,3,1,False,255.0,255.0,9140,3975
1436,has_validated_parent,6,3,3,1,False,255.0,255.0,9109,3955
1437,has_validated_parent,6,3,12,3,False,255.0,255.0,9085,3968
1438,has_validated_parent,6,3,6,2,False,255.0,255.0,9075,3964
1439,has_validated_parent,6,3,6,1,False,255.0,255.0,9099,4001
1440,has_validated_parent,6,3,3,1,False,255.0,255.0,9150,4010
1441,has_validated_parent,6,3,6,2,False,255.0,255.0,9172,4008
1442,has_validated_parent,6,3,6,2,False,255.0,255.0,9136,3988
1443,has_validated_parent,6,3,6,2,False,255.0,255.0,9179,3981
1444,has_validated_parent,6,3,6,2,False,255.0,255.0,9162,3982
1445,has_validated_parent,6,3,6,1,False,255.0,255.0,9122,3977
1446,has_validated_parent,6,3,3,1,False,255.0,255.0,9078,3996
1447,has_validated_parent,6,3,6,2,False,255.0,255.0,9117,4011
1448,has_validated_parent,6,3,6,2,False,255.0,255.0,9121,4013
1449,has_validated_parent,6,3,3,1,False,255.0,255.0,9143,4000
1450,has_validated_parent,6,3,3,1,False,255.0,255.0,9053,3962
1451,has_validated_parent,6,3,3,1,False,255.0,255.0,9095,3932
1452,has_validated_parent,6,3,6,2,False,255.0,255.0,9108,3939
1453,has_validated_parent,6,3,6,1,False,255.0,255.0,9024,3940
1454,has_validated_parent,6,3,3,1,False,255.0,255.0,9093,3970
1455,has_validated_parent,6,3,6,2,False,255.0,255.0,9020,3970
1456,has_validated_parent,6,3,3,1,False,255.0,255.0,8989,3947
1457,has_validated_parent,6,3,3,1,False,255.0,255.0,8959,3936
1458,has_validated_parent,6,3,3,1,False,255.0,255.0,9000,3906
1459,has_validated_parent,6,3,6,2,False,255.0,255.0,8986,3916
1460,has_validated_parent,6,3,3,1,False,255.0,255.0,8941,3948
1461,has_validated_parent,6,3,3,1,False,255.0,255.0,8962,3954
1462,has_validated_parent,6,3,3,1,False,255.0,255.0,8862,3858
1463,has_validated_parent,6,3,12,4,False,255.0,255.0,8720,3773
1464,has_validated_parent,6,3,3,1,False,255.0,255.0,8575,3759
1465,has_validated_parent,6,3,3,1,False,255.0,255.0,8425,3639
1466,has_validated_parent,6,3,3,1,False,255.0,255.0,8306,3598
1467,has_validated_parent,6,3,3,1,False,255.0,255.0,8233,3549
1468,has_validated_parent,6,3,3,1,False,255.0,255.0,8226,3564
1469,has_validated_parent,6,3,3,1,False,255.0,255.0,8212,3554
1470,has_validated_parent,6,3,3,1,False,255.0,255.0,8222,3584
1471,has_validated_parent,6,3,3,1,False,255.0,255.0,8243,3555
1472,has_validated_parent,6,3,6,2,False,255.0,255.0,8197,3572
1473,has_validated_parent,6,3,6,2,False,255.0,255.0,8185,3555
1474,has_validated_parent,6,3,6,2,False,255.0,255.0,8192,3470
1475,has_validated_parent,6,3,6,2,False,255.0,255.0,8152,3523
1476,has_validated_parent,6,4,12,1,False,255.0,255.0,8110,3507
1477,has_validated_parent,6,3,3,1,False,255.0,255.0,8055,3479
1478,has_validated_parent,6,3,3,1,False,255.0,255.0,8151,3532
1479,has_validated_parent,6,3,6,2,False,255.0,255.0,8186,3535
1480,has_validated_parent,6,3,3,1,False,255.0,255.0,8086,3488
1481,has_validated_parent,6,3,3,1,False,255.0,255.0,8186,3480
1482,has_validated_parent,6,3,3,1,False,255.0,255.0,8183,3529
1483,has_validated_parent,6,3,3,1,False,255.0,255.0,8160,3524
1484,has_validated_parent,6,3,3,1,False,255.0,255.0,8139,3509
1485,has_validated_parent,6,3,6,2,False,255.0,255.0,8148,3474
1486,has_validated_parent,6,3,6,2,False,255.0,255.0,8140,3512
1487,has_validated_parent,6,3,3,1,False,255.0,255.0,8094,3517
1488,has_validated_parent,6,3,3,1,False,255.0,255.0,8121,3513
1489,has_validated_parent,6,3,3,1,False,255.0,255.0,8128,3517
1490,has_validated_parent,6,3,3,1,False,255.0,255.0,8141,3514
1491,has_validated_parent,6,3,3,1,False,255.0,255.0,8152,3515
1492,has_validated_parent,6,3,3,1,False,255.0,255.0,8165,3515
1493,has_validated_parent,6,3,3,1,False,255.0,255.0,8201,3510
1494,has_validated_parent,6,3,3,1,False,255.0,255.0,8189,3512
1495,has_validated_parent,6,3,3,1,False,255.0,255.0,8079,3514
1496,has_validated_parent,6,3,3,1,False,255.0,255.0,8163,3519
1497,has_validated_parent,6,3,6,2,False,255.0,255.0,8289,3611
1498,has_validated_parent,6,3,3,1,False,255.0,255.0,8378,3661
1499,has_validated_parent,6,3,3,1,False,255.0,255.0,8483,3699
1500,has_validated_parent,6,3,3,1,False,255.0,255.0,8478,3724
1501,has_validated_parent,6,3,3,1,False,255.0,255.0,8518,3711
1502,has_validated_parent,6,3,3,1,False,255.0,255.0,8544,3724
1503,has_validated_parent,6,3,3,1,False,255.0,255.0,8600,3785
1504,has_validated_parent,6,3,3,1,False,255.0,255.0,8715,3805
1505,has_validated_parent,6,3,6,1,False,255.0,255.0,8803,3859
1506,has_validated_parent,6,3,6,2,False,255.0,255.0,8868,3833
1507,has_validated_parent,6,3,6,2,False,255.0,255.0,8924,3912
1508,has_validated_parent,6,3,3,1,False,255.0,255.0,8962,3966
1509,has_validated_parent,6,3,3,1,False,255.0,255.0,8938,3942
1510,has_validated_parent,6,3,6,2,False,255.0,255.0,8964,3900
1511,has_validated_parent,6,3,3,1,False,255.0,255.0,8971,3883
1512,has_validated_parent,6,3,6,2,False,255.0,255.0,8974,3938
1513,has_validated_parent,6,3,6,2,False,255.0,255.0,8987,3936
1514,has_validated_parent,6,3,6,1,False,255.0,255.0,9056,3969
1515,has_validated_parent,6,3,6,1,False,255.0,255.0,9003,3919
1516,has_validated_parent,6,3,6,2,False,255.0,255.0,9055,3923
1517,has_validated_parent,6,3,3,1,False,255.0,255.0,9036,3899
1518,has_validated_parent,6,3,3,1,False,255.0,255.0,9061,3963
1519,has_validated_parent,6,3,6,2,False,255.0,255.0,8989,3952
1520,has_validated_parent,6,3,3,1,False,255.0,255.0,9087,3984
1521,has_validated_parent,6,3,12,4,False,255.0,255.0,9027,3942
1522,has_validated_parent,6,3,6,2,False,255.0,255.0,9061,3955
1523,has_validated_parent,6,3,3,1,False,255.0,255.0,9044,3983
1524,has_validated_parent,6,3,6,2,False,255.0,255.0,9088,4012
1525,has_validated_parent,6,3,12,3,False,255.0,255.0,9141,3985
1526,has_validated_parent,6,3,6,1,False,255.0,255.0,9127,3970
1527,has_validated_parent,6,3,12,4,False,255.0,255.0,9125,3981
1528,has_validated_parent,6,3,3,1,False,255.0,255.0,9179,3993
1529,has_validated_parent,6,3,3,1,False,255.0,255.0,9134,3993
1530,has_validated_parent,6,3,3,1,False,255.0,255.0,9107,3998
1531,has_validated_parent,6,3,12,3,False,255.0,255.0,9078,3998
1532,has_validated_parent,6,3,12,3,False,255.0,255.0,9120,3970
1533,has_validated_parent,6,3,6,2,False,255.0,255.0,9157,3962
1534,has_validated_parent,6,3,3,1,False,255.0,255.0,9190,3999
1535,has_validated_parent,6,3,3,1,False,255.0,255.0,9165,4018
1536,has_validated_parent,6,3,3,1,False,255.0,255.0,9172,4035
1537,has_validated_parent,6,3,3,1,False,255.0,255.0,9190,4028
1538,has_validated_parent,6,3,3,1,False,255.0,255.0,9157,3996
1539,has_validated_parent,6,3,6,2,False,255.0,255.0,9137,3959
1540,has_validated_parent,6,3,6,2,False,255.0,255.0,9162,3993
1541,has_validated_parent,6,3,3,1,False,255.0,255.0,9169,4011
1542,has_validated_parent,6,3,3,1,False,255.0,255.0,9210,4029
1543,has_validated_parent,6,3,3,1,False,255.0,255.0,9175,4031
1544,has_validated_parent,6,3,6,2,False,255.0,255.0,9208,4045
1545,has_validated_parent,6,3,6,1,False,255.0,255.0,9216,4039
1546,has_validated_parent,6,3,6,1,False,255.0,255.0,9146,3971
1547,has_validated_parent,6,3,6,2,False,255.0,255.0,9145,3982
1548,has_validated_parent,6,3,6,1,False,255.0,255.0,9073,3985
1549,has_validated_parent,6,3,12,4,False,255.0,255.0,9156,4009
1550,has_validated_parent,6,3,3,1,False,255.0,255.0,9112,4024
1551,has_validated_parent,6,3,6,2,False,255.0,255.0,9177,4037
1552,has_validated_parent,6,3,3,1,False,255.0,255.0,9189,4027
1553,has_validated_parent,6,3,6,1,False,255.0,255.0,9171,3987
1554,has_validated_parent,6,3,3,1,False,255.0,255.0,9166,3983
1555,has_validated_parent,6,3,3,1,False,255.0,255.0,9157,3988
1556,has_validated_parent,6,3,3,1,False,255.0,255.0,9150,4002
1557,has_validated_parent,6,3,6,2,False,255.0,255.0,9143,4033
1558,has_validated_parent,6,3,3,1,False,255.0,255.0,9091,4009
1559,has_validated_parent,6,3,12,3,False,255.0,255.0,9074,3980
1560,has_validated_parent,6,3,6,1,False,255.0,255.0,9060,3936
1561,has_validated_parent,6,3,6,2,False,255.0,255.0,9132,3950
1562,has_validated_parent,6,3,3,1,False,255.0,255.0,9082,3970
1563,has_validated_parent,6,3,6,2,False,255.0,255.0,9117,4009
1564,has_validated_parent,6,3,3,1,False,255.0,255.0,9155,4041
1565,has_validated_parent,6,3,3,1,False,255.0,255.0,9158,4021
1566,has_validated_parent,6,3,3,1,False,255.0,255.0,9132,4018
1567,has_validated_parent,6,3,3,1,False,255.0,255.0,9124,3998
1568,has_validated_parent,6,3,3,1,False,255.0,255.0,9065,3947
1569,has_validated_parent,6,3,6,2,False,255.0,255.0,9092,3952
1570,has_validated_parent,6,3,6,1,False,255.0,255.0,9008,3937
1571,has_validated_parent,6,3,3,1,False,255.0,255.0,9000,3932
1572,has_validated_parent,6,3,3,1,False,255.0,255.0,9019,3973
1573,has_validated_parent,6,3,6,2,False,255.0,255.0,8980,3989
1574,has_validated_parent,6,3,3,1,False,255.0,255.0,9026,3991
1575,has_validated_parent,6,3,3,1,False,255.0,255.0,9008,3943
1576,has_validated_parent,6,3,6,1,False,255.0,255.0,8791,3854
1577,has_validated_parent,6,3,6,2,False,255.0,255.0,7227,3148
1578,fewer_than_three_L_observations,6,1,0,0,False,255.0,255.0,5995,2590
1579,fewer_than_three_L_observations,6,1,0,0,False,255.0,255.0,5492,2409
1580,fewer_than_three_L_observations,6,1,0,0,False,255.0,255.0,5047,2223
1581,fewer_than_three_L_observations,6,1,0,0,False,255.0,255.0,4607,2032
1582,fewer_than_three_L_observations,6,1,0,0,False,255.0,255.0,4215,1853
1583,fewer_than_three_L_observations,4,1,0,0,False,255.0,255.0,4056,1796
1584,fewer_than_three_L_observations,4,1,0,0,False,255.0,255.0,4054,1800
1585,fewer_than_three_L_observations,4,1,0,0,False,255.0,255.0,4077,1788
1586,fewer_than_three_L_observations,4,1,0,0,False,255.0,255.0,4008,1764
1587,fewer_than_three_L_observations,4,1,0,0,False,255.0,255.0,3856,1703
1588,fewer_than_three_L_observations,4,1,0,0,False,255.0,255.0,3405,1498
1589,fewer_than_three_L_observations,3,1,0,0,False,255.0,255.0,3131,1360
1590,fewer_than_three_L_observations,3,0,0,0,False,255.0,255.0,2935,1276
1591,fewer_than_three_L_observations,3,0,0,0,False,255.0,255.0,2541,1118
1592,fewer_than_three_L_observations,3,0,0,0,False,255.0,255.0,1415,620
1593,fewer_than_three_L_observations,2,0,0,0,False,255.0,255.0,133,57
1594,no_white_components,0,0,0,0,False,142.0,141.0,0,0
1595,no_white_components,0,0,0,0,False,142.0,142.0,0,0
1596,no_white_components,0,0,0,0,False,142.0,142.0,0,0
1597,no_white_components,0,0,0,0,False,143.0,140.0,0,0
1598,no_white_components,0,0,0,0,False,139.0,137.0,0,0
1599,no_white_components,0,0,0,0,False,138.0,138.0,0,0
1600,no_white_components,0,0,0,0,False,139.0,137.0,0,0
1601,no_white_components,0,0,0,0,False,138.0,136.0,0,0
1602,no_white_components,0,0,0,0,False,133.0,132.0,0,0
1603,no_white_components,0,0,0,0,False,134.0,131.0,0,0
1604,no_white_components,0,0,0,0,False,134.0,130.0,0,0
1605,no_white_components,0,0,0,0,False,133.0,131.0,0,0
1606,no_white_components,0,0,0,0,False,133.0,128.0,0,0
1607,no_white_components,0,0,0,0,False,133.0,127.0,0,0
1608,no_white_components,0,0,0,0,False,137.0,130.0,0,0
1609,no_white_components,0,0,0,0,False,137.0,129.0,0,0
1610,no_white_components,0,0,0,0,False,136.0,130.0,0,0
1611,no_white_components,0,0,0,0,False,136.0,130.0,0,0
1612,no_white_components,0,0,0,0,False,136.0,129.0,0,0
1613,no_white_components,0,0,0,0,False,136.0,129.0,0,0
1614,no_white_components,0,0,0,0,False,133.0,128.0,0,0
1615,no_white_components,0,0,0,0,False,133.0,127.0,0,0
1616,no_white_components,0,0,0,0,False,134.0,128.0,0,0
1617,no_white_components,0,0,0,0,False,133.0,127.0,0,0
1618,no_white_components,0,0,0,0,False,133.0,127.0,0,0
1619,no_white_components,0,0,0,0,False,136.0,129.0,0,0
1620,no_white_components,0,0,0,0,False,136.0,129.0,0,0
1621,no_white_components,0,0,0,0,False,136.0,129.0,0,0
1622,no_white_components,0,0,0,0,False,136.0,129.0,0,0
1623,no_white_components,0,0,0,0,False,134.0,128.0,0,0
1624,no_white_components,0,0,0,0,False,134.0,128.0,0,0
1625,no_white_components,0,0,0,0,False,135.0,128.0,0,0
1626,no_white_components,0,0,0,0,False,134.0,128.0,0,0
1627,no_white_components,0,0,0,0,False,134.0,128.0,0,0
1628,no_white_components,0,0,0,0,False,134.0,128.0,0,0
1629,no_white_components,0,0,0,0,False,134.0,128.0,0,0
1630,no_white_components,0,0,0,0,False,134.0,129.0,0,0
1631,no_white_components,0,0,0,0,False,134.0,129.0,0,0
1632,no_white_components,0,0,0,0,False,134.0,129.0,0,0
1633,no_white_components,0,0,0,0,False,134.0,128.0,0,0
1634,no_white_components,0,0,0,0,False,134.0,128.0,0,0
1635,no_white_components,0,0,0,0,False,136.0,130.0,0,0
1636,no_white_components,0,0,0,0,False,134.0,127.0,0,0
1637,no_white_components,0,0,0,0,False,134.0,127.0,0,0
1638,no_white_components,0,0,0,0,False,134.0,131.0,0,0
1639,no_white_components,0,0,0,0,False,136.0,131.0,0,0
1640,no_white_components,0,0,0,0,False,135.0,135.0,0,0
1641,no_white_components,0,0,0,0,False,136.0,136.0,0,0
1642,no_white_components,0,0,0,0,False,139.0,138.0,0,0
1643,no_white_components,0,0,0,0,False,141.0,140.0,0,0
1644,no_white_components,0,0,0,0,False,144.0,143.0,0,0
1645,no_white_components,0,0,0,0,False,146.0,143.0,0,0
1646,no_white_components,0,0,0,0,False,145.0,143.0,0,0
1647,fewer_than_three_L_observations,3,0,0,0,False,255.0,255.0,891,380
1648,fewer_than_three_L_observations,3,0,0,0,False,255.0,255.0,2296,1003
1649,fewer_than_three_L_observations,3,0,0,0,False,255.0,255.0,2834,1242
1650,fewer_than_three_L_observations,3,1,0,0,False,255.0,255.0,3099,1362
1651,fewer_than_three_L_observations,4,1,0,0,False,255.0,255.0,3398,1476
1652,fewer_than_three_L_observations,4,1,0,0,False,255.0,255.0,3848,1666
1653,fewer_than_three_L_observations,4,1,0,0,False,255.0,255.0,4057,1775
1654,fewer_than_three_L_observations,4,1,0,0,False,255.0,255.0,4028,1787
1655,fewer_than_three_L_observations,4,1,0,0,False,255.0,255.0,4088,1797
1656,fewer_than_three_L_observations,4,1,0,0,False,255.0,255.0,4094,1811
1657,fewer_than_three_L_observations,6,1,0,0,False,255.0,255.0,4258,1881
1658,fewer_than_three_L_observations,6,1,0,0,False,255.0,255.0,4662,2068
1659,fewer_than_three_L_observations,6,1,0,0,False,255.0,255.0,5114,2264
1660,fewer_than_three_L_observations,6,1,0,0,False,255.0,255.0,5599,2459
1661,fewer_than_three_L_observations,7,1,0,0,False,255.0,255.0,6132,2645
1662,has_validated_parent,6,3,12,4,False,255.0,255.0,7580,3274
1663,has_validated_parent,6,3,12,3,False,255.0,255.0,8929,3881
1664,has_validated_parent,6,3,6,2,False,255.0,255.0,8999,3909
1665,has_validated_parent,6,3,6,2,False,255.0,255.0,9055,3968
1666,has_validated_parent,6,3,6,2,False,255.0,255.0,8989,3960
1667,has_validated_parent,6,3,6,1,False,255.0,255.0,8968,3973
1668,has_validated_parent,6,3,3,1,False,255.0,255.0,9042,3988
1669,has_validated_parent,6,3,3,1,False,255.0,255.0,9032,3998
1670,has_validated_parent,6,3,3,1,False,255.0,255.0,9067,3987
1671,has_validated_parent,6,3,3,1,False,255.0,255.0,9088,3974
1672,has_validated_parent,6,3,3,1,False,255.0,255.0,9141,3982
1673,has_validated_parent,6,3,3,1,False,255.0,255.0,9163,3994
1674,has_validated_parent,6,3,3,1,False,255.0,255.0,9167,3995
1675,has_validated_parent,6,3,3,1,False,255.0,255.0,9162,4011
