frame_id,tracks_changed,display_changed,old_tracks,new_tracks,old_display,new_display
2,1,0,"[]","[{""detection_index"":""0"",""result"":{""bbox"":[864,326.47805786132812,193,188.52194213867188],""category"":0,""confidence"":null,""corners"":[[864.96771240234375,326.47805786132812],[1057,327],[1057,515],[864,514]],""marker_code"":null,""orientation"":[0,1,2,3],""quality_flags"":0}}]","null","null"
5,1,0,"[]","[{""detection_index"":""0"",""result"":{""bbox"":[898,327,193.0858154296875,188.700927734375],""category"":0,""confidence"":null,""corners"":[[898.73956298828125,327],[1091.0858154296875,328],[1091,515.700927734375],[898,514.7071533203125]],""marker_code"":null,""orientation"":[0,1,2,3],""quality_flags"":0}}]","null","null"
10,1,0,"[]","[{""detection_index"":""0"",""result"":{""bbox"":[954.96771240234375,327.07321166992188,194.03228759765625,188.92678833007812],""category"":0,""confidence"":null,""corners"":[[956,327.07321166992188],[1149,328],[1149,516],[954.96771240234375,515]],""marker_code"":null,""orientation"":[0,1,2,3],""quality_flags"":0}}]","null","null"
11,1,0,"[]","[{""detection_index"":""0"",""result"":{""bbox"":[966,326.9967041015625,194.0322265625,189.1910400390625],""category"":0,""confidence"":null,""corners"":[[966.96771240234375,326.9967041015625],[1160.0322265625,328.138671875],[1160.0322265625,516.187744140625],[966,515]],""marker_code"":null,""orientation"":[0,1,2,3],""quality_flags"":0}}]","null","null"
13,1,0,"[]","[{""detection_index"":""0"",""result"":{""bbox"":[988.5439453125,328,194.4560546875,189.05828857421875],""category"":0,""confidence"":null,""corners"":[[990,328],[1183,328],[1183,517.05828857421875],[988.5439453125,515]],""marker_code"":null,""orientation"":[0,1,2,3],""quality_flags"":0}}]","null","null"
15,1,0,"[]","[{""detection_index"":""0"",""result"":{""bbox"":[1012,328,194.0322265625,188.71722412109375],""category"":0,""confidence"":null,""corners"":[[1012,328],[1205,328],[1206.0322265625,516.71722412109375],[1012,515.67156982421875]],""marker_code"":null,""orientation"":[0,1,2,3],""quality_flags"":0}}]","null","null"
26,1,0,"[{""detection_index"":""0"",""result"":{""bbox"":[1134.0909423828125,328,195.810791015625,190.17779541015625],""category"":0,""confidence"":null,""corners"":[[1134.0909423828125,328],[1329,329.50912475585938],[1329.9017333984375,518.17779541015625],[1134.9677734375,517]],""marker_code"":null,""orientation"":[0,1,2,3],""quality_flags"":0}}]","[{""detection_index"":""0"",""result"":{""bbox"":[1134.0909423828125,328,195.810791015625,190.17779541015625],""category"":0,""confidence"":null,""corners"":[[1134.0909423828125,328],[1329,329.135009765625],[1329.9017333984375,518.17779541015625],[1134.9677734375,517]],""marker_code"":null,""orientation"":[0,1,2,3],""quality_flags"":0}}]","null","null"
135,1,0,"[]","[{""detection_index"":""0"",""result"":{""bbox"":[1142,328.56863403320312,195,190.43136596679688],""category"":0,""confidence"":null,""corners"":[[1142,328.56863403320312],[1337,330],[1336.6656494140625,519],[1142,517]],""marker_code"":null,""orientation"":[0,1,2,3],""quality_flags"":0}}]","null","null"
144,1,0,"[]","[{""detection_index"":""0"",""result"":{""bbox"":[1042,328,194.0322265625,190.43670654296875],""category"":0,""confidence"":null,""corners"":[[1042.9677734375,328],[1236.0322265625,330.09719848632812],[1236.0322265625,518.43670654296875],[1042,516]],""marker_code"":null,""orientation"":[0,1,2,3],""quality_flags"":0}}]","null","null"
145,1,0,"[{""detection_index"":""0"",""result"":{""bbox"":[1030.713134765625,328,194.286865234375,190],""category"":0,""confidence"":null,""corners"":[[1032,328],[1225,330.3028564453125],[1225,518],[1030.713134765625,516]],""marker_code"":null,""orientation"":[0,1,2,3],""quality_flags"":0}}]","[{""detection_index"":""0"",""result"":{""bbox"":[1030.713134765625,328,194.286865234375,190],""category"":0,""confidence"":null,""corners"":[[1032,328],[1225,330.239501953125],[1225,518],[1030.713134765625,516]],""marker_code"":null,""orientation"":[0,1,2,3],""quality_flags"":0}}]","null","null"
155,1,0,"[]","[{""detection_index"":""0"",""result"":{""bbox"":[920.3896484375,327.03070068359375,194.6103515625,189.96929931640625],""category"":0,""confidence"":null,""corners"":[[922.66680908203125,327.03070068359375],[1115,329],[1113.451416015625,517],[920.3896484375,515]],""marker_code"":null,""orientation"":[0,1,2,3],""quality_flags"":0}}]","null","null"
161,1,0,"[]","[{""detection_index"":""0"",""result"":{""bbox"":[858,327,194.0322265625,188.92071533203125],""category"":0,""confidence"":null,""corners"":[[860,327],[1052.0322265625,328.33538818359375],[1051,515.92071533203125],[858,513.5506591796875]],""marker_code"":null,""orientation"":[0,1,2,3],""quality_flags"":0}}]","null","null"
166,1,0,"[]","[{""detection_index"":""0"",""result"":{""bbox"":[814.5308837890625,327,192.2039794921875,188],""category"":0,""confidence"":null,""corners"":[[816,327],[1006.73486328125,327],[1006.0322875976562,515],[814.5308837890625,514]],""marker_code"":null,""orientation"":[0,1,2,3],""quality_flags"":0}}]","null","null"
170,1,0,"[]","[{""detection_index"":""0"",""result"":{""bbox"":[787.41015625,327.17276000976562,192.12255859375,188.22006225585938],""category"":0,""confidence"":null,""corners"":[[788,327.17276000976562],[979.53271484375,327.85955810546875],[978.03228759765625,515.392822265625],[787.41015625,514]],""marker_code"":null,""orientation"":[0,1,2,3],""quality_flags"":0}}]","null","null"
173,1,0,"[{""detection_index"":""0"",""result"":{""bbox"":[767.9052734375,326,193.0947265625,189.3660888671875],""category"":0,""confidence"":null,""corners"":[[771.40240478515625,326],[961,328],[959,515.3660888671875],[767.9052734375,513]],""marker_code"":null,""orientation"":[0,1,2,3],""quality_flags"":0}}]","[{""detection_index"":""0"",""result"":{""bbox"":[767.9052734375,326,193.0947265625,189.87591552734375],""category"":0,""confidence"":null,""corners"":[[771.40240478515625,326],[961,328],[959,515.87591552734375],[767.9052734375,513]],""marker_code"":null,""orientation"":[0,1,2,3],""quality_flags"":0}}]","null","null"
175,1,0,"[]","[{""detection_index"":""0"",""result"":{""bbox"":[749.96002197265625,325.5384521484375,195.03997802734375,189.4615478515625],""category"":0,""confidence"":null,""corners"":[[753.5018310546875,325.5384521484375],[945,328],[942.03228759765625,515],[749.96002197265625,511.71356201171875]],""marker_code"":null,""orientation"":[0,1,2,3],""quality_flags"":0}}]","null","null"
181,1,0,"[]","[{""detection_index"":""0"",""result"":{""bbox"":[684,326,194.2435302734375,189.0452880859375],""category"":0,""confidence"":null,""corners"":[[686,326],[878.2435302734375,327],[874.68060302734375,515.0452880859375],[684,513]],""marker_code"":null,""orientation"":[0,1,2,3],""quality_flags"":0}}]","null","null"
184,1,0,"[]","[{""detection_index"":""0"",""result"":{""bbox"":[648.92486572265625,326,193.107421875,187],""category"":0,""confidence"":null,""corners"":[[650.50115966796875,326],[842.03228759765625,326],[841,513],[648.92486572265625,512.0306396484375]],""marker_code"":null,""orientation"":[0,1,2,3],""quality_flags"":0}}]","null","null"
190,1,0,"[]","[{""detection_index"":""0"",""result"":{""bbox"":[606.8475341796875,320.173828125,190.5662841796875,191.2802734375],""category"":0,""confidence"":null,""corners"":[[606.8475341796875,326.23880004882812],[793.736083984375,320.173828125],[797.413818359375,506.0203857421875],[610.173828125,511.4541015625]],""marker_code"":null,""orientation"":[0,1,2,3],""quality_flags"":0}}]","null","null"
191,1,0,"[{""detection_index"":""0"",""result"":{""bbox"":[606,320,191,191.48773193359375],""category"":0,""confidence"":null,""corners"":[[606,326.15948486328125],[791.82342529296875,320],[797,506.12197875976562],[608.70050048828125,511.48773193359375]],""marker_code"":null,""orientation"":[0,1,2,3],""quality_flags"":0}}]","[{""detection_index"":""0"",""result"":{""bbox"":[606.2498779296875,320.05123901367188,190.87213134765625,191.42657470703125],""category"":0,""confidence"":null,""corners"":[[606.2498779296875,326.182861328125],[792.38726806640625,320.05123901367188],[797.12200927734375,506.092041015625],[609.13482666015625,511.47781372070312]],""marker_code"":null,""orientation"":[0,1,2,3],""quality_flags"":0}}]","null","null"
192,1,0,"[{""detection_index"":""0"",""result"":{""bbox"":[605.13336181640625,320.7052001953125,190.45623779296875,191.13055419921875],""category"":0,""confidence"":null,""corners"":[[605.13336181640625,326.31756591796875],[791.970703125,320.7052001953125],[795.589599609375,506.76351928710938],[608.21484375,511.83575439453125]],""marker_code"":null,""orientation"":[0,1,2,3],""quality_flags"":0}}]","[{""detection_index"":""0"",""result"":{""bbox"":[605.20703125,320.72030639648438,190.4185791015625,191.11251831054688],""category"":0,""confidence"":null,""corners"":[[605.20703125,326.32443237304688],[792.136962890625,320.72030639648438],[795.6256103515625,506.75469970703125],[608.3428955078125,511.83282470703125]],""marker_code"":null,""orientation"":[0,1,2,3],""quality_flags"":0}}]","null","null"
194,1,0,"[]","[{""detection_index"":""0"",""result"":{""bbox"":[602,322,189,190.25115966796875],""category"":0,""confidence"":null,""corners"":[[602,326.36178588867188],[788.035400390625,322],[791,508.6207275390625],[602,512.25115966796875]],""marker_code"":null,""orientation"":[0,1,2,3],""quality_flags"":0}}]","null","null"
195,1,0,"[{""detection_index"":""0"",""result"":{""bbox"":[600,322.21554565429688,188.03228759765625,190.01535034179688],""category"":0,""confidence"":null,""corners"":[[600,326.44967651367188],[787,322.21554565429688],[788.03228759765625,510],[600,512.23089599609375]],""marker_code"":null,""orientation"":[0,1,2,3],""quality_flags"":0}}]","[{""detection_index"":""0"",""result"":{""bbox"":[600.58966064453125,322.15200805664062,188.317626953125,190.08486938476562],""category"":0,""confidence"":null,""corners"":[[600.58966064453125,326.42376708984375],[787.3052978515625,322.15200805664062],[788.90728759765625,509.59335327148438],[600.58966064453125,512.23687744140625]],""marker_code"":null,""orientation"":[0,1,2,3],""quality_flags"":0}}]","null","null"
196,1,0,"[{""detection_index"":""0"",""result"":{""bbox"":[597.03204345703125,324.17910766601562,188.86187744140625,187.88894653320312],""category"":0,""confidence"":null,""corners"":[[599.1259765625,326.132568359375],[785.589599609375,324.17910766601562],[785.8939208984375,511.41036987304688],[597.03204345703125,512.06805419921875]],""marker_code"":null,""orientation"":[0,1,2,3],""quality_flags"":0}}]","[{""detection_index"":""0"",""result"":{""bbox"":[597.20587158203125,324.16036987304688,188.946044921875,187.90945434570312],""category"":0,""confidence"":null,""corners"":[[599.29986572265625,326.12493896484375],[785.67962646484375,324.16036987304688],[786.15191650390625,511.29049682617188],[597.20587158203125,512.06982421875]],""marker_code"":null,""orientation"":[0,1,2,3],""quality_flags"":0}}]","null","null"
197,1,0,"[]","[{""detection_index"":""0"",""result"":{""bbox"":[594.94512939453125,325.15789794921875,190.2552490234375,188.0433349609375],""category"":0,""confidence"":null,""corners"":[[598.3831787109375,325.15789794921875],[785.20037841796875,326.16287231445312],[782.8741455078125,513.20123291015625],[594.94512939453125,511.31539916992188]],""marker_code"":null,""orientation"":[0,1,2,3],""quality_flags"":0}}]","null","null"
198,1,0,"[{""detection_index"":""0"",""result"":{""bbox"":[591.82659912109375,322,193.30279541015625,190],""category"":0,""confidence"":null,""corners"":[[598.18438720703125,322],[785.12939453125,326],[779.55584716796875,512],[591.82659912109375,507.68048095703125]],""marker_code"":null,""orientation"":[0,1,2,3],""quality_flags"":0}}]","[{""detection_index"":""0"",""result"":{""bbox"":[592.7459716796875,322.93096923828125,192.40435791015625,189.42315673828125],""category"":0,""confidence"":null,""corners"":[[598.24298095703125,322.93096923828125],[785.15032958984375,326.04800415039062],[780.53411865234375,512.3541259765625],[592.7459716796875,508.7520751953125]],""marker_code"":null,""orientation"":[0,1,2,3],""quality_flags"":0}}]","null","null"
199,1,0,"[{""detection_index"":""0"",""result"":{""bbox"":[589.0589599609375,320.58963012695312,194.62579345703125,190.9522705078125],""category"":0,""confidence"":null,""corners"":[[596.751708984375,320.58963012695312],[783.68475341796875,325.9964599609375],[777.46112060546875,511.54190063476562],[589.0589599609375,505.79022216796875]],""marker_code"":null,""orientation"":[0,1,2,3],""quality_flags"":0}}]","[{""detection_index"":""0"",""result"":{""bbox"":[589.3299560546875,320.86407470703125,194.3609619140625,190.7822265625],""category"":0,""confidence"":null,""corners"":[[596.76898193359375,320.86407470703125],[783.69091796875,326.0106201171875],[777.74951171875,511.64630126953125],[589.3299560546875,506.10614013671875]],""marker_code"":null,""orientation"":[0,1,2,3],""quality_flags"":0}}]","null","null"
201,1,0,"[{""detection_index"":""0"",""result"":{""bbox"":[574,316.69610595703125,199.0908203125,193.30389404296875],""category"":0,""confidence"":null,""corners"":[[584.40167236328125,316.69610595703125],[773.0908203125,324.5919189453125],[762.28814697265625,510],[574,502]],""marker_code"":null,""orientation"":[0,1,2,3],""quality_flags"":0}}]","[{""detection_index"":""0"",""result"":{""bbox"":[573.6029052734375,316.69949340820312,199.4879150390625,193.83187866210938],""category"":0,""confidence"":null,""corners"":[[584.50177001953125,316.69949340820312],[773.0908203125,324.5919189453125],[762.25579833984375,510.5313720703125],[573.6029052734375,501.71868896484375]],""marker_code"":null,""orientation"":[0,1,2,3],""quality_flags"":0}}]","null","null"
204,1,0,"[{""detection_index"":""0"",""result"":{""bbox"":[542.6199951171875,319.53857421875,198.851806640625,191.8756103515625],""category"":0,""confidence"":null,""corners"":[[550.139404296875,319.53857421875],[741.4718017578125,326.03945922851562],[732.23199462890625,511.4141845703125],[542.6199951171875,504.92373657226562]],""marker_code"":null,""orientation"":[0,1,2,3],""quality_flags"":0}}]","[{""detection_index"":""0"",""result"":{""bbox"":[542.6199951171875,319.544189453125,198.851806640625,191.86904907226562],""category"":0,""confidence"":null,""corners"":[[550.36865234375,319.544189453125],[741.4718017578125,326.03945922851562],[732.1978759765625,511.41323852539062],[542.6199951171875,504.92373657226562]],""marker_code"":null,""orientation"":[0,1,2,3],""quality_flags"":0}}]","null","null"
208,1,0,"[]","[{""detection_index"":""0"",""result"":{""bbox"":[502.77734375,322,190.22265625,189],""category"":0,""confidence"":null,""corners"":[[502.77734375,326.67935180664062],[692.03228759765625,322],[693,507.35818481445312],[504,511]],""marker_code"":null,""orientation"":[0,1,2,3],""quality_flags"":0}}]","null","null"
212,1,0,"[{""detection_index"":""0"",""result"":{""bbox"":[478.16116333007812,316,192.42459106445312,194.00860595703125],""category"":0,""confidence"":null,""corners"":[[478.16116333007812,325.10394287109375],[664.48358154296875,316],[670.58575439453125,501.39260864257812],[483.63772583007812,510.00860595703125]],""marker_code"":null,""orientation"":[0,1,2,3],""quality_flags"":0}}]","[{""detection_index"":""0"",""result"":{""bbox"":[478.16116333007812,315.68475341796875,192.42459106445312,194.3238525390625],""category"":0,""confidence"":null,""corners"":[[478.16116333007812,325.10394287109375],[664.48358154296875,315.68475341796875],[670.58575439453125,501.39260864257812],[483.63772583007812,510.00860595703125]],""marker_code"":null,""orientation"":[0,1,2,3],""quality_flags"":0}}]","null","null"
213,1,0,"[{""detection_index"":""0"",""result"":{""bbox"":[474.3682861328125,316.33621215820312,191.81353759765625,193.86508178710938],""category"":0,""confidence"":null,""corners"":[[474.3682861328125,325.96347045898438],[660.6165771484375,316.33621215820312],[666.18182373046875,502.1072998046875],[479.08282470703125,510.2012939453125]],""marker_code"":null,""orientation"":[0,1,2,3],""quality_flags"":0}}]","[{""detection_index"":""0"",""result"":{""bbox"":[474.3682861328125,316.2432861328125,191.81353759765625,193.9580078125],""category"":0,""confidence"":null,""corners"":[[474.3682861328125,325.96347045898438],[660.6165771484375,316.2432861328125],[666.18182373046875,502.1072998046875],[479.08282470703125,510.2012939453125]],""marker_code"":null,""orientation"":[0,1,2,3],""quality_flags"":0}}]","null","null"
214,1,0,"[{""detection_index"":""0"",""result"":{""bbox"":[471.28781127929688,317.50949096679688,190.78176879882812,192.883544921875],""category"":0,""confidence"":null,""corners"":[[471.28781127929688,326.12664794921875],[657.3837890625,317.50949096679688],[662.069580078125,503.42752075195312],[475.10769653320312,510.39303588867188]],""marker_code"":null,""orientation"":[0,1,2,3],""quality_flags"":0}}]","[{""detection_index"":""0"",""result"":{""bbox"":[471.28781127929688,317.48211669921875,190.78176879882812,192.91091918945312],""category"":0,""confidence"":null,""corners"":[[471.28781127929688,326.12664794921875],[657.3837890625,317.48211669921875],[662.069580078125,503.42752075195312],[475.10769653320312,510.39303588867188]],""marker_code"":null,""orientation"":[0,1,2,3],""quality_flags"":0}}]","null","null"
223,1,0,"[{""detection_index"":""0"",""result"":{""bbox"":[433.58819580078125,316,199.84405517578125,193.6541748046875],""category"":0,""confidence"":null,""corners"":[[446.49624633789062,316],[633.4322509765625,324.26654052734375],[622.17645263671875,509.6541748046875],[433.58819580078125,499.80874633789062]],""marker_code"":null,""orientation"":[0,1,2,3],""quality_flags"":0}}]","[{""detection_index"":""0"",""result"":{""bbox"":[433.58819580078125,315.25827026367188,199.84405517578125,194.39590454101562],""category"":0,""confidence"":null,""corners"":[[446.5755615234375,315.25827026367188],[633.4322509765625,324.26654052734375],[622.17645263671875,509.6541748046875],[433.58819580078125,499.80874633789062]],""marker_code"":null,""orientation"":[0,1,2,3],""quality_flags"":0}}]","null","null"
225,1,0,"[{""detection_index"":""0"",""result"":{""bbox"":[414,318,197,191.81204223632812],""category"":0,""confidence"":null,""corners"":[[423.39239501953125,318],[611,324],[602.79388427734375,509.81204223632812],[414,502.5618896484375]],""marker_code"":null,""orientation"":[0,1,2,3],""quality_flags"":0}}]","[{""detection_index"":""0"",""result"":{""bbox"":[413.75546264648438,317.48483276367188,197.49716186523438,192.75753784179688],""category"":0,""confidence"":null,""corners"":[[423.41351318359375,317.48483276367188],[611.25262451171875,324.44863891601562],[602.23504638671875,510.24237060546875],[413.75546264648438,502.55484008789062]],""marker_code"":null,""orientation"":[0,1,2,3],""quality_flags"":0}}]","null","null"
231,1,0,"[]","[{""detection_index"":""0"",""result"":{""bbox"":[340,324.74346923828125,191,186.25653076171875],""category"":0,""confidence"":null,""corners"":[[342,326],[531,324.74346923828125],[529,511],[340,511]],""marker_code"":null,""orientation"":[0,1,2,3],""quality_flags"":0}}]","null","null"
241,1,0,"[]","[{""detection_index"":""0"",""result"":{""bbox"":[226.76480102539062,326,189.98135375976562,185],""category"":0,""confidence"":null,""corners"":[[230,327.28265380859375],[416.74615478515625,326],[413,511],[226.76480102539062,511]],""marker_code"":null,""orientation"":[0,1,2,3],""quality_flags"":0}}]","null","null"
306,1,0,"[{""detection_index"":""0"",""result"":{""bbox"":[228.8331298828125,322.59661865234375,192.1668701171875,188.35031127929688],""category"":0,""confidence"":null,""corners"":[[237.03067016601562,322.59661865234375],[421,326],[414.19705200195312,510.94692993164062],[228.8331298828125,507]],""marker_code"":null,""orientation"":[0,1,2,3],""quality_flags"":0}}]","[{""detection_index"":""0"",""result"":{""bbox"":[228.8331298828125,322.59661865234375,192.43106079101562,188.35031127929688],""category"":0,""confidence"":null,""corners"":[[237.03067016601562,322.59661865234375],[421.26419067382812,326],[414.19705200195312,510.94692993164062],[228.8331298828125,507]],""marker_code"":null,""orientation"":[0,1,2,3],""quality_flags"":0}}]","null","null"
309,1,0,"[]","[{""detection_index"":""0"",""result"":{""bbox"":[240.49539184570312,323.41036987304688,191.89886474609375,187.74139404296875],""category"":0,""confidence"":null,""corners"":[[249.27407836914062,323.41036987304688],[432.39425659179688,326],[425.37313842773438,511.15176391601562],[240.49539184570312,507.20343017578125]],""marker_code"":null,""orientation"":[0,1,2,3],""quality_flags"":0}}]","null","null"
310,1,0,"[{""detection_index"":""0"",""result"":{""bbox"":[246,324.92535400390625,189,186.07464599609375],""category"":0,""confidence"":null,""corners"":[[252,324.92535400390625],[435,326],[429.68487548828125,511],[246,509]],""marker_code"":null,""orientation"":[0,1,2,3],""quality_flags"":0}}]","[{""detection_index"":""0"",""result"":{""bbox"":[244.377197265625,324.47872924804688,189.8546142578125,186.56600952148438],""category"":0,""confidence"":null,""corners"":[[251.19638061523438,324.47872924804688],[434.2318115234375,326],[428.41372680664062,511.04473876953125],[244.377197265625,508.47036743164062]],""marker_code"":null,""orientation"":[0,1,2,3],""quality_flags"":0}}]","null","null"
311,1,0,"[{""detection_index"":""0"",""result"":{""bbox"":[247.80938720703125,326,187.91854858398438,185.6019287109375],""category"":0,""confidence"":null,""corners"":[[252.89312744140625,326.38836669921875],[435.72793579101562,326],[432.02267456054688,511.6019287109375],[247.80938720703125,510.41036987304688]],""marker_code"":null,""orientation"":[0,1,2,3],""quality_flags"":0}}]","[{""detection_index"":""0"",""result"":{""bbox"":[247.33097839355469,326,188.17048645019531,185.6151123046875],""category"":0,""confidence"":null,""corners"":[[252.65621948242188,326.2567138671875],[435.50146484375,326],[431.64791870117188,511.6151123046875],[247.33097839355469,510.25424194335938]],""marker_code"":null,""orientation"":[0,1,2,3],""quality_flags"":0}}]","null","null"
312,1,0,"[{""detection_index"":""0"",""result"":{""bbox"":[250.76446533203125,325.019287109375,187.62225341796875,186.15817260742188],""category"":0,""confidence"":null,""corners"":[[255.205810546875,326.81967163085938],[438.38671875,325.019287109375],[435.0838623046875,511.17745971679688],[250.76446533203125,510.826171875]],""marker_code"":null,""orientation"":[0,1,2,3],""quality_flags"":0}}]","[{""detection_index"":""0"",""result"":{""bbox"":[250.6234130859375,325.019287109375,187.696533203125,186.16207885742188],""category"":0,""confidence"":null,""corners"":[[255.13597106933594,326.78085327148438],[438.3199462890625,325.019287109375],[434.973388671875,511.18136596679688],[250.6234130859375,510.78012084960938]],""marker_code"":null,""orientation"":[0,1,2,3],""quality_flags"":0}}]","null","null"
313,1,0,"[{""detection_index"":""0"",""result"":{""bbox"":[254.45652770996094,324.30050659179688,185.77305603027344,187.42422485351562],""category"":0,""confidence"":null,""corners"":[[257.17623901367188,327.66775512695312],[440.22958374023438,324.30050659179688],[439.25588989257812,510.15771484375],[254.45652770996094,511.7247314453125]],""marker_code"":null,""orientation"":[0,1,2,3],""quality_flags"":0}}]","[{""detection_index"":""0"",""result"":{""bbox"":[254.41493225097656,324.30050659179688,185.79496765136719,187.41067504882812],""category"":0,""confidence"":null,""corners"":[[257.15567016601562,327.65628051757812],[440.20989990234375,324.30050659179688],[439.22329711914062,510.15887451171875],[254.41493225097656,511.711181640625]],""marker_code"":null,""orientation"":[0,1,2,3],""quality_flags"":0}}]","null","null"
326,1,0,"[]","[{""detection_index"":""0"",""result"":{""bbox"":[390.77420043945312,326,194.85977172851562,186.8739013671875],""category"":0,""confidence"":null,""corners"":[[395.37271118164062,326],[585.63397216796875,326],[581,512.8739013671875],[390.77420043945312,511]],""marker_code"":null,""orientation"":[0,1,2,3],""quality_flags"":0}}]","null","null"
328,1,0,"[]","[{""detection_index"":""0"",""result"":{""bbox"":[416.48504638671875,326,193.5472412109375,186],""category"":0,""confidence"":null,""corners"":[[420.30355834960938,326],[610.03228759765625,326],[607,512],[416.48504638671875,511]],""marker_code"":null,""orientation"":[0,1,2,3],""quality_flags"":0}}]","null","null"
345,1,0,"[]","[{""detection_index"":""0"",""result"":{""bbox"":[576.7396240234375,326,192.2603759765625,186.83624267578125],""category"":0,""confidence"":null,""corners"":[[580,326],[769,326],[767,512.83624267578125],[576.7396240234375,512]],""marker_code"":null,""orientation"":[0,1,2,3],""quality_flags"":0}}]","null","null"
350,1,0,"[{""detection_index"":""0"",""result"":{""bbox"":[606.23114013671875,326,191,187.215087890625],""category"":0,""confidence"":null,""corners"":[[609.218994140625,326],[797.23114013671875,326.74282836914062],[795.18048095703125,513.215087890625],[606.23114013671875,512]],""marker_code"":null,""orientation"":[0,1,2,3],""quality_flags"":0}}]","[{""detection_index"":""0"",""result"":{""bbox"":[606.23114013671875,326,191,187.716552734375],""category"":0,""confidence"":null,""corners"":[[609.218994140625,326],[797.23114013671875,326.78970336914062],[795.17974853515625,513.716552734375],[606.23114013671875,512]],""marker_code"":null,""orientation"":[0,1,2,3],""quality_flags"":0}}]","null","null"
351,1,0,"[]","[{""detection_index"":""0"",""result"":{""bbox"":[612.19293212890625,326,191.83935546875,188.107666015625],""category"":0,""confidence"":null,""corners"":[[616,326],[804.03228759765625,327.1805419921875],[802.03228759765625,514.107666015625],[612.19293212890625,511.88162231445312]],""marker_code"":null,""orientation"":[0,1,2,3],""quality_flags"":0}}]","null","null"
352,1,0,"[{""detection_index"":""0"",""result"":{""bbox"":[618,326,191,188],""category"":0,""confidence"":null,""corners"":[[621.03765869140625,326],[809,327.43606567382812],[807,514],[618,512]],""marker_code"":null,""orientation"":[0,1,2,3],""quality_flags"":0}}]","[{""detection_index"":""0"",""result"":{""bbox"":[616.28802490234375,326,191.2474365234375,188.03173828125],""category"":0,""confidence"":null,""corners"":[[619.552490234375,326],[807.53546142578125,327.36074829101562],[805.53546142578125,514.03173828125],[616.28802490234375,511.965087890625]],""marker_code"":null,""orientation"":[0,1,2,3],""quality_flags"":0}}]","null","null"
353,1,0,"[{""detection_index"":""0"",""result"":{""bbox"":[620.82073974609375,326,192.04071044921875,188.1617431640625],""category"":0,""confidence"":null,""corners"":[[624.53704833984375,326],[812.8614501953125,327.52471923828125],[809.82073974609375,514.1617431640625],[620.82073974609375,512]],""marker_code"":null,""orientation"":[0,1,2,3],""quality_flags"":0}}]","[{""detection_index"":""0"",""result"":{""bbox"":[622,326,192.47576904296875,188.2293701171875],""category"":0,""confidence"":null,""corners"":[[626,326],[814.47576904296875,327.561767578125],[811,514.2293701171875],[622,512]],""marker_code"":null,""orientation"":[0,1,2,3],""quality_flags"":0}}]","null","null"
354,1,0,"[{""detection_index"":""0"",""result"":{""bbox"":[624.89739990234375,326,191.6104736328125,188.32965087890625],""category"":0,""confidence"":null,""corners"":[[628.38946533203125,326],[816.50787353515625,327.15469360351562],[813.31512451171875,514.32965087890625],[624.89739990234375,512]],""marker_code"":null,""orientation"":[0,1,2,3],""quality_flags"":0}}]","[{""detection_index"":""0"",""result"":{""bbox"":[625.24505615234375,326,191.73876953125,188.349609375],""category"":0,""confidence"":null,""corners"":[[628.82073974609375,326],[816.98382568359375,327.16561889648438],[813.66278076171875,514.349609375],[625.24505615234375,512]],""marker_code"":null,""orientation"":[0,1,2,3],""quality_flags"":0}}]","null","null"
355,1,0,"[{""detection_index"":""0"",""result"":{""bbox"":[628.98968505859375,326,191.4139404296875,188.39190673828125],""category"":0,""confidence"":null,""corners"":[[632.345947265625,326],[820.40362548828125,327.04559326171875],[818.052001953125,514.39190673828125],[628.98968505859375,511.7210693359375]],""marker_code"":null,""orientation"":[0,1,2,3],""quality_flags"":0}}]","[{""detection_index"":""0"",""result"":{""bbox"":[629.0921630859375,326,191.4517822265625,188.39776611328125],""category"":0,""confidence"":null,""corners"":[[632.47314453125,326],[820.5439453125,327.048828125],[818.15447998046875,514.39776611328125],[629.0921630859375,511.7210693359375]],""marker_code"":null,""orientation"":[0,1,2,3],""quality_flags"":0}}]","null","null"
356,1,0,"[{""detection_index"":""0"",""result"":{""bbox"":[632.9537353515625,326,191.4190673828125,188.3922119140625],""category"":0,""confidence"":null,""corners"":[[636.3330078125,326],[824.372802734375,327.204345703125],[821.330322265625,514.3922119140625],[632.9537353515625,511.637451171875]],""marker_code"":null,""orientation"":[0,1,2,3],""quality_flags"":0}}]","[{""detection_index"":""0"",""result"":{""bbox"":[632.98394775390625,326,191.43017578125,188.3939208984375],""category"":0,""confidence"":null,""corners"":[[636.3704833984375,326],[824.41412353515625,327.20529174804688],[821.36053466796875,514.3939208984375],[632.98394775390625,511.637451171875]],""marker_code"":null,""orientation"":[0,1,2,3],""quality_flags"":0}}]","null","null"
357,1,0,"[{""detection_index"":""0"",""result"":{""bbox"":[636.5123291015625,326,191.12353515625,188.34686279296875],""category"":0,""confidence"":null,""corners"":[[640.329345703125,326],[827.6358642578125,327.06024169921875],[825.32855224609375,514.34686279296875],[636.5123291015625,511.89312744140625]],""marker_code"":null,""orientation"":[0,1,2,3],""quality_flags"":0}}]","[{""detection_index"":""0"",""result"":{""bbox"":[636.521240234375,326,191.1268310546875,188.34735107421875],""category"":0,""confidence"":null,""corners"":[[640.34039306640625,326],[827.6480712890625,327.06051635742188],[825.33746337890625,514.34735107421875],[636.521240234375,511.89312744140625]],""marker_code"":null,""orientation"":[0,1,2,3],""quality_flags"":0}}]","null","null"
358,1,0,"[{""detection_index"":""0"",""result"":{""bbox"":[640.3822021484375,326,191.036376953125,188.10223388671875],""category"":0,""confidence"":null,""corners"":[[643.88629150390625,326],[831.4185791015625,327.01776123046875],[829.3280029296875,514.10223388671875],[640.3822021484375,511.96847534179688]],""marker_code"":null,""orientation"":[0,1,2,3],""quality_flags"":0}}]","[{""detection_index"":""0"",""result"":{""bbox"":[640.38482666015625,326,191.037353515625,188.1024169921875],""category"":0,""confidence"":null,""corners"":[[643.8895263671875,326],[831.42218017578125,327.01785278320312],[829.33062744140625,514.1024169921875],[640.38482666015625,511.96847534179688]],""marker_code"":null,""orientation"":[0,1,2,3],""quality_flags"":0}}]","null","null"
359,1,0,"[{""detection_index"":""0"",""result"":{""bbox"":[643.9688720703125,326,190.7032470703125,188.24932861328125],""category"":0,""confidence"":null,""corners"":[[646.7872314453125,326],[834.672119140625,327.0052490234375],[832.3223876953125,514.24932861328125],[643.9688720703125,511.72186279296875]],""marker_code"":null,""orientation"":[0,1,2,3],""quality_flags"":0}}]","[{""detection_index"":""0"",""result"":{""bbox"":[643.96966552734375,326,190.70355224609375,188.2493896484375],""category"":0,""confidence"":null,""corners"":[[646.7882080078125,326],[834.6732177734375,327.0052490234375],[832.32318115234375,514.2493896484375],[643.96966552734375,511.72186279296875]],""marker_code"":null,""orientation"":[0,1,2,3],""quality_flags"":0}}]","null","null"
360,1,0,"[{""detection_index"":""0"",""result"":{""bbox"":[646.81158447265625,326,190.91253662109375,188.073486328125],""category"":0,""confidence"":null,""corners"":[[650.4632568359375,326],[837.72412109375,327.00155639648438],[835.62103271484375,514.073486328125],[646.81158447265625,512.6231689453125]],""marker_code"":null,""orientation"":[0,1,2,3],""quality_flags"":0}}]","[{""detection_index"":""0"",""result"":{""bbox"":[646.81182861328125,326,190.91259765625,188.07354736328125],""category"":0,""confidence"":null,""corners"":[[650.4635009765625,326],[837.72442626953125,327.00155639648438],[835.6212158203125,514.07354736328125],[646.81182861328125,512.6231689453125]],""marker_code"":null,""orientation"":[0,1,2,3],""quality_flags"":0}}]","null","null"
361,1,0,"[{""detection_index"":""0"",""result"":{""bbox"":[650.3262939453125,326,190.4359130859375,188.02166748046875],""category"":0,""confidence"":null,""corners"":[[652.95733642578125,326],[840.76220703125,327.44903564453125],[838.411376953125,514.02166748046875],[650.3262939453125,512.79052734375]],""marker_code"":null,""orientation"":[0,1,2,3],""quality_flags"":0}}]","[{""detection_index"":""0"",""result"":{""bbox"":[650.32635498046875,326,190.4359130859375,188.02166748046875],""category"":0,""confidence"":null,""corners"":[[652.9573974609375,326],[840.76226806640625,327.44903564453125],[838.4114990234375,514.02166748046875],[650.32635498046875,512.79052734375]],""marker_code"":null,""orientation"":[0,1,2,3],""quality_flags"":0}}]","null","null"
362,1,0,"[{""detection_index"":""0"",""result"":{""bbox"":[652.91693115234375,326,190.833740234375,188.00640869140625],""category"":0,""confidence"":null,""corners"":[[655.94073486328125,326],[843.75067138671875,326.42718505859375],[841.647216796875,514.00640869140625],[652.91693115234375,512.938232421875]],""marker_code"":null,""orientation"":[0,1,2,3],""quality_flags"":0}}]","[{""detection_index"":""0"",""result"":{""bbox"":[652.9169921875,326,190.83367919921875,188.00640869140625],""category"":0,""confidence"":null,""corners"":[[655.9407958984375,326],[843.75067138671875,326.42718505859375],[841.64727783203125,514.00640869140625],[652.9169921875,512.938232421875]],""marker_code"":null,""orientation"":[0,1,2,3],""quality_flags"":0}}]","null","null"
397,1,0,"[]","[{""detection_index"":""0"",""result"":{""bbox"":[1026,328,194.0322265625,189],""category"":0,""confidence"":null,""corners"":[[1026.9677734375,328],[1220.0322265625,329],[1220.0322265625,517],[1026,515.46514892578125]],""marker_code"":null,""orientation"":[0,1,2,3],""quality_flags"":0}}]","null","null"
411,1,0,"[]","[{""detection_index"":""0"",""result"":{""bbox"":[1114,325,197,191.6348876953125],""category"":0,""confidence"":null,""corners"":[[1114,328.37066650390625],[1306.0322265625,325],[1311,513.6197509765625],[1118,516.6348876953125]],""marker_code"":null,""orientation"":[0,1,2,3],""quality_flags"":0}}]","null","null"
475,1,0,"[]","[{""detection_index"":""0"",""result"":{""bbox"":[1192,329,195.0357666015625,190],""category"":0,""confidence"":null,""corners"":[[1192,329],[1387,330.15274047851562],[1387.0357666015625,519],[1192,518.04547119140625]],""marker_code"":null,""orientation"":[0,1,2,3],""quality_flags"":0}}]","null","null"
484,1,0,"[]","[{""detection_index"":""0"",""result"":{""bbox"":[1090.5062255859375,328,194.4937744140625,189.87738037109375],""category"":0,""confidence"":null,""corners"":[[1090.9677734375,328],[1285,329],[1285,517.87738037109375],[1090.5062255859375,516.80230712890625]],""marker_code"":null,""orientation"":[0,1,2,3],""quality_flags"":0}}]","null","null"
491,1,0,"[]","[{""detection_index"":""0"",""result"":{""bbox"":[1050.3353271484375,325.55157470703125,194.3343505859375,190.8580322265625],""category"":0,""confidence"":null,""corners"":[[1050.3353271484375,328.46197509765625],[1240.3851318359375,325.55157470703125],[1244.669677734375,513.73443603515625],[1053.666015625,516.40960693359375]],""marker_code"":null,""orientation"":[0,1,2,3],""quality_flags"":0}}]","null","null"
492,1,0,"[{""detection_index"":""0"",""result"":{""bbox"":[1044,324.3814697265625,195,191.86968994140625],""category"":0,""confidence"":null,""corners"":[[1044,328.45550537109375],[1235,324.3814697265625],[1239,513.75042724609375],[1048,516.25115966796875]],""marker_code"":null,""orientation"":[0,1,2,3],""quality_flags"":0}}]","[{""detection_index"":""0"",""result"":{""bbox"":[1045.86767578125,324.7264404296875,194.8038330078125,191.5714111328125],""category"":0,""confidence"":null,""corners"":[[1045.86767578125,328.4573974609375],[1236.5875244140625,324.7264404296875],[1240.6715087890625,513.7457275390625],[1049.67041015625,516.2978515625]],""marker_code"":null,""orientation"":[0,1,2,3],""quality_flags"":0}}]","null","null"
493,1,0,"[]","[{""detection_index"":""0"",""result"":{""bbox"":[1041.7298583984375,324.82516479492188,195.0260009765625,191.07943725585938],""category"":0,""confidence"":null,""corners"":[[1041.7298583984375,328.4315185546875],[1232.4971923828125,324.82516479492188],[1236.755859375,513.3790283203125],[1045.902587890625,515.90460205078125]],""marker_code"":null,""orientation"":[0,1,2,3],""quality_flags"":0}}]","null","null"
516,1,0,"[]","[{""detection_index"":""0"",""result"":{""bbox"":[896,327.058837890625,195,189.941162109375],""category"":0,""confidence"":null,""corners"":[[898,327.058837890625],[1091,328],[1089.354736328125,517],[896,514.57696533203125]],""marker_code"":null,""orientation"":[0,1,2,3],""quality_flags"":0}}]","null","null"
520,1,0,"[]","[{""detection_index"":""0"",""result"":{""bbox"":[850.34442138671875,325.96099853515625,194.65557861328125,190.03900146484375],""category"":0,""confidence"":null,""corners"":[[852.96771240234375,325.96099853515625],[1045,328],[1044.0322265625,516],[850.34442138671875,514]],""marker_code"":null,""orientation"":[0,1,2,3],""quality_flags"":0}}]","null","null"
527,1,0,"[]","[{""detection_index"":""0"",""result"":{""bbox"":[774.6966552734375,326,194.3033447265625,189.04766845703125],""category"":0,""confidence"":null,""corners"":[[778,326],[969,328],[966.575927734375,515.04766845703125],[774.6966552734375,513]],""marker_code"":null,""orientation"":[0,1,2,3],""quality_flags"":0}}]","null","null"
528,1,0,"[]","[{""detection_index"":""0"",""result"":{""bbox"":[764,326,194.03228759765625,188.87579345703125],""category"":0,""confidence"":null,""corners"":[[766,326],[958.03228759765625,328],[956.92547607421875,514.87579345703125],[764,512.48614501953125]],""marker_code"":null,""orientation"":[0,1,2,3],""quality_flags"":0}}]","null","null"
572,1,0,"[]","[{""detection_index"":""0"",""result"":{""bbox"":[380.9989013671875,326,192.65496826171875,186],""category"":0,""confidence"":null,""corners"":[[385.05899047851562,326],[573.65386962890625,326],[568.36248779296875,512],[380.9989013671875,511]],""marker_code"":null,""orientation"":[0,1,2,3],""quality_flags"":0}}]","null","null"
580,1,0,"[]","[{""detection_index"":""0"",""result"":{""bbox"":[296,326,191,186],""category"":0,""confidence"":null,""corners"":[[300,327.52310180664062],[487,326],[483.6873779296875,512],[296,511]],""marker_code"":null,""orientation"":[0,1,2,3],""quality_flags"":0}}]","null","null"
585,1,0,"[]","[{""detection_index"":""0"",""result"":{""bbox"":[242,327.07351684570312,191,184.92648315429688],""category"":0,""confidence"":null,""corners"":[[246,327.07351684570312],[433,327.13217163085938],[429,512],[242,511]],""marker_code"":null,""orientation"":[0,1,2,3],""quality_flags"":0}}]","null","null"
599,1,0,"[]","[{""detection_index"":""0"",""result"":{""bbox"":[102,327,187,185.3175048828125],""category"":0,""confidence"":null,""corners"":[[106.07029724121094,328],[289,327],[285.48397827148438,511.78851318359375],[102,512.3175048828125]],""marker_code"":null,""orientation"":[0,1,2,3],""quality_flags"":0}}]","null","null"
631,1,0,"[]","[{""detection_index"":""0"",""result"":{""bbox"":[212,324,187.32962036132812,187],""category"":0,""confidence"":null,""corners"":[[214,327.84365844726562],[399.32962036132812,324],[399,508.36453247070312],[212,511]],""marker_code"":null,""orientation"":[0,1,2,3],""quality_flags"":0}}]","null","null"
636,1,0,"[]","[{""detection_index"":""0"",""result"":{""bbox"":[268,324.88525390625,189,186.11474609375],""category"":0,""confidence"":null,""corners"":[[270,327.36749267578125],[457,324.88525390625],[455,510.72805786132812],[268,511]],""marker_code"":null,""orientation"":[0,1,2,3],""quality_flags"":0}}]","null","null"
640,1,0,"[]","[{""detection_index"":""0"",""result"":{""bbox"":[314,326,191,185.92507934570312],""category"":0,""confidence"":null,""corners"":[[317.25289916992188,326.26168823242188],[505,326],[502.03225708007812,511.92507934570312],[314,511]],""marker_code"":null,""orientation"":[0,1,2,3],""quality_flags"":0}}]","null","null"
667,1,0,"[{""detection_index"":""0"",""result"":{""bbox"":[355.13504028320312,324,195.86495971679688,189.052490234375],""category"":0,""confidence"":null,""corners"":[[361.44793701171875,324],[551,326],[547,513.052490234375],[355.13504028320312,510.54196166992188]],""marker_code"":null,""orientation"":[0,1,2,3],""quality_flags"":0}}]","[{""detection_index"":""0"",""result"":{""bbox"":[355.875,324,195.125,189.052490234375],""category"":0,""confidence"":null,""corners"":[[361.44793701171875,324],[551,326],[547,513.052490234375],[355.875,510.54891967773438]],""marker_code"":null,""orientation"":[0,1,2,3],""quality_flags"":0}}]","null","null"
676,1,0,"[]","[{""detection_index"":""0"",""result"":{""bbox"":[254,322,195,187],""category"":0,""confidence"":null,""corners"":[[256,322.27655029296875],[449,322],[447,509],[254,508.75717163085938]],""marker_code"":null,""orientation"":[0,1,2,3],""quality_flags"":0}}]","null","null"
683,1,0,"[]","[{""detection_index"":""0"",""result"":{""bbox"":[220,319,193,189.1773681640625],""category"":0,""confidence"":null,""corners"":[[220,320],[413,319],[412.92581176757812,507],[220,508.1773681640625]],""marker_code"":null,""orientation"":[0,1,2,3],""quality_flags"":0}}]","null","null"
684,1,0,"[]","[{""detection_index"":""0"",""result"":{""bbox"":[230,319,193,189.21539306640625],""category"":0,""confidence"":null,""corners"":[[230,320],[423,319],[423,507],[230,508.21539306640625]],""marker_code"":null,""orientation"":[0,1,2,3],""quality_flags"":0}}]","null","null"
686,1,0,"[]","[{""detection_index"":""0"",""result"":{""bbox"":[250.78903198242188,320,194.21096801757812,188],""category"":0,""confidence"":null,""corners"":[[252,320],[445,320],[444.91622924804688,506.884765625],[250.78903198242188,508]],""marker_code"":null,""orientation"":[0,1,2,3],""quality_flags"":0}}]","null","null"
697,1,0,"[{""detection_index"":""0"",""result"":{""bbox"":[376,320,197.14111328125,193.49090576171875],""category"":0,""confidence"":null,""corners"":[[382,320],[573.14111328125,326.3511962890625],[567,513.49090576171875],[376,507.6407470703125]],""marker_code"":null,""orientation"":[0,1,2,3],""quality_flags"":0}}]","[{""detection_index"":""0"",""result"":{""bbox"":[375.6966552734375,320,197.4444580078125,193.53314208984375],""category"":0,""confidence"":null,""corners"":[[382.221923828125,320],[573.14111328125,326.3511962890625],[566.64794921875,513.53314208984375],[375.6966552734375,507.63339233398438]],""marker_code"":null,""orientation"":[0,1,2,3],""quality_flags"":0}}]","null","null"
700,1,0,"[]","[{""detection_index"":""0"",""result"":{""bbox"":[389.36907958984375,316.82296752929688,198.34832763671875,195.67092895507812],""category"":0,""confidence"":null,""corners"":[[398.72662353515625,316.82296752929688],[587.7174072265625,326.15921020507812],[578.88922119140625,512.493896484375],[389.36907958984375,503.89645385742188]],""marker_code"":null,""orientation"":[0,1,2,3],""quality_flags"":0}}]","null","null"
701,1,0,"[]","[{""detection_index"":""0"",""result"":{""bbox"":[392.2398681640625,316.97817993164062,197.90179443359375,195.49911499023438],""category"":0,""confidence"":null,""corners"":[[401.49041748046875,316.97817993164062],[590.14166259765625,326.1461181640625],[581.36541748046875,512.477294921875],[392.2398681640625,503.72674560546875]],""marker_code"":null,""orientation"":[0,1,2,3],""quality_flags"":0}}]","null","null"
702,1,0,"[{""detection_index"":""0"",""result"":{""bbox"":[396,317.26089477539062,197.1077880859375,195.94570922851562],""category"":0,""confidence"":null,""corners"":[[404,317.26089477539062],[593.1077880859375,326],[585,513.20660400390625],[396,504.54959106445312]],""marker_code"":null,""orientation"":[0,1,2,3],""quality_flags"":0}}]","[{""detection_index"":""0"",""result"":{""bbox"":[394.8914794921875,317.17755126953125,197.34185791015625,195.81402587890625],""category"":0,""confidence"":null,""corners"":[[403.26016235351562,317.17755126953125],[592.23333740234375,326.0430908203125],[583.92852783203125,512.9915771484375],[394.8914794921875,504.3070068359375]],""marker_code"":null,""orientation"":[0,1,2,3],""quality_flags"":0}}]","null","null"
703,1,0,"[{""detection_index"":""0"",""result"":{""bbox"":[397.260498046875,318.4873046875,196.783935546875,194.965576171875],""category"":0,""confidence"":null,""corners"":[[405.67022705078125,318.4873046875],[594.04443359375,326],[586.246826171875,513.452880859375],[397.260498046875,505.43246459960938]],""marker_code"":null,""orientation"":[0,1,2,3],""quality_flags"":0}}]","[{""detection_index"":""0"",""result"":{""bbox"":[396.9337158203125,318.46273803710938,196.8529052734375,194.92678833007812],""category"":0,""confidence"":null,""corners"":[[405.45211791992188,318.46273803710938],[593.78662109375,326.0126953125],[585.93096923828125,513.3895263671875],[396.9337158203125,505.36093139648438]],""marker_code"":null,""orientation"":[0,1,2,3],""quality_flags"":0}}]","null","null"
706,1,0,"[]","[{""detection_index"":""0"",""result"":{""bbox"":[400,322.25326538085938,193.48980712890625,191.82644653320312],""category"":0,""confidence"":null,""corners"":[[404.35882568359375,322.25326538085938],[593.48980712890625,327.67791748046875],[589,514.0797119140625],[400,509.7362060546875]],""marker_code"":null,""orientation"":[0,1,2,3],""quality_flags"":0}}]","null","null"
707,1,0,"[{""detection_index"":""0"",""result"":{""bbox"":[399.944580078125,323,192.08770751953125,191.1048583984375],""category"":0,""confidence"":null,""corners"":[[404,323],[592.03228759765625,327.26144409179688],[589,514.1048583984375],[399.944580078125,510.7501220703125]],""marker_code"":null,""orientation"":[0,1,2,3],""quality_flags"":0}}]","[{""detection_index"":""0"",""result"":{""bbox"":[399.96090698242188,322.77984619140625,192.50106811523438,191.31756591796875],""category"":0,""confidence"":null,""corners"":[[404.10577392578125,322.77984619140625],[592.46197509765625,327.38421630859375],[589,514.097412109375],[399.96090698242188,510.45120239257812]],""marker_code"":null,""orientation"":[0,1,2,3],""quality_flags"":0}}]","null","null"
708,1,0,"[{""detection_index"":""0"",""result"":{""bbox"":[399.185546875,323,192.1187744140625,190.32574462890625],""category"":0,""confidence"":null,""corners"":[[403.08834838867188,323],[591.3043212890625,326.37188720703125],[589,513.32574462890625],[399.185546875,510.74029541015625]],""marker_code"":null,""orientation"":[0,1,2,3],""quality_flags"":0}}]","[{""detection_index"":""0"",""result"":{""bbox"":[399.19036865234375,322.93508911132812,192.24066162109375,190.38845825195312],""category"":0,""confidence"":null,""corners"":[[403.11953735351562,322.93508911132812],[591.4310302734375,326.4080810546875],[589,513.32354736328125],[399.19036865234375,510.65219116210938]],""marker_code"":null,""orientation"":[0,1,2,3],""quality_flags"":0}}]","null","null"
709,1,0,"[{""detection_index"":""0"",""result"":{""bbox"":[398.7825927734375,322.74258422851562,191.624755859375,189.64828491210938],""category"":0,""confidence"":null,""corners"":[[402.32089233398438,322.74258422851562],[590.4073486328125,326.03814697265625],[588.48089599609375,512.390869140625],[398.7825927734375,510.73641967773438]],""marker_code"":null,""orientation"":[0,1,2,3],""quality_flags"":0}}]","[{""detection_index"":""0"",""result"":{""bbox"":[398.78399658203125,322.72344970703125,191.66070556640625,189.666748046875],""category"":0,""confidence"":null,""corners"":[[402.330078125,322.72344970703125],[590.4447021484375,326.04879760742188],[588.48089599609375,512.39019775390625],[398.78399658203125,510.71044921875]],""marker_code"":null,""orientation"":[0,1,2,3],""quality_flags"":0}}]","null","null"
717,1,0,"[]","[{""detection_index"":""0"",""result"":{""bbox"":[412,322.59765625,190.03228759765625,188.40234375],""category"":0,""confidence"":null,""corners"":[[414,322.59765625],[602.03228759765625,325.11166381835938],[600.76019287109375,511],[412,511]],""marker_code"":null,""orientation"":[0,1,2,3],""quality_flags"":0}}]","null","null"
718,1,0,"[{""detection_index"":""0"",""result"":{""bbox"":[414,323,191,188.58975219726562],""category"":0,""confidence"":null,""corners"":[[416,323],[605,325],[604.33856201171875,511.58975219726562],[414,510.88113403320312]],""marker_code"":null,""orientation"":[0,1,2,3],""quality_flags"":0}}]","[{""detection_index"":""0"",""result"":{""bbox"":[413.41036987304688,322.88137817382812,190.71475219726562,188.53451538085938],""category"":0,""confidence"":null,""corners"":[[415.41036987304688,322.88137817382812],[604.1251220703125,325.03292846679688],[603.28363037109375,511.4158935546875],[413.41036987304688,510.91616821289062]],""marker_code"":null,""orientation"":[0,1,2,3],""quality_flags"":0}}]","null","null"
719,1,0,"[{""detection_index"":""0"",""result"":{""bbox"":[415.98504638671875,323,191.1533203125,188.48287963867188],""category"":0,""confidence"":null,""corners"":[[418.09283447265625,323],[607.13836669921875,325],[606.21539306640625,511.48287963867188],[415.98504638671875,510.9649658203125]],""marker_code"":null,""orientation"":[0,1,2,3],""quality_flags"":0}}]","[{""detection_index"":""0"",""result"":{""bbox"":[415.81121826171875,322.96502685546875,191.0692138671875,188.46658325195312],""category"":0,""confidence"":null,""corners"":[[417.91900634765625,322.96502685546875],[606.88043212890625,325.00970458984375],[605.90435791015625,511.43161010742188],[415.81121826171875,510.97528076171875]],""marker_code"":null,""orientation"":[0,1,2,3],""quality_flags"":0}}]","null","null"
724,1,0,"[]","[{""detection_index"":""0"",""result"":{""bbox"":[430.51617431640625,324.00030517578125,192.20587158203125,190.12640380859375],""category"":0,""confidence"":null,""corners"":[[433.95266723632812,324.00030517578125],[622.7220458984375,327.2645263671875],[619.7076416015625,514.126708984375],[430.51617431640625,511]],""marker_code"":null,""orientation"":[0,1,2,3],""quality_flags"":0}}]","null","null"
725,1,0,"[{""detection_index"":""0"",""result"":{""bbox"":[434.65316772460938,324,192.34683227539062,190.2437744140625],""category"":0,""confidence"":null,""corners"":[[438,324],[627,327],[624.6978759765625,514.2437744140625],[434.65316772460938,510.83023071289062]],""marker_code"":null,""orientation"":[0,1,2,3],""quality_flags"":0}}]","[{""detection_index"":""0"",""result"":{""bbox"":[433.43356323242188,324.00009155273438,192.30526733398438,190.20919799804688],""category"":0,""confidence"":null,""corners"":[[436.80682373046875,324.00009155273438],[625.73883056640625,327.07797241210938],[623.22674560546875,514.20928955078125],[433.43356323242188,510.88027954101562]],""marker_code"":null,""orientation"":[0,1,2,3],""quality_flags"":0}}]","null","null"
726,1,0,"[]","[{""detection_index"":""0"",""result"":{""bbox"":[436.65377807617188,324.00003051757812,192.11276245117188,190.29232788085938],""category"":0,""confidence"":null,""corners"":[[440.06243896484375,324.00003051757812],[628.76654052734375,327.28033447265625],[625.88763427734375,514.2923583984375],[436.65377807617188,510.96469116210938]],""marker_code"":null,""orientation"":[0,1,2,3],""quality_flags"":0}}]","null","null"
727,1,0,"[{""detection_index"":""0"",""result"":{""bbox"":[440,324,193.36865234375,190],""category"":0,""confidence"":null,""corners"":[[444,324],[633.36865234375,327.68637084960938],[630.03228759765625,514],[440,511]],""marker_code"":null,""orientation"":[0,1,2,3],""quality_flags"":0}}]","[{""detection_index"":""0"",""result"":{""bbox"":[439.01351928710938,324,192.99838256835938,190.086181640625],""category"":0,""confidence"":null,""corners"":[[442.83917236328125,324],[632.01190185546875,327.56668090820312],[628.8104248046875,514.086181640625],[439.01351928710938,510.98959350585938]],""marker_code"":null,""orientation"":[0,1,2,3],""quality_flags"":0}}]","null","null"
728,1,0,"[{""detection_index"":""0"",""result"":{""bbox"":[441.91873168945312,324,192.60031127929688,190],""category"":0,""confidence"":null,""corners"":[[445.75390625,324],[634.51904296875,328.09759521484375],[631.918701171875,514],[441.91873168945312,510.82806396484375]],""marker_code"":null,""orientation"":[0,1,2,3],""quality_flags"":0}}]","[{""detection_index"":""0"",""result"":{""bbox"":[441.62789916992188,324,192.49118041992188,190.025390625],""category"":0,""confidence"":null,""corners"":[[445.41171264648438,324],[634.11907958984375,328.06228637695312],[631.5584716796875,514.025390625],[441.62789916992188,510.82501220703125]],""marker_code"":null,""orientation"":[0,1,2,3],""quality_flags"":0}}]","null","null"
729,1,0,"[{""detection_index"":""0"",""result"":{""bbox"":[444.79681396484375,324,192.19976806640625,190.8280029296875],""category"":0,""confidence"":null,""corners"":[[448.74822998046875,324],[636.99658203125,328.02877807617188],[634.09161376953125,514.8280029296875],[444.79681396484375,510.94931030273438]],""marker_code"":null,""orientation"":[0,1,2,3],""quality_flags"":0}}]","[{""detection_index"":""0"",""result"":{""bbox"":[444.7110595703125,324,192.1676025390625,190.83551025390625],""category"":0,""confidence"":null,""corners"":[[448.6473388671875,324],[636.878662109375,328.01837158203125],[633.98541259765625,514.83551025390625],[444.7110595703125,510.94839477539062]],""marker_code"":null,""orientation"":[0,1,2,3],""quality_flags"":0}}]","null","null"
730,1,0,"[{""detection_index"":""0"",""result"":{""bbox"":[447.0556640625,323.67877197265625,192.76409912109375,191.2705078125],""category"":0,""confidence"":null,""corners"":[[451.04135131835938,323.67877197265625],[639.81976318359375,328.00848388671875],[636.53643798828125,514.94927978515625],[447.0556640625,510.98504638671875]],""marker_code"":null,""orientation"":[0,1,2,3],""quality_flags"":0}}]","[{""detection_index"":""0"",""result"":{""bbox"":[447.0303955078125,323.67877197265625,192.75457763671875,191.27276611328125],""category"":0,""confidence"":null,""corners"":[[451.0115966796875,323.67877197265625],[639.78497314453125,328.00540161132812],[636.505126953125,514.9515380859375],[447.0303955078125,510.98480224609375]],""marker_code"":null,""orientation"":[0,1,2,3],""quality_flags"":0}}]","null","null"
731,1,0,"[{""detection_index"":""0"",""result"":{""bbox"":[449.63510131835938,323.90530395507812,192.42727661132812,191.12960815429688],""category"":0,""confidence"":null,""corners"":[[453.64303588867188,323.90530395507812],[642.0623779296875,328.00250244140625],[639.221923828125,515.034912109375],[449.63510131835938,511.03671264648438]],""marker_code"":null,""orientation"":[0,1,2,3],""quality_flags"":0}}]","[{""detection_index"":""0"",""result"":{""bbox"":[449.62765502929688,323.90530395507812,192.42446899414062,191.13021850585938],""category"":0,""confidence"":null,""corners"":[[453.63427734375,323.90530395507812],[642.0521240234375,328.0015869140625],[639.21270751953125,515.0355224609375],[449.62765502929688,511.03662109375]],""marker_code"":null,""orientation"":[0,1,2,3],""quality_flags"":0}}]","null","null"
732,1,0,"[{""detection_index"":""0"",""result"":{""bbox"":[452.36032104492188,323.97207641601562,191.77365112304688,191.19302368164062],""category"":0,""confidence"":null,""corners"":[[456.88333129882812,323.97207641601562],[644.13397216796875,328.16510009765625],[641.88623046875,515.16510009765625],[452.36032104492188,511.01083374023438]],""marker_code"":null,""orientation"":[0,1,2,3],""quality_flags"":0}}]","[{""detection_index"":""0"",""result"":{""bbox"":[452.35812377929688,323.97207641601562,191.77279663085938,191.19320678710938],""category"":0,""confidence"":null,""corners"":[[456.8807373046875,323.97207641601562],[644.13092041015625,328.16482543945312],[641.88348388671875,515.165283203125],[452.35812377929688,511.01080322265625]],""marker_code"":null,""orientation"":[0,1,2,3],""quality_flags"":0}}]","null","null"
733,1,0,"[{""detection_index"":""0"",""result"":{""bbox"":[454.927001953125,323.99176025390625,191.22808837890625,191.24713134765625],""category"":0,""confidence"":null,""corners"":[[459.25027465820312,323.99176025390625],[646.15509033203125,328.2130126953125],[644.08203125,515.2388916015625],[454.927001953125,510.83242797851562]],""marker_code"":null,""orientation"":[0,1,2,3],""quality_flags"":0}}]","[{""detection_index"":""0"",""result"":{""bbox"":[454.92633056640625,323.99176025390625,191.22784423828125,191.2471923828125],""category"":0,""confidence"":null,""corners"":[[459.24951171875,323.99176025390625],[646.1541748046875,328.21295166015625],[644.08123779296875,515.23895263671875],[454.92633056640625,510.83242797851562]],""marker_code"":null,""orientation"":[0,1,2,3],""quality_flags"":0}}]","null","null"
734,1,0,"[{""detection_index"":""0"",""result"":{""bbox"":[456.39328002929688,323.65155029296875,191.76803588867188,191.41888427734375],""category"":0,""confidence"":null,""corners"":[[460.75601196289062,323.65155029296875],[648.16131591796875,328.06280517578125],[645.62200927734375,515.0704345703125],[456.39328002929688,511.30361938476562]],""marker_code"":null,""orientation"":[0,1,2,3],""quality_flags"":0}}]","[{""detection_index"":""0"",""result"":{""bbox"":[456.39309692382812,323.65155029296875,191.76791381835938,191.41888427734375],""category"":0,""confidence"":null,""corners"":[[460.75579833984375,323.65155029296875],[648.1610107421875,328.06277465820312],[645.62176513671875,515.0704345703125],[456.39309692382812,511.30361938476562]],""marker_code"":null,""orientation"":[0,1,2,3],""quality_flags"":0}}]","null","null"
735,1,0,"[{""detection_index"":""0"",""result"":{""bbox"":[457.52633666992188,323.89727783203125,192.63681030273438,191.12347412109375],""category"":0,""confidence"":null,""corners"":[[462.14865112304688,323.89727783203125],[650.16314697265625,328.01852416992188],[647.32171630859375,515.020751953125],[457.52633666992188,511.43548583984375]],""marker_code"":null,""orientation"":[0,1,2,3],""quality_flags"":0}}]","[{""detection_index"":""0"",""result"":{""bbox"":[457.52627563476562,323.89727783203125,192.63674926757812,191.12347412109375],""category"":0,""confidence"":null,""corners"":[[462.14859008789062,323.89727783203125],[650.16302490234375,328.01849365234375],[647.3216552734375,515.020751953125],[457.52627563476562,511.43548583984375]],""marker_code"":null,""orientation"":[0,1,2,3],""quality_flags"":0}}]","null","null"
736,1,0,"[{""detection_index"":""0"",""result"":{""bbox"":[459.270751953125,323.68112182617188,192.21051025390625,191.61013793945312],""category"":0,""confidence"":null,""corners"":[[463.45419311523438,323.68112182617188],[651.48126220703125,328.00546264648438],[648.5052490234375,515.291259765625],[459.270751953125,511.54290771484375]],""marker_code"":null,""orientation"":[0,1,2,3],""quality_flags"":0}}]","[{""detection_index"":""0"",""result"":{""bbox"":[459.27072143554688,323.68112182617188,192.21047973632812,191.61013793945312],""category"":0,""confidence"":null,""corners"":[[463.45419311523438,323.68112182617188],[651.481201171875,328.00546264648438],[648.50518798828125,515.291259765625],[459.27072143554688,511.54290771484375]],""marker_code"":null,""orientation"":[0,1,2,3],""quality_flags"":0}}]","null","null"
740,1,0,"[{""detection_index"":""0"",""result"":{""bbox"":[464.09716796875,323.69863891601562,192.465087890625,191.33389282226562],""category"":0,""confidence"":null,""corners"":[[468.6236572265625,323.69863891601562],[656.562255859375,328.87130737304688],[653.15216064453125,515.03253173828125],[464.09716796875,511.85800170898438]],""marker_code"":null,""orientation"":[0,1,2,3],""quality_flags"":0}}]","[{""detection_index"":""0"",""result"":{""bbox"":[464.09716796875,323.69863891601562,192.465087890625,191.33389282226562],""category"":0,""confidence"":null,""corners"":[[468.62362670898438,323.69863891601562],[656.562255859375,328.87130737304688],[653.15216064453125,515.03253173828125],[464.09716796875,511.85800170898438]],""marker_code"":null,""orientation"":[0,1,2,3],""quality_flags"":0}}]","null","null"
755,1,0,"[]","[{""detection_index"":""0"",""result"":{""bbox"":[454.75164794921875,323.06060791015625,194.24835205078125,192.3966064453125],""category"":0,""confidence"":null,""corners"":[[460,323.06060791015625],[649,329.02249145507812],[645,515.45721435546875],[454.75164794921875,510.67098999023438]],""marker_code"":null,""orientation"":[0,1,2,3],""quality_flags"":0}}]","null","null"
765,1,0,"[]","[{""detection_index"":""0"",""result"":{""bbox"":[364.78790283203125,322,197.74658203125,191],""category"":0,""confidence"":null,""corners"":[[370,322],[562.53448486328125,326.57415771484375],[557.593994140625,513],[364.78790283203125,509.58358764648438]],""marker_code"":null,""orientation"":[0,1,2,3],""quality_flags"":0}}]","null","null"
766,1,0,"[]","[{""detection_index"":""0"",""result"":{""bbox"":[354,322.07931518554688,197,191.29202270507812],""category"":0,""confidence"":null,""corners"":[[358.07196044921875,322.07931518554688],[551,326],[547,513.371337890625],[354,509.45205688476562]],""marker_code"":null,""orientation"":[0,1,2,3],""quality_flags"":0}}]","null","null"
767,1,0,"[]","[{""detection_index"":""0"",""result"":{""bbox"":[342.77420043945312,322,197.25808715820312,191.30047607421875],""category"":0,""confidence"":null,""corners"":[[348,322],[540.03228759765625,326],[535.70758056640625,513.30047607421875],[342.77420043945312,509]],""marker_code"":null,""orientation"":[0,1,2,3],""quality_flags"":0}}]","null","null"
771,1,0,"[]","[{""detection_index"":""0"",""result"":{""bbox"":[298,320.6416015625,197,191.68438720703125],""category"":0,""confidence"":null,""corners"":[[302.89080810546875,320.6416015625],[495,325.36141967773438],[490.62454223632812,512.32598876953125],[298,509]],""marker_code"":null,""orientation"":[0,1,2,3],""quality_flags"":0}}]","null","null"
772,1,0,"[{""detection_index"":""0"",""result"":{""bbox"":[286.7049560546875,320.49212646484375,197.32730102539062,191.06134033203125],""category"":0,""confidence"":null,""corners"":[[292,320.49212646484375],[484.03225708007812,324.76190185546875],[480.22109985351562,511.553466796875],[286.7049560546875,508.68508911132812]],""marker_code"":null,""orientation"":[0,1,2,3],""quality_flags"":0}}]","[{""detection_index"":""0"",""result"":{""bbox"":[286.7049560546875,320.49212646484375,197.32730102539062,191.52459716796875],""category"":0,""confidence"":null,""corners"":[[292,320.49212646484375],[484.03225708007812,324.84494018554688],[480.21356201171875,512.0167236328125],[286.7049560546875,508.68508911132812]],""marker_code"":null,""orientation"":[0,1,2,3],""quality_flags"":0}}]","null","null"
781,1,0,"[]","[{""detection_index"":""0"",""result"":{""bbox"":[186.78669738769531,319,198.32325744628906,191],""category"":0,""confidence"":null,""corners"":[[192.14958190917969,319],[385.10995483398438,323.37826538085938],[380.68667602539062,510],[186.78669738769531,506.54476928710938]],""marker_code"":null,""orientation"":[0,1,2,3],""quality_flags"":0}}]","null","null"
783,1,0,"[{""detection_index"":""0"",""result"":{""bbox"":[164.23684692382812,318,198.76315307617188,191.427001953125],""category"":0,""confidence"":null,""corners"":[[170,318],[363,322],[359,509.427001953125],[164.23684692382812,507]],""marker_code"":null,""orientation"":[0,1,2,3],""quality_flags"":0}}]","[{""detection_index"":""0"",""result"":{""bbox"":[164.23684692382812,318,198.76315307617188,191.83016967773438],""category"":0,""confidence"":null,""corners"":[[170,318],[363,322],[358.6177978515625,509.83016967773438],[164.23684692382812,507]],""marker_code"":null,""orientation"":[0,1,2,3],""quality_flags"":0}}]","null","null"
790,1,0,"[]","[{""detection_index"":""0"",""result"":{""bbox"":[88,318.05755615234375,198.58816528320312,191.10833740234375],""category"":0,""confidence"":null,""corners"":[[92.071983337402344,318.05755615234375],[286.58816528320312,320.72247314453125],[280.859130859375,509.1658935546875],[88,506]],""marker_code"":null,""orientation"":[0,1,2,3],""quality_flags"":0}}]","null","null"
793,1,0,"[]","[{""detection_index"":""0"",""result"":{""bbox"":[58,317,197,191],""category"":0,""confidence"":null,""corners"":[[62.422904968261719,317],[255,320],[251,508],[58,506]],""marker_code"":null,""orientation"":[0,1,2,3],""quality_flags"":0}}]","null","null"
800,1,0,"[]","[{""detection_index"":""0"",""result"":{""bbox"":[1.9999992847442627,316,197,191],""category"":0,""confidence"":null,""corners"":[[7.2487959861755371,316],[199,318],[195,507],[1.9999992847442627,505]],""marker_code"":null,""orientation"":[0,1,2,3],""quality_flags"":0}}]","null","null"
975,1,0,"[]","[{""detection_index"":""0"",""result"":{""bbox"":[40.795528411865234,316.09088134765625,199.23672485351562,192.29251098632812],""category"":0,""confidence"":null,""corners"":[[46,316.09088134765625],[240.03225708007812,320],[235.25164794921875,508.38339233398438],[40.795528411865234,505]],""marker_code"":null,""orientation"":[0,1,2,3],""quality_flags"":0}}]","null","null"
983,1,0,"[{""detection_index"":""0"",""result"":{""bbox"":[134,318,199.50283813476562,191],""category"":0,""confidence"":null,""corners"":[[139.06645202636719,318],[333.50283813476562,321.55123901367188],[327.89718627929688,509],[134,505.757080078125]],""marker_code"":null,""orientation"":[0,1,2,3],""quality_flags"":0}}]","[{""detection_index"":""0"",""result"":{""bbox"":[133.79376220703125,318,199.70907592773438,191],""category"":0,""confidence"":null,""corners"":[[139.06645202636719,318],[333.50283813476562,321.55123901367188],[327.89718627929688,509],[133.79376220703125,505.75216674804688]],""marker_code"":null,""orientation"":[0,1,2,3],""quality_flags"":0}}]","null","null"
988,1,0,"[]","[{""detection_index"":""0"",""result"":{""bbox"":[192,318.7591552734375,198.56536865234375,191.2408447265625],""category"":0,""confidence"":null,""corners"":[[196.50730895996094,318.7591552734375],[390.56536865234375,322],[384.6529541015625,510],[192,506.49642944335938]],""marker_code"":null,""orientation"":[0,1,2,3],""quality_flags"":0}}]","null","null"
989,1,0,"[]","[{""detection_index"":""0"",""result"":{""bbox"":[203.03497314453125,319.04226684570312,198.06613159179688,190.95773315429688],""category"":0,""confidence"":null,""corners"":[[208.29397583007812,319.04226684570312],[401.10110473632812,323.19329833984375],[396.6090087890625,510],[203.03497314453125,507]],""marker_code"":null,""orientation"":[0,1,2,3],""quality_flags"":0}}]","null","null"
991,1,0,"[]","[{""detection_index"":""0"",""result"":{""bbox"":[226,320,198.03225708007812,191],""category"":0,""confidence"":null,""corners"":[[231.18693542480469,320],[424.03225708007812,323.49685668945312],[419.51895141601562,511],[226,507.68045043945312]],""marker_code"":null,""orientation"":[0,1,2,3],""quality_flags"":0}}]","null","null"
997,1,0,"[{""detection_index"":""0"",""result"":{""bbox"":[294,319.89364624023438,198.42709350585938,192.01339721679688],""category"":0,""confidence"":null,""corners"":[[299.36215209960938,319.89364624023438],[492.42709350585938,324],[487.4996337890625,511.90704345703125],[294,508.57699584960938]],""marker_code"":null,""orientation"":[0,1,2,3],""quality_flags"":0}}]","[{""detection_index"":""0"",""result"":{""bbox"":[293.84518432617188,319.89364624023438,198.5819091796875,192.01339721679688],""category"":0,""confidence"":null,""corners"":[[299.36215209960938,319.89364624023438],[492.42709350585938,324],[487.4996337890625,511.90704345703125],[293.84518432617188,508.57568359375]],""marker_code"":null,""orientation"":[0,1,2,3],""quality_flags"":0}}]","null","null"
999,1,0,"[]","[{""detection_index"":""0"",""result"":{""bbox"":[316.78506469726562,320.885009765625,197.24722290039062,191.435546875],""category"":0,""confidence"":null,""corners"":[[322,320.885009765625],[514.03228759765625,325.7547607421875],[510.32821655273438,512.320556640625],[316.78506469726562,509]],""marker_code"":null,""orientation"":[0,1,2,3],""quality_flags"":0}}]","null","null"
1006,1,0,"[]","[{""detection_index"":""0"",""result"":{""bbox"":[396,322.88796997070312,197,191.44351196289062],""category"":0,""confidence"":null,""corners"":[[400.31082153320312,322.88796997070312],[593,327.69338989257812],[589,514.33148193359375],[396,510.49365234375]],""marker_code"":null,""orientation"":[0,1,2,3],""quality_flags"":0}}]","null","null"
1007,1,0,"[]","[{""detection_index"":""0"",""result"":{""bbox"":[408,323.00665283203125,196.67840576171875,190.99334716796875],""category"":0,""confidence"":null,""corners"":[[412,323.00665283203125],[604.67840576171875,327.20245361328125],[600.2554931640625,514],[408,511]],""marker_code"":null,""orientation"":[0,1,2,3],""quality_flags"":0}}]","null","null"
1008,1,0,"[]","[{""detection_index"":""0"",""result"":{""bbox"":[418.47293090820312,323.7191162109375,196.52706909179688,190.2808837890625],""category"":0,""confidence"":null,""corners"":[[423.04995727539062,323.7191162109375],[615,328.0535888671875],[610.5252685546875,514],[418.47293090820312,511]],""marker_code"":null,""orientation"":[0,1,2,3],""quality_flags"":0}}]","null","null"
1015,1,0,"[]","[{""detection_index"":""0"",""result"":{""bbox"":[498,324.68194580078125,195,191.31805419921875],""category"":0,""confidence"":null,""corners"":[[502,324.68194580078125],[693,330.02047729492188],[690.2554931640625,516],[498,511.83984375]],""marker_code"":null,""orientation"":[0,1,2,3],""quality_flags"":0}}]","null","null"
1016,1,0,"[]","[{""detection_index"":""0"",""result"":{""bbox"":[510,325.10055541992188,195.18853759765625,191.27102661132812],""category"":0,""confidence"":null,""corners"":[[513.60321044921875,325.10055541992188],[705.18853759765625,330],[700.68743896484375,516.37158203125],[510,512.50579833984375]],""marker_code"":null,""orientation"":[0,1,2,3],""quality_flags"":0}}]","null","null"
1027,1,0,"[]","[{""detection_index"":""0"",""result"":{""bbox"":[634,327.43899536132812,194.79718017578125,191.56100463867188],""category"":0,""confidence"":null,""corners"":[[638,327.43899536132812],[828.79718017578125,333.94259643554688],[825,519],[634,514.59234619140625]],""marker_code"":null,""orientation"":[0,1,2,3],""quality_flags"":0}}]","null","null"
1031,1,0,"[]","[{""detection_index"":""0"",""result"":{""bbox"":[680,329.59124755859375,192.03228759765625,190.32342529296875],""category"":0,""confidence"":null,""corners"":[[682,329.59124755859375],[872.03228759765625,334],[870.03228759765625,519.9146728515625],[680,515.50006103515625]],""marker_code"":null,""orientation"":[0,1,2,3],""quality_flags"":0}}]","null","null"
1032,1,0,"[]","[{""detection_index"":""0"",""result"":{""bbox"":[689.791259765625,330,193.208740234375,190],""category"":0,""confidence"":null,""corners"":[[694,330],[883,334],[881,520],[689.791259765625,516]],""marker_code"":null,""orientation"":[0,1,2,3],""quality_flags"":0}}]","null","null"
1045,1,0,"[]","[{""detection_index"":""0"",""result"":{""bbox"":[834.62548828125,334.06390380859375,190.37451171875,188.93609619140625],""category"":0,""confidence"":null,""corners"":[[836.15277099609375,334.06390380859375],[1025,338],[1022.6167602539062,523],[834.62548828125,519]],""marker_code"":null,""orientation"":[0,1,2,3],""quality_flags"":0}}]","null","null"
1052,1,0,"[]","[{""detection_index"":""0"",""result"":{""bbox"":[912,336,189,188],""category"":0,""confidence"":null,""corners"":[[914.01849365234375,336],[1101,340],[1100.0322265625,524],[912,521]],""marker_code"":null,""orientation"":[0,1,2,3],""quality_flags"":0}}]","null","null"
1060,1,0,"[]","[{""detection_index"":""0"",""result"":{""bbox"":[1000,338,187,188],""category"":0,""confidence"":null,""corners"":[[1002.0306396484375,338],[1187,342],[1187,526],[1000,523]],""marker_code"":null,""orientation"":[0,1,2,3],""quality_flags"":0}}]","null","null"
1071,1,0,"[]","[{""detection_index"":""0"",""result"":{""bbox"":[1079.9942626953125,339.78952026367188,183.2369384765625,187.21047973632812],""category"":0,""confidence"":null,""corners"":[[1080.231201171875,339.78952026367188],[1262.5487060546875,344.51126098632812],[1263.231201171875,527],[1079.9942626953125,523.85394287109375]],""marker_code"":null,""orientation"":[0,1,2,3],""quality_flags"":0}}]","null","null"
1072,1,0,"[{""detection_index"":""0"",""result"":{""bbox"":[1086,339.82992553710938,183.49267578125,187.17007446289062],""category"":0,""confidence"":null,""corners"":[[1086.9677734375,339.82992553710938],[1269,344],[1269.49267578125,527],[1086,524]],""marker_code"":null,""orientation"":[0,1,2,3],""quality_flags"":0}}]","[{""detection_index"":""0"",""result"":{""bbox"":[1084.2294921875,339.81802368164062,183.417236328125,187.18197631835938],""category"":0,""confidence"":null,""corners"":[[1084.9818115234375,339.81802368164062],[1267.09814453125,344.15072631835938],[1267.646728515625,527],[1084.2294921875,523.95697021484375]],""marker_code"":null,""orientation"":[0,1,2,3],""quality_flags"":0}}]","null","null"
1073,1,0,"[{""detection_index"":""0"",""result"":{""bbox"":[1090.231201171875,339.94985961914062,182.4627685546875,187.13461303710938],""category"":0,""confidence"":null,""corners"":[[1090.5164794921875,339.94985961914062],[1272.5487060546875,344],[1272.6939697265625,527.08447265625],[1090.231201171875,523.887939453125]],""marker_code"":null,""orientation"":[0,1,2,3],""quality_flags"":0}}]","[{""detection_index"":""0"",""result"":{""bbox"":[1092,340,182.0322265625,187.1197509765625],""category"":0,""confidence"":null,""corners"":[[1092,340],[1274.0322265625,344],[1274.0322265625,527.1197509765625],[1092,523.841064453125]],""marker_code"":null,""orientation"":[0,1,2,3],""quality_flags"":0}}]","null","null"
1074,1,0,"[{""detection_index"":""0"",""result"":{""bbox"":[1094.29931640625,339.9852294921875,182.1591796875,187.12408447265625],""category"":0,""confidence"":null,""corners"":[[1094.3834228515625,339.9852294921875],[1276.4156494140625,344],[1276.45849609375,527.10931396484375],[1094.29931640625,523.8548583984375]],""marker_code"":null,""orientation"":[0,1,2,3],""quality_flags"":0}}]","[{""detection_index"":""0"",""result"":{""bbox"":[1094.82080078125,340,182.0322265625,187.1197509765625],""category"":0,""confidence"":null,""corners"":[[1094.82080078125,340],[1276.85302734375,344],[1276.85302734375,527.1197509765625],[1094.82080078125,523.841064453125]],""marker_code"":null,""orientation"":[0,1,2,3],""quality_flags"":0}}]","null","null"
1075,1,0,"[{""detection_index"":""0"",""result"":{""bbox"":[1098.3192138671875,339.99563598632812,182.0697021484375,187.03659057617188],""category"":0,""confidence"":null,""corners"":[[1098.343994140625,339.99563598632812],[1279.6483154296875,344],[1280.388916015625,527.0322265625],[1098.3192138671875,524.35845947265625]],""marker_code"":null,""orientation"":[0,1,2,3],""quality_flags"":0}}]","[{""detection_index"":""0"",""result"":{""bbox"":[1098.4730224609375,340,182.0322265625,187.0352783203125],""category"":0,""confidence"":null,""corners"":[[1098.4730224609375,340],[1279.77734375,344],[1280.5052490234375,527.0352783203125],[1098.4730224609375,524.3543701171875]],""marker_code"":null,""orientation"":[0,1,2,3],""quality_flags"":0}}]","null","null"
1076,1,0,"[{""detection_index"":""0"",""result"":{""bbox"":[1101.603759765625,339.69976806640625,182.036865234375,187.30975341796875],""category"":0,""confidence"":null,""corners"":[[1102.068603515625,339.69976806640625],[1283.4222412109375,344],[1283.640625,527.009521484375],[1101.603759765625,524.67059326171875]],""marker_code"":null,""orientation"":[0,1,2,3],""quality_flags"":0}}]","[{""detection_index"":""0"",""result"":{""bbox"":[1101.649169921875,339.7010498046875,182.0257568359375,187.30938720703125],""category"":0,""confidence"":null,""corners"":[[1102.1065673828125,339.7010498046875],[1283.4603271484375,344],[1283.6749267578125,527.01043701171875],[1101.649169921875,524.66937255859375]],""marker_code"":null,""orientation"":[0,1,2,3],""quality_flags"":0}}]","null","null"
1077,1,0,"[{""detection_index"":""0"",""result"":{""bbox"":[1104.7039794921875,339.6536865234375,182.716064453125,187.34912109375],""category"":0,""confidence"":null,""corners"":[[1104.887939453125,339.6536865234375],[1287.3555908203125,344.19207763671875],[1287.4200439453125,527.0028076171875],[1104.7039794921875,524.8023681640625]],""marker_code"":null,""orientation"":[0,1,2,3],""quality_flags"":0}}]","[{""detection_index"":""0"",""result"":{""bbox"":[1104.71728515625,339.654052734375,182.712890625,187.3489990234375],""category"":0,""confidence"":null,""corners"":[[1104.8990478515625,339.654052734375],[1287.3668212890625,344.19207763671875],[1287.43017578125,527.0030517578125],[1104.71728515625,524.802001953125]],""marker_code"":null,""orientation"":[0,1,2,3],""quality_flags"":0}}]","null","null"
1078,1,0,"[{""detection_index"":""0"",""result"":{""bbox"":[1108.438720703125,339.89788818359375,182.2337646484375,187.16607666015625],""category"":0,""confidence"":null,""corners"":[[1108.492919921875,339.89788818359375],[1290.653564453125,344.05661010742188],[1290.6724853515625,527.06396484375],[1108.438720703125,524.94171142578125]],""marker_code"":null,""orientation"":[0,1,2,3],""quality_flags"":0}}]","[{""detection_index"":""0"",""result"":{""bbox"":[1108.442626953125,339.89801025390625,182.23291015625,187.166015625],""category"":0,""confidence"":null,""corners"":[[1108.4962158203125,339.89801025390625],[1290.6568603515625,344.05661010742188],[1290.675537109375,527.06402587890625],[1108.442626953125,524.941650390625]],""marker_code"":null,""orientation"":[0,1,2,3],""quality_flags"":0}}]","null","null"
1079,1,0,"[{""detection_index"":""0"",""result"":{""bbox"":[1112.3604736328125,339.96990966796875,182.0916748046875,187.392578125],""category"":0,""confidence"":null,""corners"":[[1112.37646484375,339.96990966796875],[1293.7186279296875,344.01669311523438],[1294.4521484375,527.36248779296875],[1112.3604736328125,524.60235595703125]],""marker_code"":null,""orientation"":[0,1,2,3],""quality_flags"":0}}]","[{""detection_index"":""0"",""result"":{""bbox"":[1112.3616943359375,339.96994018554688,182.09130859375,187.39260864257812],""category"":0,""confidence"":null,""corners"":[[1112.37744140625,339.96994018554688],[1293.7196044921875,344.01669311523438],[1294.4530029296875,527.362548828125],[1112.3616943359375,524.602294921875]],""marker_code"":null,""orientation"":[0,1,2,3],""quality_flags"":0}}]","null","null"
1080,1,0,"[{""detection_index"":""0"",""result"":{""bbox"":[1115.6094970703125,339.99111938476562,182.0498046875,187.81600952148438],""category"":0,""confidence"":null,""corners"":[[1116.3421630859375,339.99111938476562],[1297.4429931640625,344.00491333007812],[1297.6593017578125,527.80712890625],[1115.6094970703125,523.87493896484375]],""marker_code"":null,""orientation"":[0,1,2,3],""quality_flags"":0}}]","[{""detection_index"":""0"",""result"":{""bbox"":[1115.60986328125,339.99114990234375,182.0496826171875,187.81597900390625],""category"":0,""confidence"":null,""corners"":[[1116.3424072265625,339.99114990234375],[1297.4432373046875,344.00491333007812],[1297.6595458984375,527.80712890625],[1115.60986328125,523.87493896484375]],""marker_code"":null,""orientation"":[0,1,2,3],""quality_flags"":0}}]","null","null"
1081,1,0,"[{""detection_index"":""0"",""result"":{""bbox"":[1118.7056884765625,338.76547241210938,181.9736328125,188.50460815429688],""category"":0,""confidence"":null,""corners"":[[1119.9017333984375,338.76547241210938],[1300.6793212890625,344.2587890625],[1300.01513671875,527.27008056640625],[1118.7056884765625,523.2579345703125]],""marker_code"":null,""orientation"":[0,1,2,3],""quality_flags"":0}}]","[{""detection_index"":""0"",""result"":{""bbox"":[1118.7056884765625,338.76547241210938,181.9736328125,188.50460815429688],""category"":0,""confidence"":null,""corners"":[[1119.90185546875,338.76547241210938],[1300.6793212890625,344.2587890625],[1300.01513671875,527.27008056640625],[1118.7056884765625,523.2579345703125]],""marker_code"":null,""orientation"":[0,1,2,3],""quality_flags"":0}}]","null","null"
1082,1,0,"[{""detection_index"":""0"",""result"":{""bbox"":[1119.618408203125,338.22567749023438,182.6973876953125,188.85397338867188],""category"":0,""confidence"":null,""corners"":[[1121.3814697265625,338.22567749023438],[1302.3157958984375,344.0762939453125],[1300.54052734375,527.07965087890625],[1119.618408203125,522.3636474609375]],""marker_code"":null,""orientation"":[0,1,2,3],""quality_flags"":0}}]","[{""detection_index"":""0"",""result"":{""bbox"":[1119.618408203125,338.22567749023438,182.697509765625,188.85397338867188],""category"":0,""confidence"":null,""corners"":[[1121.3814697265625,338.22567749023438],[1302.31591796875,344.0762939453125],[1300.54052734375,527.07965087890625],[1119.618408203125,522.3636474609375]],""marker_code"":null,""orientation"":[0,1,2,3],""quality_flags"":0}}]","null","null"
1083,1,0,"[{""detection_index"":""0"",""result"":{""bbox"":[1118.9593505859375,337.4019775390625,183.156494140625,189.8560791015625],""category"":0,""confidence"":null,""corners"":[[1121.817626953125,337.4019775390625],[1302.1158447265625,344.02249145507812],[1300.6419677734375,527.258056640625],[1118.9593505859375,521.40203857421875]],""marker_code"":null,""orientation"":[0,1,2,3],""quality_flags"":0}}]","[{""detection_index"":""0"",""result"":{""bbox"":[1118.9619140625,337.4019775390625,183.1539306640625,189.8560791015625],""category"":0,""confidence"":null,""corners"":[[1121.817626953125,337.4019775390625],[1302.1158447265625,344.2060546875],[1300.6419677734375,527.258056640625],[1118.9619140625,521.3018798828125]],""marker_code"":null,""orientation"":[0,1,2,3],""quality_flags"":0}}]","null","null"
1084,1,0,"[{""detection_index"":""0"",""result"":{""bbox"":[1116.8724365234375,336.99517822265625,183.7740478515625,190.08087158203125],""category"":0,""confidence"":null,""corners"":[[1120.0421142578125,336.99517822265625],[1300.646484375,344.53311157226562],[1298.7369384765625,527.0760498046875],[1116.8724365234375,520.990234375]],""marker_code"":null,""orientation"":[0,1,2,3],""quality_flags"":0}}]","[{""detection_index"":""0"",""result"":{""bbox"":[1116.8731689453125,336.99517822265625,183.7733154296875,190.08087158203125],""category"":0,""confidence"":null,""corners"":[[1120.0421142578125,336.99517822265625],[1300.646484375,344.58721923828125],[1298.7369384765625,527.0760498046875],[1116.8731689453125,520.960693359375]],""marker_code"":null,""orientation"":[0,1,2,3],""quality_flags"":0}}]","null","null"
1085,1,0,"[{""detection_index"":""0"",""result"":{""bbox"":[1113.9906005859375,337.18301391601562,184.08447265625,190.14852905273438],""category"":0,""confidence"":null,""corners"":[[1117.46435546875,337.18301391601562],[1298.0750732421875,344.15716552734375],[1296.1016845703125,527.33154296875],[1113.9906005859375,521.00164794921875]],""marker_code"":null,""orientation"":[0,1,2,3],""quality_flags"":0}}]","[{""detection_index"":""0"",""result"":{""bbox"":[1113.9908447265625,337.18301391601562,184.084228515625,190.14852905273438],""category"":0,""confidence"":null,""corners"":[[1117.46435546875,337.18301391601562],[1298.0750732421875,344.17312622070312],[1296.1016845703125,527.33154296875],[1113.9908447265625,520.992919921875]],""marker_code"":null,""orientation"":[0,1,2,3],""quality_flags"":0}}]","null","null"
1086,1,0,"[{""detection_index"":""0"",""result"":{""bbox"":[1110.8665771484375,337.7591552734375,183.629638671875,189.62811279296875],""category"":0,""confidence"":null,""corners"":[[1113.7940673828125,337.7591552734375],[1294.4962158203125,344.04632568359375],[1292.5040283203125,527.38726806640625],[1110.8665771484375,521.45263671875]],""marker_code"":null,""orientation"":[0,1,2,3],""quality_flags"":0}}]","[{""detection_index"":""0"",""result"":{""bbox"":[1110.86669921875,337.7591552734375,183.6295166015625,189.62811279296875],""category"":0,""confidence"":null,""corners"":[[1113.7940673828125,337.7591552734375],[1294.4962158203125,344.051025390625],[1292.5040283203125,527.38726806640625],[1110.86669921875,521.4500732421875]],""marker_code"":null,""orientation"":[0,1,2,3],""quality_flags"":0}}]","null","null"
1109,1,0,"[]","[{""detection_index"":""0"",""result"":{""bbox"":[894.6239013671875,334.81829833984375,188.3760986328125,189.18170166015625],""category"":0,""confidence"":null,""corners"":[[896,334.81829833984375],[1083,340.24380493164062],[1082.921142578125,524],[894.6239013671875,521]],""marker_code"":null,""orientation"":[0,1,2,3],""quality_flags"":0}}]","null","null"
1116,1,0,"[]","[{""detection_index"":""0"",""result"":{""bbox"":[817.988525390625,333.59799194335938,191.011474609375,189.65011596679688],""category"":0,""confidence"":null,""corners"":[[820.3470458984375,333.59799194335938],[1009,338],[1006.2864990234375,523.24810791015625],[817.988525390625,519]],""marker_code"":null,""orientation"":[0,1,2,3],""quality_flags"":0}}]","null","null"
1121,1,0,"[]","[{""detection_index"":""0"",""result"":{""bbox"":[764,332,191.29345703125,189.87933349609375],""category"":0,""confidence"":null,""corners"":[[766,332],[955.29345703125,337.12362670898438],[953,521.87933349609375],[764,517.552978515625]],""marker_code"":null,""orientation"":[0,1,2,3],""quality_flags"":0}}]","null","null"
1136,1,0,"[]","[{""detection_index"":""0"",""result"":{""bbox"":[598.85968017578125,328,194.14031982421875,191.1075439453125],""category"":0,""confidence"":null,""corners"":[[602.6343994140625,328],[793,333.10873413085938],[790.31707763671875,519.1075439453125],[598.85968017578125,515]],""marker_code"":null,""orientation"":[0,1,2,3],""quality_flags"":0}}]","null","null"
1138,1,0,"[]","[{""detection_index"":""0"",""result"":{""bbox"":[576.80267333984375,327.46725463867188,194.19732666015625,190.53274536132812],""category"":0,""confidence"":null,""corners"":[[580.52899169921875,327.46725463867188],[771,332],[768.48785400390625,518],[576.80267333984375,513.70263671875]],""marker_code"":null,""orientation"":[0,1,2,3],""quality_flags"":0}}]","null","null"
1142,1,0,"[]","[{""detection_index"":""0"",""result"":{""bbox"":[532.651611328125,325.7762451171875,195.83404541015625,191.27593994140625],""category"":0,""confidence"":null,""corners"":[[536.3341064453125,325.7762451171875],[728.48565673828125,331.28009033203125],[725,517.05218505859375],[532.651611328125,513]],""marker_code"":null,""orientation"":[0,1,2,3],""quality_flags"":0}}]","null","null"
1145,1,0,"[]","[{""detection_index"":""0"",""result"":{""bbox"":[499.58596801757812,325.67745971679688,196.01687622070312,190.71774291992188],""category"":0,""confidence"":null,""corners"":[[503.54776000976562,325.67745971679688],[695.60284423828125,330],[691,516.39520263671875],[499.58596801757812,512.38812255859375]],""marker_code"":null,""orientation"":[0,1,2,3],""quality_flags"":0}}]","null","null"
1151,1,0,"[]","[{""detection_index"":""0"",""result"":{""bbox"":[450,324,190.37396240234375,187],""category"":0,""confidence"":null,""corners"":[[450,324],[639,324],[640.37396240234375,510],[450,511]],""marker_code"":null,""orientation"":[0,1,2,3],""quality_flags"":0}}]","null","null"
1152,1,0,"[{""detection_index"":""0"",""result"":{""bbox"":[446,324,189,187],""category"":0,""confidence"":null,""corners"":[[446,324],[635,324],[635,511],[446,511]],""marker_code"":null,""orientation"":[0,1,2,3],""quality_flags"":0}}]","[{""detection_index"":""0"",""result"":{""bbox"":[447.17922973632812,324,189.40505981445312,187],""category"":0,""confidence"":null,""corners"":[[447.17922973632812,324],[636.17926025390625,324],[636.58428955078125,510.7052001953125],[447.17922973632812,511]],""marker_code"":null,""orientation"":[0,1,2,3],""quality_flags"":0}}]","null","null"
1153,1,0,"[{""detection_index"":""0"",""result"":{""bbox"":[443.17922973632812,324,189.00003051757812,187],""category"":0,""confidence"":null,""corners"":[[443.17922973632812,324],[632.17926025390625,324],[632.17926025390625,511],[443.17922973632812,511]],""marker_code"":null,""orientation"":[0,1,2,3],""quality_flags"":0}}]","[{""detection_index"":""0"",""result"":{""bbox"":[443.52688598632812,324,189.11941528320312,187],""category"":0,""confidence"":null,""corners"":[[443.52688598632812,324],[632.52685546875,324],[632.64630126953125,510.9130859375],[443.52688598632812,511]],""marker_code"":null,""orientation"":[0,1,2,3],""quality_flags"":0}}]","null","null"
1154,1,0,"[{""detection_index"":""0"",""result"":{""bbox"":[439.52688598632812,324,188.99996948242188,187],""category"":0,""confidence"":null,""corners"":[[439.52688598632812,324],[628.52685546875,324],[628.52685546875,511],[439.52688598632812,511]],""marker_code"":null,""orientation"":[0,1,2,3],""quality_flags"":0}}]","[{""detection_index"":""0"",""result"":{""bbox"":[439.62936401367188,324,189.03518676757812,187],""category"":0,""confidence"":null,""corners"":[[439.62936401367188,324],[628.62939453125,324],[628.66455078125,510.974365234375],[439.62936401367188,511]],""marker_code"":null,""orientation"":[0,1,2,3],""quality_flags"":0}}]","null","null"
1155,1,0,"[{""detection_index"":""0"",""result"":{""bbox"":[434.90142822265625,324,189.72796630859375,187],""category"":0,""confidence"":null,""corners"":[[435.62936401367188,324],[624.62939453125,324],[624.62939453125,511],[434.90142822265625,511]],""marker_code"":null,""orientation"":[0,1,2,3],""quality_flags"":0}}]","[{""detection_index"":""0"",""result"":{""bbox"":[434.931640625,324,189.73834228515625,187],""category"":0,""confidence"":null,""corners"":[[435.65957641601562,324],[624.65960693359375,324],[624.66998291015625,510.992431640625],[434.931640625,511]],""marker_code"":null,""orientation"":[0,1,2,3],""quality_flags"":0}}]","null","null"
1158,1,0,"[]","[{""detection_index"":""0"",""result"":{""bbox"":[421.17922973632812,324,189.72793579101562,187.88739013671875],""category"":0,""confidence"":null,""corners"":[[422.87066650390625,324],[610.90716552734375,324.99557495117188],[610.505859375,511.88739013671875],[421.17922973632812,511.04922485351562]],""marker_code"":null,""orientation"":[0,1,2,3],""quality_flags"":0}}]","null","null"
1159,1,0,"[{""detection_index"":""0"",""result"":{""bbox"":[416,324,191,189.2337646484375],""category"":0,""confidence"":null,""corners"":[[418.07159423828125,324],[607,326],[604.6148681640625,513.2337646484375],[416,511]],""marker_code"":null,""orientation"":[0,1,2,3],""quality_flags"":0}}]","[{""detection_index"":""0"",""result"":{""bbox"":[417.52688598632812,324,190.62496948242188,188.83685302734375],""category"":0,""confidence"":null,""corners"":[[419.48638916015625,324],[608.15185546875,325.70388793945312],[606.3515625,512.83685302734375],[417.52688598632812,511.0145263671875]],""marker_code"":null,""orientation"":[0,1,2,3],""quality_flags"":0}}]","null","null"
1165,1,0,"[]","[{""detection_index"":""0"",""result"":{""bbox"":[402.8292236328125,323.72152709960938,192.0328369140625,190.11032104492188],""category"":0,""confidence"":null,""corners"":[[406.91046142578125,323.72152709960938],[594.862060546875,327.47689819335938],[591.83758544921875,513.83184814453125],[402.8292236328125,511]],""marker_code"":null,""orientation"":[0,1,2,3],""quality_flags"":0}}]","null","null"
1166,1,0,"[{""detection_index"":""0"",""result"":{""bbox"":[400,323,193.1290283203125,191.11248779296875],""category"":0,""confidence"":null,""corners"":[[404,323],[593.1290283203125,327.8226318359375],[589,514.11248779296875],[400,511]],""marker_code"":null,""orientation"":[0,1,2,3],""quality_flags"":0}}]","[{""detection_index"":""0"",""result"":{""bbox"":[400.83407592773438,323.21270751953125,192.80587768554688,190.8170166015625],""category"":0,""confidence"":null,""corners"":[[404.8580322265625,323.21270751953125],[593.63995361328125,327.720703125],[589.8365478515625,514.02972412109375],[400.83407592773438,511]],""marker_code"":null,""orientation"":[0,1,2,3],""quality_flags"":0}}]","null","null"
1167,1,0,"[{""detection_index"":""0"",""result"":{""bbox"":[398.58963012695312,323,193.03799438476562,191.03314208984375],""category"":0,""confidence"":null,""corners"":[[402.58963012695312,323],[591.62762451171875,327.69528198242188],[587.3372802734375,514.03314208984375],[398.58963012695312,511]],""marker_code"":null,""orientation"":[0,1,2,3],""quality_flags"":0}}]","[{""detection_index"":""0"",""result"":{""bbox"":[398.83551025390625,323.06271362304688,192.9427490234375,190.94607543945312],""category"":0,""confidence"":null,""corners"":[[402.84255981445312,323.06271362304688],[591.77825927734375,327.66522216796875],[587.5838623046875,514.0087890625],[398.83551025390625,511]],""marker_code"":null,""orientation"":[0,1,2,3],""quality_flags"":0}}]","null","null"
1168,1,0,"[{""detection_index"":""0"",""result"":{""bbox"":[396.763427734375,323,193.01123046875,191.009765625],""category"":0,""confidence"":null,""corners"":[[400.763427734375,323],[589.774658203125,327.20498657226562],[586.4169921875,514.009765625],[396.763427734375,511]],""marker_code"":null,""orientation"":[0,1,2,3],""quality_flags"":0}}]","[{""detection_index"":""0"",""result"":{""bbox"":[396.8359375,323.01849365234375,192.98309326171875,190.98406982421875],""category"":0,""confidence"":null,""corners"":[[400.8380126953125,323.01849365234375],[589.81903076171875,327.19610595703125],[586.48968505859375,514.0025634765625],[396.8359375,511]],""marker_code"":null,""orientation"":[0,1,2,3],""quality_flags"":0}}]","null","null"
1169,1,0,"[{""detection_index"":""0"",""result"":{""bbox"":[395.11325073242188,323,192.70474243164062,191.00286865234375],""category"":0,""confidence"":null,""corners"":[[399.45016479492188,323],[587.8179931640625,327.0604248046875],[584.7144775390625,514.00286865234375],[395.11325073242188,511]],""marker_code"":null,""orientation"":[0,1,2,3],""quality_flags"":0}}]","[{""detection_index"":""0"",""result"":{""bbox"":[395.13461303710938,323.00546264648438,192.69644165039062,190.99526977539062],""category"":0,""confidence"":null,""corners"":[[399.47216796875,323.00546264648438],[587.8310546875,327.05783081054688],[584.73590087890625,514.000732421875],[395.13461303710938,511]],""marker_code"":null,""orientation"":[0,1,2,3],""quality_flags"":0}}]","null","null"
1170,1,0,"[]","[{""detection_index"":""0"",""result"":{""bbox"":[393.71060180664062,323.00161743164062,192.85195922851562,190.81222534179688],""category"":0,""confidence"":null,""corners"":[[398.72198486328125,323.00161743164062],[586.56256103515625,327.54263305664062],[583.51177978515625,513.8138427734375],[393.71060180664062,510.95355224609375]],""marker_code"":null,""orientation"":[0,1,2,3],""quality_flags"":0}}]","null","null"
1171,1,0,"[{""detection_index"":""0"",""result"":{""bbox"":[392,322.82879638671875,193.38006591796875,190.88922119140625],""category"":0,""confidence"":null,""corners"":[[396.044677734375,322.82879638671875],[585.38006591796875,327.36068725585938],[581,513.718017578125],[392,511]],""marker_code"":null,""orientation"":[0,1,2,3],""quality_flags"":0}}]","[{""detection_index"":""0"",""result"":{""bbox"":[392.50433349609375,322.8797607421875,193.224365234375,190.86651611328125],""category"":0,""confidence"":null,""corners"":[[396.83404541015625,322.8797607421875],[585.72869873046875,327.41433715820312],[581.74053955078125,513.74627685546875],[392.50433349609375,510.98629760742188]],""marker_code"":null,""orientation"":[0,1,2,3],""quality_flags"":0}}]","null","null"
1172,1,0,"[{""detection_index"":""0"",""result"":{""bbox"":[390.46047973632812,322.94952392578125,193.24118041992188,190.8104248046875],""category"":0,""confidence"":null,""corners"":[[395.10150146484375,322.94952392578125],[583.70166015625,327.29638671875],[580.04364013671875,513.75994873046875],[390.46047973632812,510.80987548828125]],""marker_code"":null,""orientation"":[0,1,2,3],""quality_flags"":0}}]","[{""detection_index"":""0"",""result"":{""bbox"":[390.60919189453125,322.96453857421875,193.19525146484375,190.8037109375],""category"":0,""confidence"":null,""corners"":[[395.334228515625,322.96453857421875],[583.804443359375,327.31219482421875],[580.261962890625,513.76824951171875],[390.60919189453125,510.80584716796875]],""marker_code"":null,""orientation"":[0,1,2,3],""quality_flags"":0}}]","null","null"
1173,1,0,"[{""detection_index"":""0"",""result"":{""bbox"":[390.1357421875,322.78378295898438,192.388671875,191.19375610351562],""category"":0,""confidence"":null,""corners"":[[394.32473754882812,322.78378295898438],[582.5244140625,327.4893798828125],[579.30767822265625,513.9775390625],[390.1357421875,510.46746826171875]],""marker_code"":null,""orientation"":[0,1,2,3],""quality_flags"":0}}]","[{""detection_index"":""0"",""result"":{""bbox"":[390.17959594726562,322.7882080078125,192.37515258789062,191.19183349609375],""category"":0,""confidence"":null,""corners"":[[394.39334106445312,322.7882080078125],[582.55474853515625,327.49404907226562],[579.3720703125,513.98004150390625],[390.17959594726562,510.46630859375]],""marker_code"":null,""orientation"":[0,1,2,3],""quality_flags"":0}}]","null","null"
1174,1,0,"[{""detection_index"":""0"",""result"":{""bbox"":[388.629638671875,322.47430419921875,192.81976318359375,191.69610595703125],""category"":0,""confidence"":null,""corners"":[[392.757080078125,322.47430419921875],[581.44940185546875,327.3896484375],[577.6802978515625,514.17041015625],[388.629638671875,509.93798828125]],""marker_code"":null,""orientation"":[0,1,2,3],""quality_flags"":0}}]","[{""detection_index"":""0"",""result"":{""bbox"":[388.64254760742188,322.47561645507812,192.81582641601562,191.69552612304688],""category"":0,""confidence"":null,""corners"":[[392.77731323242188,322.47561645507812],[581.4583740234375,327.39102172851562],[577.69927978515625,514.171142578125],[388.64254760742188,509.9376220703125]],""marker_code"":null,""orientation"":[0,1,2,3],""quality_flags"":0}}]","null","null"
1175,1,0,"[]","[{""detection_index"":""0"",""result"":{""bbox"":[385.85491943359375,321.81838989257812,193.9359130859375,192.26986694335938],""category"":0,""confidence"":null,""corners"":[[391.04470825195312,321.81838989257812],[579.79083251953125,327.11526489257812],[575.58123779296875,514.0882568359375],[385.85491943359375,509.46221923828125]],""marker_code"":null,""orientation"":[0,1,2,3],""quality_flags"":0}}]","null","null"
1176,1,0,"[{""detection_index"":""0"",""result"":{""bbox"":[380,322,195,191.9840087890625],""category"":0,""confidence"":null,""corners"":[[386,322],[575,327.31735229492188],[571,513.9840087890625],[380,508.55294799804688]],""marker_code"":null,""orientation"":[0,1,2,3],""quality_flags"":0}}]","[{""detection_index"":""0"",""result"":{""bbox"":[381.72607421875,321.94647216796875,194.686279296875,192.06829833984375],""category"":0,""confidence"":null,""corners"":[[387.48721313476562,321.94647216796875],[576.412353515625,327.25778198242188],[572.3505859375,514.0147705078125],[381.72607421875,508.82101440429688]],""marker_code"":null,""orientation"":[0,1,2,3],""quality_flags"":0}}]","null","null"
1177,1,0,"[{""detection_index"":""0"",""result"":{""bbox"":[375.76885986328125,322,195,191.29010009765625],""category"":0,""confidence"":null,""corners"":[[381.97769165039062,322],[570.76885986328125,327.34841918945312],[566.76885986328125,513.29010009765625],[375.76885986328125,508.51528930664062]],""marker_code"":null,""orientation"":[0,1,2,3],""quality_flags"":0}}]","[{""detection_index"":""0"",""result"":{""bbox"":[374,322,195,191],""category"":0,""confidence"":null,""corners"":[[380.296142578125,322],[569,327.36141967773438],[565,513],[374,508.49954223632812]],""marker_code"":null,""orientation"":[0,1,2,3],""quality_flags"":0}}]","null","null"
1178,1,0,"[]","[{""detection_index"":""0"",""result"":{""bbox"":[366,320.83352661132812,197.6827392578125,192.60946655273438],""category"":0,""confidence"":null,""corners"":[[372,320.83352661132812],[563.6827392578125,326.5218505859375],[557.47772216796875,513.4429931640625],[366,508.53842163085938]],""marker_code"":null,""orientation"":[0,1,2,3],""quality_flags"":0}}]","null","null"
1195,1,0,"[]","[{""detection_index"":""0"",""result"":{""bbox"":[184.13067626953125,319,198.99578857421875,191],""category"":0,""confidence"":null,""corners"":[[190.16145324707031,319],[383.12646484375,323.11514282226562],[378.64697265625,510],[184.13067626953125,507]],""marker_code"":null,""orientation"":[0,1,2,3],""quality_flags"":0}}]","null","null"
1204,1,0,"[]","[{""detection_index"":""0"",""result"":{""bbox"":[84,317.41647338867188,199,191.39865112304688],""category"":0,""confidence"":null,""corners"":[[89.142280578613281,317.41647338867188],[283,320.38082885742188],[278.08544921875,508.81512451171875],[84,505.84866333007812]],""marker_code"":null,""orientation"":[0,1,2,3],""quality_flags"":0}}]","null","null"
1409,1,0,"[]","[{""detection_index"":""0"",""result"":{""bbox"":[190.22930908203125,319,199.1102294921875,191],""category"":0,""confidence"":null,""corners"":[[196.29597473144531,319],[389.33953857421875,322],[384.35720825195312,510],[190.22930908203125,507]],""marker_code"":null,""orientation"":[0,1,2,3],""quality_flags"":0}}]","null","null"
1415,1,0,"[]","[{""detection_index"":""0"",""result"":{""bbox"":[260,319.95199584960938,198.59091186523438,191.04800415039062],""category"":0,""confidence"":null,""corners"":[[264.9600830078125,319.95199584960938],[458.59091186523438,324],[452.61557006835938,511],[260,507.47259521484375]],""marker_code"":null,""orientation"":[0,1,2,3],""quality_flags"":0}}]","null","null"
1418,1,0,"[]","[{""detection_index"":""0"",""result"":{""bbox"":[293.86077880859375,321,197.24090576171875,191.14825439453125],""category"":0,""confidence"":null,""corners"":[[298.9993896484375,321],[491.1016845703125,324],[486.47634887695312,512.14825439453125],[293.86077880859375,508.64974975585938]],""marker_code"":null,""orientation"":[0,1,2,3],""quality_flags"":0}}]","null","null"
1420,1,0,"[]","[{""detection_index"":""0"",""result"":{""bbox"":[315.96890258789062,320.99160766601562,197.75827026367188,191.00839233398438],""category"":0,""confidence"":null,""corners"":[[322.45379638671875,320.99160766601562],[513.7271728515625,325.89739990234375],[509.58184814453125,512],[315.96890258789062,509]],""marker_code"":null,""orientation"":[0,1,2,3],""quality_flags"":0}}]","null","null"
1437,1,0,"[]","[{""detection_index"":""0"",""result"":{""bbox"":[504.70660400390625,324.976806640625,195.32568359375,191.26287841796875],""category"":0,""confidence"":null,""corners"":[[508.77688598632812,324.976806640625],[700.03228759765625,330],[697,516.23968505859375],[504.70660400390625,512.5828857421875]],""marker_code"":null,""orientation"":[0,1,2,3],""quality_flags"":0}}]","null","null"
1444,1,0,"[]","[{""detection_index"":""0"",""result"":{""bbox"":[582.52392578125,326.71014404296875,194.47607421875,190.88079833984375],""category"":0,""confidence"":null,""corners"":[[586,326.71014404296875],[777,332.19357299804688],[774.5933837890625,517.5909423828125],[582.52392578125,514]],""marker_code"":null,""orientation"":[0,1,2,3],""quality_flags"":0}}]","null","null"
1447,1,0,"[]","[{""detection_index"":""0"",""result"":{""bbox"":[616.69622802734375,328,194.30377197265625,191.03887939453125],""category"":0,""confidence"":null,""corners"":[[620,328],[811,332],[808.13720703125,519.03887939453125],[616.69622802734375,515]],""marker_code"":null,""orientation"":[0,1,2,3],""quality_flags"":0}}]","null","null"
1463,1,0,"[]","[{""detection_index"":""0"",""result"":{""bbox"":[794.311767578125,331.5380859375,190.688232421875,190.858154296875],""category"":0,""confidence"":null,""corners"":[[798,331.5380859375],[985,337],[983,522.396240234375],[794.311767578125,517.189453125]],""marker_code"":null,""orientation"":[0,1,2,3],""quality_flags"":0}}]","null","null"
1506,1,0,"[]","[{""detection_index"":""0"",""result"":{""bbox"":[776.17803955078125,332,191.854248046875,190.24591064453125],""category"":0,""confidence"":null,""corners"":[[780,332],[968.03228759765625,337.6322021484375],[964.6314697265625,522.24591064453125],[776.17803955078125,516.2998046875]],""marker_code"":null,""orientation"":[0,1,2,3],""quality_flags"":0}}]","null","null"
1507,1,0,"[]","[{""detection_index"":""0"",""result"":{""bbox"":[766,331.71533203125,191,190.1962890625],""category"":0,""confidence"":null,""corners"":[[768.34027099609375,331.71533203125],[957,336],[955,521.91162109375],[766,516.68267822265625]],""marker_code"":null,""orientation"":[0,1,2,3],""quality_flags"":0}}]","null","null"
1521,1,0,"[]","[{""detection_index"":""0"",""result"":{""bbox"":[612.79644775390625,327.61380004882812,194.20355224609375,191.72494506835938],""category"":0,""confidence"":null,""corners"":[[616.84130859375,327.61380004882812],[807,333.96340942382812],[803.456787109375,519.3387451171875],[612.79644775390625,515]],""marker_code"":null,""orientation"":[0,1,2,3],""quality_flags"":0}}]","null","null"
1524,1,0,"[{""detection_index"":""0"",""result"":{""bbox"":[580,326.95718383789062,195,191.04281616210938],""category"":0,""confidence"":null,""corners"":[[584,326.95718383789062],[775,332],[770.82720947265625,518],[580,514]],""marker_code"":null,""orientation"":[0,1,2,3],""quality_flags"":0}}]","[{""detection_index"":""0"",""result"":{""bbox"":[580,326.95718383789062,195,191.04281616210938],""category"":0,""confidence"":null,""corners"":[[584,326.95718383789062],[775,332],[772.03228759765625,518],[580,514]],""marker_code"":null,""orientation"":[0,1,2,3],""quality_flags"":0}}]","null","null"
1525,1,0,"[{""detection_index"":""0"",""result"":{""bbox"":[569.46990966796875,326.65798950195312,195.01531982421875,191.17037963867188],""category"":0,""confidence"":null,""corners"":[[573.22161865234375,326.65798950195312],[764.4852294921875,332.53619384765625],[761,517.828369140625],[569.46990966796875,513.586669921875]],""marker_code"":null,""orientation"":[0,1,2,3],""quality_flags"":0}}]","[{""detection_index"":""0"",""result"":{""bbox"":[569.46990966796875,326.65798950195312,194.96295166015625,191.17037963867188],""category"":0,""confidence"":null,""corners"":[[573.22161865234375,326.65798950195312],[764.432861328125,332.53323364257812],[761,517.828369140625],[569.46990966796875,513.586669921875]],""marker_code"":null,""orientation"":[0,1,2,3],""quality_flags"":0}}]","null","null"
1531,1,0,"[]","[{""detection_index"":""0"",""result"":{""bbox"":[502,325.8731689453125,195.42889404296875,190.1268310546875],""category"":0,""confidence"":null,""corners"":[[506,325.8731689453125],[697.42889404296875,330],[694.679931640625,516],[502,512.57696533203125]],""marker_code"":null,""orientation"":[0,1,2,3],""quality_flags"":0}}]","null","null"
1540,1,0,"[]","[{""detection_index"":""0"",""result"":{""bbox"":[401.87432861328125,323,196.68878173828125,191],""category"":0,""confidence"":null,""corners"":[[406,323],[598.5631103515625,328.03536987304688],[594.203857421875,514],[401.87432861328125,510.50457763671875]],""marker_code"":null,""orientation"":[0,1,2,3],""quality_flags"":0}}]","null","null"
1544,1,0,"[]","[{""detection_index"":""0"",""result"":{""bbox"":[356,321.61190795898438,197,191.38809204101562],""category"":0,""confidence"":null,""corners"":[[360.73297119140625,321.61190795898438],[553,326],[549,513],[356,509.56396484375]],""marker_code"":null,""orientation"":[0,1,2,3],""quality_flags"":0}}]","null","null"
1547,1,0,"[]","[{""detection_index"":""0"",""result"":{""bbox"":[322.40835571289062,322,197.76461791992188,190.40533447265625],""category"":0,""confidence"":null,""corners"":[[328.36074829101562,322],[520.1729736328125,326.23748779296875],[515.6064453125,512.40533447265625],[322.40835571289062,509]],""marker_code"":null,""orientation"":[0,1,2,3],""quality_flags"":0}}]","null","null"
1549,1,0,"[]","[{""detection_index"":""0"",""result"":{""bbox"":[300,320.74801635742188,198.54425048828125,191.61666870117188],""category"":0,""confidence"":null,""corners"":[[305.18157958984375,320.74801635742188],[498.54425048828125,325.3560791015625],[493.53244018554688,512.36468505859375],[300,508.77426147460938]],""marker_code"":null,""orientation"":[0,1,2,3],""quality_flags"":0}}]","null","null"
1551,1,0,"[{""detection_index"":""0"",""result"":{""bbox"":[278,319.79983520507812,197,192.18612670898438],""category"":0,""confidence"":null,""corners"":[[282.81619262695312,319.79983520507812],[475,324],[470.46212768554688,511.9859619140625],[278,508.46978759765625]],""marker_code"":null,""orientation"":[0,1,2,3],""quality_flags"":0}}]","[{""detection_index"":""0"",""result"":{""bbox"":[277.90255737304688,319.79983520507812,197.19912719726562,192.18353271484375],""category"":0,""confidence"":null,""corners"":[[282.81619262695312,319.79983520507812],[475.1016845703125,324],[470.3358154296875,511.98336791992188],[277.90255737304688,508.46878051757812]],""marker_code"":null,""orientation"":[0,1,2,3],""quality_flags"":0}}]","null","null"
1561,1,0,"[]","[{""detection_index"":""0"",""result"":{""bbox"":[166,318,199.407470703125,191.4727783203125],""category"":0,""confidence"":null,""corners"":[[171.72450256347656,318],[365.407470703125,322],[360.11660766601562,509.4727783203125],[166,507]],""marker_code"":null,""orientation"":[0,1,2,3],""quality_flags"":0}}]","null","null"
1569,1,0,"[]","[{""detection_index"":""0"",""result"":{""bbox"":[76,316.71969604492188,199.4908447265625,192.3575439453125],""category"":0,""confidence"":null,""corners"":[[81.005508422851562,316.71969604492188],[275.4908447265625,320],[269.78240966796875,509.07723999023438],[76,505.63473510742188]],""marker_code"":null,""orientation"":[0,1,2,3],""quality_flags"":0}}]","null","null"
