real 4-0 src/tushenghao/docs/evidence/final-fixes/fix2-sweep/frames/C/frame-000004.png 31 1079 513 1079 512 1079 511 1079 510 1079 509 1079 508 1079 507 1079 506 1080 505 1081 505 1080 505 1079 504 1080 503 1081 503 1080 503 1079 502 1080 501 1081 501 1080 501 1079 500 1080 499 1081 499 1080 499 1079 498 1080 497 1081 497 1080 497 1079 496 1080 495 1081 495 1080 495
real 4-1 src/tushenghao/docs/evidence/final-fixes/fix2-sweep/frames/C/frame-000004.png 60 1014 515 1015 515 1016 515 1017 515 1018 515 1019 515 1020 515 1021 515 1022 515 1023 515 1024 515 1025 515 1026 515 1027 515 1028 515 1029 515 1030 515 1031 515 1032 515 1033 515 1034 515 1035 515 1036 515 1037 515 1038 515 1039 515 1040 515 1041 515 1042 515 1043 515 1044 515 1045 515 1046 515 1047 515 1048 515 1049 515 1050 515 1051 515 1052 516 1053 516 1054 516 1055 516 1056 516 1057 516 1058 516 1059 516 1060 516 1061 516 1062 516 1063 516 1064 516 1065 516 1066 516 1067 516 1068 516 1069 516 1070 516 1071 516 1072 515 1073 515
real 7-0 src/tushenghao/docs/evidence/final-fixes/fix2-sweep/frames/C/frame-000007.png 121 1114 511 1115 511 1114 511 1113 510 1114 509 1115 509 1114 509 1113 508 1114 507 1115 507 1114 507 1113 506 1114 505 1115 505 1114 505 1113 504 1114 503 1115 503 1114 503 1113 502 1114 501 1115 501 1114 501 1113 500 1114 499 1115 499 1114 499 1113 498 1114 497 1115 497 1114 496 1115 495 1114 495 1113 494 1114 493 1115 493 1114 493 1113 492 1114 491 1115 491 1114 491 1113 490 1114 489 1115 489 1114 489 1113 488 1114 487 1115 487 1114 487 1113 486 1114 485 1115 485 1114 485 1113 484 1114 483 1115 483 1114 483 1113 482 1114 481 1115 481 1114 481 1113 480 1114 479 1115 479 1114 479 1113 478 1114 477 1115 477 1114 477 1113 476 1114 475 1115 475 1114 475 1113 474 1114 473 1115 473 1114 473 1113 472 1114 471 1115 471 1114 471 1113 470 1114 469 1115 469 1114 469 1113 468 1114 467 1115 467 1114 467 1113 466 1114 465 1115 465 1114 465 1113 464 1114 463 1115 463 1114 463 1113 462 1114 461 1115 461 1114 461 1113 460 1114 459 1115 459 1114 459 1113 458 1114 457 1115 457 1114 457 1113 456 1114 455 1115 455 1114 455 1113 454 1114 453 1115 453 1114 453 1113 452 1114 451 1115 451 1114 451
real 7-1 src/tushenghao/docs/evidence/final-fixes/fix2-sweep/frames/C/frame-000007.png 54 1056 516 1057 516 1058 516 1059 516 1060 516 1061 516 1062 516 1063 516 1064 516 1065 516 1066 516 1067 516 1068 516 1069 516 1070 516 1071 516 1072 516 1073 516 1074 516 1075 516 1076 516 1077 516 1078 516 1079 516 1080 516 1081 516 1082 516 1083 516 1084 516 1085 516 1086 516 1087 516 1088 516 1089 516 1090 516 1091 516 1092 516 1093 516 1094 516 1095 516 1096 516 1097 516 1098 516 1099 516 1100 516 1101 516 1102 516 1103 516 1104 516 1105 516 1106 516 1107 516 1108 516 1109 515
real 14-0 src/tushenghao/docs/evidence/final-fixes/fix2-sweep/frames/C/frame-000014.png 120 1002 331 1001 332 1000 332 1001 332 1002 333 1001 334 1000 334 1001 334 1002 335 1001 336 1000 336 1001 336 1002 337 1001 338 1000 338 1001 338 1002 339 1001 340 1000 340 1001 340 1002 341 1001 342 1000 342 1000 343 1000 344 1000 345 1000 346 1001 346 1002 347 1001 348 1000 348 1001 348 1002 349 1001 350 1000 350 1001 350 1002 351 1001 352 1000 352 1001 352 1002 353 1001 354 1000 354 1001 354 1002 355 1001 356 1000 356 1001 356 1002 357 1001 358 1000 358 1001 358 1002 359 1001 360 1000 360 1001 360 1002 361 1001 362 1000 362 1001 362 1002 363 1001 364 1000 364 1001 364 1002 365 1001 366 1000 366 1001 366 1002 367 1001 368 1000 368 1001 368 1002 369 1001 370 1000 370 1001 370 1002 371 1001 372 1000 372 1001 372 1002 373 1001 374 1000 374 1001 374 1002 375 1001 376 1000 376 1001 376 1002 377 1001 378 1000 378 1001 378 1002 379 1001 380 1000 380 1001 380 1002 381 1001 382 1000 382 1001 382 1002 383 1001 384 1000 384 1001 384 1002 385 1001 386 1000 386 1001 386 1002 387 1001 388 1000 388 1001 388 1002 389 1001 390 1000 390 1001 390 1002 391 1001 392 1000 392 1001 392
real 14-1 src/tushenghao/docs/evidence/final-fixes/fix2-sweep/frames/C/frame-000014.png 67 1070 328 1069 328 1068 328 1067 328 1066 328 1065 328 1064 328 1063 328 1062 328 1061 328 1060 328 1059 328 1058 328 1057 328 1056 328 1055 328 1054 328 1053 328 1052 328 1051 328 1050 328 1049 328 1048 328 1047 328 1046 328 1045 328 1044 328 1043 328 1042 328 1041 328 1040 328 1039 328 1038 328 1037 328 1036 328 1035 328 1034 328 1033 328 1032 328 1031 328 1030 328 1029 328 1028 328 1027 328 1026 328 1025 328 1024 328 1023 328 1022 328 1021 328 1020 328 1019 328 1018 328 1017 328 1016 328 1015 328 1014 328 1013 328 1012 328 1011 328 1010 328 1009 328 1008 328 1007 328 1006 328 1005 328 1004 328
real 17-0 src/tushenghao/docs/evidence/final-fixes/fix2-sweep/frames/C/frame-000017.png 25 1228 511 1229 511 1228 511 1227 510 1228 509 1229 509 1228 509 1227 508 1228 507 1229 507 1228 507 1227 506 1228 505 1229 505 1228 505 1227 504 1228 503 1229 503 1229 502 1229 501 1229 500 1229 499 1229 498 1229 497 1228 497
real 17-1 src/tushenghao/docs/evidence/final-fixes/fix2-sweep/frames/C/frame-000017.png 56 1167 517 1168 517 1169 517 1170 517 1171 517 1172 517 1173 517 1174 517 1175 517 1176 517 1177 517 1178 517 1179 517 1180 517 1181 517 1182 517 1183 517 1184 517 1185 517 1186 517 1187 517 1188 517 1189 517 1190 517 1191 517 1192 517 1193 517 1194 517 1195 517 1196 517 1197 517 1198 517 1199 517 1200 517 1201 517 1202 517 1203 517 1204 517 1205 517 1206 517 1207 517 1208 517 1209 517 1210 517 1211 517 1212 517 1213 517 1214 517 1215 517 1216 517 1217 517 1218 517 1219 517 1220 517 1221 517 1222 517
real 21-0 src/tushenghao/docs/evidence/final-fixes/fix2-sweep/frames/C/frame-000021.png 22 1265 328 1264 328 1263 328 1262 328 1261 328 1260 328 1259 328 1258 328 1257 328 1256 328 1255 328 1254 328 1253 328 1252 328 1251 328 1250 328 1249 328 1248 328 1247 328 1246 328 1245 328 1244 328
real 21-1 src/tushenghao/docs/evidence/final-fixes/fix2-sweep/frames/C/frame-000021.png 41 1272 355 1273 355 1272 355 1271 354 1272 353 1273 353 1272 353 1271 352 1272 351 1273 351 1272 351 1271 350 1272 349 1273 349 1272 349 1271 348 1272 347 1273 347 1272 347 1271 346 1272 345 1273 345 1273 344 1273 343 1273 342 1273 341 1272 341 1271 340 1272 339 1273 339 1272 339 1271 338 1272 337 1273 337 1273 336 1273 335 1272 335 1271 334 1272 333 1273 333 1272 333
real 22-0 src/tushenghao/docs/evidence/final-fixes/fix2-sweep/frames/C/frame-000022.png 105 1284 511 1285 511 1284 511 1283 510 1284 509 1285 509 1284 509 1283 508 1284 507 1285 507 1284 507 1283 506 1284 505 1285 505 1285 504 1285 503 1284 503 1283 502 1284 501 1285 501 1284 501 1283 500 1284 499 1285 499 1285 498 1285 497 1285 496 1285 495 1284 495 1283 494 1284 493 1285 493 1284 493 1283 492 1284 491 1285 491 1284 491 1283 490 1284 489 1285 489 1284 489 1283 488 1284 487 1285 487 1284 487 1283 486 1284 485 1285 485 1284 485 1283 484 1284 483 1285 483 1284 483 1283 482 1284 481 1285 481 1284 481 1283 480 1284 479 1285 479 1284 479 1283 478 1284 477 1285 477 1284 477 1283 476 1284 475 1285 475 1284 475 1283 474 1284 473 1285 473 1284 473 1283 472 1284 471 1285 471 1284 471 1283 470 1284 469 1285 469 1284 469 1283 468 1284 467 1285 467 1284 467 1283 466 1284 465 1285 465 1284 465 1283 464 1284 463 1285 463 1284 463 1283 462 1284 461 1285 461 1284 461 1283 460 1284 459 1285 459 1284 459 1283 458 1284 457 1285 457 1284 457
real 22-1 src/tushenghao/docs/evidence/final-fixes/fix2-sweep/frames/C/frame-000022.png 64 1214 517 1215 517 1216 517 1217 517 1218 517 1219 517 1220 517 1221 517 1222 517 1223 517 1224 517 1225 517 1226 517 1227 517 1228 517 1229 517 1230 517 1231 517 1232 517 1233 517 1234 517 1235 517 1236 517 1237 517 1238 517 1239 517 1240 517 1241 517 1242 517 1243 517 1244 517 1245 517 1246 517 1247 517 1248 517 1249 517 1250 517 1251 517 1252 517 1253 517 1254 517 1255 517 1256 517 1257 517 1258 517 1259 517 1260 517 1261 517 1262 517 1263 517 1264 517 1265 517 1266 517 1267 517 1268 517 1269 517 1270 517 1271 517 1272 517 1273 517 1274 517 1275 517 1276 517 1277 517
real 25-0 src/tushenghao/docs/evidence/final-fixes/fix2-sweep/frames/C/frame-000025.png 48 1318 513 1317 512 1318 511 1319 511 1318 511 1317 510 1318 509 1319 509 1318 509 1317 508 1318 507 1319 507 1318 507 1317 506 1318 505 1319 505 1318 505 1317 504 1318 503 1319 503 1318 503 1317 502 1318 501 1319 501 1318 500 1319 499 1318 499 1317 498 1318 497 1319 497 1318 497 1317 496 1318 495 1319 495 1318 495 1317 494 1318 493 1319 493 1318 493 1317 492 1318 491 1319 491 1318 491 1317 490 1318 489 1319 489 1318 489 1317 488
real 25-1 src/tushenghao/docs/evidence/final-fixes/fix2-sweep/frames/C/frame-000025.png 64 1248 517 1249 517 1250 517 1251 517 1252 517 1253 517 1254 517 1255 517 1256 517 1257 517 1258 517 1259 517 1260 517 1261 517 1262 517 1263 517 1264 517 1265 517 1266 517 1267 517 1268 517 1269 517 1270 517 1271 517 1272 517 1273 517 1274 517 1275 517 1276 517 1277 517 1278 517 1279 517 1280 517 1281 517 1282 517 1283 517 1284 517 1285 517 1286 517 1287 517 1288 517 1289 518 1290 518 1291 518 1292 518 1293 518 1294 518 1295 518 1296 518 1297 518 1298 518 1299 518 1300 518 1301 518 1302 518 1303 518 1304 518 1305 517 1306 517 1307 517 1308 517 1309 517 1310 517 1311 517
real 32-0 src/tushenghao/docs/evidence/final-fixes/fix2-sweep/frames/C/frame-000032.png 35 1203 494 1202 494 1203 494 1204 495 1203 496 1202 496 1203 496 1204 497 1203 498 1202 498 1203 498 1204 499 1203 500 1202 500 1203 500 1204 501 1203 502 1202 502 1203 502 1204 503 1203 504 1202 504 1203 504 1204 505 1203 506 1202 506 1203 506 1204 507 1204 508 1204 509 1204 510 1204 511 1204 512 1204 513 1204 514
real 32-1 src/tushenghao/docs/evidence/final-fixes/fix2-sweep/frames/C/frame-000032.png 49 1211 518 1212 518 1213 518 1214 518 1215 518 1216 518 1217 518 1218 518 1219 518 1220 518 1221 518 1222 518 1223 518 1224 518 1225 518 1226 518 1227 518 1228 518 1229 518 1230 518 1231 518 1232 518 1233 518 1234 518 1235 518 1236 518 1237 518 1238 518 1239 518 1240 518 1241 518 1242 518 1243 518 1244 518 1245 518 1246 518 1247 518 1248 518 1249 518 1250 518 1251 518 1252 518 1253 518 1254 518 1255 518 1256 518 1257 518 1258 518 1259 518
real 129-0 src/tushenghao/docs/evidence/final-fixes/fix2-sweep/frames/C/frame-000129.png 107 1211 456 1210 456 1211 456 1212 457 1211 458 1210 458 1211 458 1212 459 1211 460 1210 460 1211 460 1212 461 1211 462 1210 462 1211 462 1212 463 1211 464 1210 464 1211 464 1212 465 1211 466 1210 466 1211 466 1212 467 1211 468 1210 468 1211 468 1212 469 1211 470 1210 470 1211 470 1212 471 1211 472 1210 472 1211 472 1212 473 1211 474 1210 474 1211 474 1212 475 1211 476 1210 476 1211 476 1212 477 1211 478 1210 478 1211 478 1212 479 1211 480 1210 480 1211 480 1212 481 1211 482 1210 482 1211 482 1212 483 1211 484 1210 484 1211 484 1212 485 1211 486 1210 486 1211 486 1212 487 1211 488 1210 488 1211 488 1212 489 1211 490 1210 490 1211 490 1212 491 1211 492 1210 492 1211 492 1212 493 1211 494 1210 494 1211 494 1212 495 1211 496 1210 496 1211 496 1212 497 1211 498 1210 498 1211 498 1212 499 1211 500 1210 500 1210 501 1210 502 1210 503 1210 504 1211 504 1212 505 1211 506 1210 506 1210 507 1210 508 1211 508 1212 509 1211 510 1210 510 1211 510 1212 511 1212 512
real 129-1 src/tushenghao/docs/evidence/final-fixes/fix2-sweep/frames/C/frame-000129.png 61 1219 518 1220 518 1221 518 1222 518 1223 518 1224 518 1225 518 1226 518 1227 518 1228 518 1229 518 1230 518 1231 518 1232 518 1233 518 1234 518 1235 518 1236 518 1237 518 1238 518 1239 518 1240 518 1241 518 1242 518 1243 518 1244 518 1245 518 1246 518 1247 518 1248 518 1249 518 1250 518 1251 518 1252 518 1253 518 1254 518 1255 518 1256 518 1257 518 1258 518 1259 518 1260 518 1261 518 1262 518 1263 518 1264 518 1265 518 1266 518 1267 518 1268 518 1269 518 1270 518 1271 518 1272 518 1273 518 1274 518 1275 518 1276 518 1277 518 1278 518 1279 517
real 134-0 src/tushenghao/docs/evidence/final-fixes/fix2-sweep/frames/C/frame-000134.png 27 1343 330 1342 330 1341 330 1340 330 1339 330 1338 330 1337 330 1336 330 1335 330 1334 330 1333 330 1332 330 1331 330 1330 330 1329 330 1328 330 1327 330 1326 330 1325 330 1324 330 1323 330 1322 330 1321 330 1320 330 1319 330 1318 330 1317 330
real 134-1 src/tushenghao/docs/evidence/final-fixes/fix2-sweep/frames/C/frame-000134.png 34 1347 359 1347 358 1347 357 1347 356 1347 355 1347 354 1347 353 1347 352 1348 351 1349 351 1348 351 1347 350 1348 349 1349 349 1348 349 1347 348 1347 347 1347 346 1348 345 1349 345 1348 345 1347 344 1348 343 1349 343 1348 343 1347 342 1348 341 1349 341 1348 341 1347 340 1348 339 1349 339 1348 339 1347 338
real 148-0 src/tushenghao/docs/evidence/final-fixes/fix2-sweep/frames/C/frame-000148.png 26 1187 330 1186 330 1185 330 1184 330 1183 329 1182 329 1181 329 1180 329 1179 329 1178 329 1177 329 1176 329 1175 329 1174 329 1173 329 1172 329 1171 329 1170 329 1169 329 1168 329 1167 329 1166 329 1165 329 1164 329 1163 329 1162 329
real 148-1 src/tushenghao/docs/evidence/final-fixes/fix2-sweep/frames/C/frame-000148.png 45 1191 359 1191 358 1192 357 1193 357 1192 357 1191 356 1192 355 1193 355 1192 355 1191 354 1192 353 1193 353 1192 353 1191 352 1192 351 1193 351 1192 351 1191 350 1192 349 1193 349 1193 348 1193 347 1192 347 1191 346 1192 345 1193 345 1192 344 1193 343 1193 342 1193 341 1192 340 1193 339 1192 339 1191 338 1192 337 1193 337 1192 337 1191 336 1192 335 1193 335 1192 335 1191 334 1192 333 1193 333 1192 333
real 150-0 src/tushenghao/docs/evidence/final-fixes/fix2-sweep/frames/C/frame-000150.png 112 978 337 977 338 976 338 977 338 978 339 977 340 976 340 977 340 978 341 977 342 976 342 977 342 978 343 977 344 976 344 977 344 978 345 977 346 976 346 977 346 978 347 977 348 976 348 977 348 978 349 977 350 976 350 977 350 978 351 977 352 976 352 977 352 978 353 977 354 976 354 977 354 978 355 977 356 976 356 977 356 978 357 977 358 976 358 977 358 978 359 977 360 976 360 977 360 978 361 977 362 976 362 977 362 978 363 977 364 976 364 977 364 978 365 977 366 976 366 977 366 978 367 977 368 976 368 977 368 978 369 977 370 976 370 977 370 978 371 977 372 976 372 977 372 978 373 977 374 976 374 977 374 978 375 977 376 976 376 977 376 978 377 977 378 976 378 977 378 978 379 977 380 976 380 977 380 978 381 977 382 976 382 977 382 978 383 977 384 976 384 977 384 978 385 977 386 976 386 977 386 978 387 977 388 976 388 977 388 978 389 977 390 976 390 977 390 978 391 977 392 976 392 977 392
real 150-1 src/tushenghao/docs/evidence/final-fixes/fix2-sweep/frames/C/frame-000150.png 64 1045 328 1044 328 1043 328 1042 328 1041 328 1040 328 1039 328 1038 328 1037 328 1036 328 1035 328 1034 328 1033 328 1032 328 1031 328 1030 328 1029 328 1028 328 1027 328 1026 328 1025 328 1024 328 1023 328 1022 328 1021 328 1020 328 1019 328 1018 328 1017 328 1016 328 1015 328 1014 328 1013 328 1012 328 1011 328 1010 328 1009 328 1008 328 1007 328 1006 328 1005 328 1004 328 1003 328 1002 328 1001 328 1000 328 999 328 998 328 997 328 996 328 995 328 994 328 993 328 992 328 991 328 990 328 989 328 988 328 987 328 986 328 985 328 984 328 983 328 982 328
real 153-0 src/tushenghao/docs/evidence/final-fixes/fix2-sweep/frames/D/frame-000153.png 28 1136 511 1137 511 1136 511 1135 510 1136 509 1137 509 1136 509 1135 508 1136 507 1137 507 1136 507 1135 506 1136 505 1137 505 1136 505 1135 504 1136 503 1137 503 1137 502 1137 501 1137 500 1137 499 1137 498 1137 497 1137 496 1137 495 1136 495 1135 494
real 153-1 src/tushenghao/docs/evidence/final-fixes/fix2-sweep/frames/D/frame-000153.png 60 1070 517 1071 517 1072 517 1073 517 1074 517 1075 517 1076 517 1077 517 1078 517 1079 517 1080 517 1081 517 1082 517 1083 517 1084 517 1085 517 1086 517 1087 517 1088 517 1089 517 1090 517 1091 517 1092 517 1093 517 1094 517 1095 517 1096 517 1097 517 1098 517 1099 517 1100 517 1101 517 1102 517 1103 517 1104 517 1105 517 1106 517 1107 517 1108 517 1109 517 1110 517 1111 517 1112 517 1113 517 1114 517 1115 517 1116 517 1117 517 1118 517 1119 517 1120 517 1121 517 1122 517 1123 517 1124 517 1125 517 1126 517 1127 517 1128 517 1129 517
real 154-0 src/tushenghao/docs/evidence/final-fixes/fix2-sweep/frames/C/frame-000154.png 25 1120 329 1119 329 1118 329 1117 329 1116 329 1115 329 1114 329 1113 329 1112 329 1111 329 1110 329 1109 329 1108 329 1107 329 1106 329 1105 329 1104 329 1103 329 1102 329 1101 329 1100 329 1099 329 1098 329 1097 329 1096 329
real 154-1 src/tushenghao/docs/evidence/final-fixes/fix2-sweep/frames/C/frame-000154.png 43 1125 356 1126 355 1127 355 1126 355 1125 354 1126 353 1127 353 1126 353 1125 352 1126 351 1127 351 1126 351 1125 350 1126 349 1127 349 1126 349 1125 348 1126 347 1127 347 1126 347 1125 346 1126 345 1127 345 1126 345 1125 344 1126 343 1127 343 1127 342 1127 341 1127 340 1127 339 1126 339 1125 338 1126 337 1127 337 1127 336 1127 335 1126 335 1125 334 1126 333 1127 333 1126 333 1125 332
real 177-0 src/tushenghao/docs/evidence/final-fixes/fix2-sweep/frames/C/frame-000177.png 31 919 513 919 512 919 511 919 510 919 509 919 508 919 507 919 506 920 505 921 505 920 505 919 504 920 503 921 503 920 503 919 502 920 501 921 501 920 501 919 500 920 499 921 499 920 499 919 498 920 497 921 497 920 497 919 496 920 495 921 495 920 495
real 177-1 src/tushenghao/docs/evidence/final-fixes/fix2-sweep/frames/C/frame-000177.png 37 877 515 878 515 879 515 880 515 881 515 882 515 883 515 884 515 885 515 886 515 887 515 888 515 889 515 890 515 891 515 892 515 893 515 894 515 895 515 896 515 897 515 898 515 899 515 900 515 901 515 902 515 903 515 904 515 905 515 906 515 907 515 908 515 909 515 910 515 911 515 912 515 913 515
real 193-0 src/tushenghao/docs/evidence/final-fixes/fix2-sweep/frames/C/frame-000193.png 31 605 492 604 492 605 492 606 493 605 494 604 494 605 494 606 495 605 496 604 496 605 496 606 497 605 498 604 498 605 498 606 499 605 500 604 500 605 500 606 501 605 502 604 502 605 502 606 503 605 504 606 505 606 506 606 507 606 508 606 509 606 510
real 193-1 src/tushenghao/docs/evidence/final-fixes/fix2-sweep/frames/C/frame-000193.png 57 608 512 609 512 610 512 611 512 612 512 613 512 614 512 615 512 616 512 617 512 618 512 619 512 620 512 621 512 622 512 623 512 624 512 625 512 626 512 627 512 628 512 629 512 630 511 631 511 632 511 633 511 634 511 635 511 636 511 637 511 638 511 639 511 640 511 641 511 642 511 643 511 644 511 645 511 646 511 647 511 648 511 649 511 650 511 651 511 652 511 653 511 654 511 655 511 656 511 657 511 658 511 659 511 660 511 661 511 662 511 663 511 664 511
real 206-0 src/tushenghao/docs/evidence/final-fixes/fix2-sweep/frames/C/frame-000206.png 22 706 326 705 326 704 326 703 326 702 326 701 326 700 326 699 326 698 326 697 326 696 326 695 326 694 326 693 326 692 326 691 326 690 326 689 326 688 326 687 326 686 326 685 326
real 206-1 src/tushenghao/docs/evidence/final-fixes/fix2-sweep/frames/C/frame-000206.png 42 714 351 715 351 714 351 713 350 714 349 715 349 714 349 713 348 714 347 715 347 714 347 713 346 714 345 715 345 714 345 713 344 714 343 715 343 714 343 713 342 714 341 715 341 714 341 713 340 714 339 715 339 714 339 713 338 714 337 715 337 714 336 715 335 714 335 713 334 714 333 715 333 714 333 713 332 714 331 715 331 714 331 713 330
real 207-0 src/tushenghao/docs/evidence/final-fixes/fix2-sweep/frames/C/frame-000207.png 31 698 324 697 324 696 324 695 324 694 324 693 323 692 323 691 323 690 323 689 323 688 323 687 323 686 323 685 323 684 324 683 324 682 324 681 324 680 324 679 324 678 324 677 324 676 324 675 324 674 324 673 324 672 324 671 324 670 324 669 324 668 324
real 207-1 src/tushenghao/docs/evidence/final-fixes/fix2-sweep/frames/C/frame-000207.png 49 702 351 703 351 702 351 701 350 702 349 703 349 702 349 701 348 702 347 703 347 702 347 701 346 702 345 703 345 702 345 701 344 702 343 703 343 702 343 701 342 702 341 703 341 702 341 701 340 702 339 703 339 702 339 701 338 702 337 703 337 702 337 701 336 702 335 703 335 702 334 703 333 702 333 701 332 702 331 703 331 702 331 701 330 702 329 703 329 702 329 701 328 702 327 703 327 702 327
real 215-0 src/tushenghao/docs/evidence/final-fixes/fix2-sweep/frames/C/frame-000215.png 24 468 332 468 333 468 334 468 335 468 336 469 336 470 337 469 338 468 338 469 339 468 340 469 340 470 341 469 342 468 342 469 342 470 343 469 344 468 344 469 344 470 345 469 346 468 346 469 346
real 215-1 src/tushenghao/docs/evidence/final-fixes/fix2-sweep/frames/C/frame-000215.png 25 494 326 493 326 492 326 491 326 490 326 489 326 488 326 487 326 486 326 485 326 484 326 483 326 482 326 481 326 480 326 479 326 478 326 477 326 476 326 475 326 474 326 473 326 472 326 471 326 470 326
real 226-0 src/tushenghao/docs/evidence/final-fixes/fix2-sweep/frames/C/frame-000226.png 23 592 324 591 324 590 324 589 324 588 324 587 324 586 324 585 324 584 324 583 324 582 324 581 324 580 324 579 324 578 324 577 324 576 324 575 324 574 324 573 324 572 324 571 324 570 324
real 226-1 src/tushenghao/docs/evidence/final-fixes/fix2-sweep/frames/C/frame-000226.png 42 599 353 599 352 599 351 599 350 599 349 599 348 599 347 599 346 599 345 599 344 600 343 601 343 600 343 599 342 600 341 601 341 600 341 599 340 600 339 601 339 600 339 599 338 600 337 601 337 600 337 599 336 600 335 601 335 600 335 599 334 600 333 601 333 600 333 599 332 600 331 601 331 600 331 599 330 600 329 601 329 600 329 599 328
real 228-0 src/tushenghao/docs/evidence/final-fixes/fix2-sweep/frames/C/frame-000228.png 28 571 326 570 326 569 326 568 326 567 326 566 326 565 326 564 326 563 326 562 326 561 326 560 326 559 326 558 326 557 326 556 326 555 326 554 326 553 326 552 326 551 326 550 326 549 326 548 326 547 326 546 326 545 326 544 326
real 228-1 src/tushenghao/docs/evidence/final-fixes/fix2-sweep/frames/C/frame-000228.png 40 573 355 573 354 573 353 573 352 573 351 573 350 574 349 575 349 574 349 573 348 574 347 575 347 574 347 573 346 574 345 575 345 574 345 573 344 574 343 575 343 574 343 573 342 574 341 575 341 574 341 573 340 574 339 575 339 574 339 573 338 574 337 575 337 574 337 573 336 574 335 575 335 575 334 575 333 575 332 575 331
real 234-0 src/tushenghao/docs/evidence/final-fixes/fix2-sweep/frames/C/frame-000234.png 91 303 446 302 446 302 447 302 448 302 449 302 450 302 451 302 452 302 453 302 454 302 455 302 456 302 457 302 458 302 459 302 460 302 461 302 462 302 463 302 464 302 465 301 466 300 466 301 466 302 467 302 468 302 469 301 470 300 470 301 470 302 471 301 472 300 472 301 472 302 473 301 474 300 474 301 474 302 475 301 476 300 476 301 476 302 477 301 478 300 478 301 478 302 479 301 480 300 480 301 480 302 481 301 482 300 482 301 482 302 483 301 484 300 484 301 484 302 485 301 486 300 486 301 486 302 487 301 488 300 488 301 488 302 489 301 490 300 490 301 490 302 491 301 492 300 492 300 493 300 494 300 495 300 496 300 497 300 498 301 498 302 499 301 500 300 500 301 501 300 502 301 502 302 503 301 504 300 504 301 504 302 505
real 234-1 src/tushenghao/docs/evidence/final-fixes/fix2-sweep/frames/C/frame-000234.png 52 304 511 305 511 306 511 307 511 308 511 309 511 310 511 311 511 312 511 313 511 314 511 315 511 316 511 317 511 318 511 319 511 320 511 321 511 322 511 323 511 324 511 325 511 326 511 327 511 328 511 329 511 330 511 331 511 332 511 333 511 334 511 335 511 336 511 337 511 338 511 339 511 340 511 341 511 342 511 343 511 344 511 345 511 346 511 347 511 348 511 349 511 350 511 351 511 352 511 353 511 354 511 355 511
real 239-0 src/tushenghao/docs/evidence/final-fixes/fix2-sweep/frames/C/frame-000239.png 19 428 325 427 325 426 325 425 325 424 325 423 325 422 325 421 325 420 325 419 325 418 325 417 325 416 325 415 325 414 325 413 325 412 325 411 325 410 325
real 239-1 src/tushenghao/docs/evidence/final-fixes/fix2-sweep/frames/C/frame-000239.png 48 434 353 435 353 434 353 433 352 434 351 435 351 434 351 433 350 434 349 435 349 434 349 433 348 434 347 435 347 434 347 433 346 434 345 435 345 434 345 433 344 434 343 435 343 434 343 433 342 434 341 435 341 434 341 433 340 434 339 435 339 434 339 433 338 434 337 435 337 434 336 435 335 434 335 433 334 434 333 435 333 435 332 435 331 434 331 433 330 434 329 435 329 434 329 433 328
real 245-0 src/tushenghao/docs/evidence/final-fixes/fix2-sweep/frames/C/frame-000245.png 23 374 327 373 327 372 327 371 327 370 327 369 327 368 327 367 327 366 327 365 327 364 327 363 327 362 327 361 327 360 327 359 327 358 327 357 327 356 327 355 327 354 327 353 327 352 327
real 245-1 src/tushenghao/docs/evidence/final-fixes/fix2-sweep/frames/C/frame-000245.png 37 378 351 379 351 378 351 377 350 378 349 379 349 378 349 377 348 378 347 379 347 378 347 377 346 378 345 379 345 378 345 377 344 378 343 379 343 378 343 377 342 378 341 379 341 378 341 377 340 378 339 379 339 378 338 379 337 379 336 379 335 379 334 379 333 378 333 377 332 378 331 379 331 378 331
real 246-0 src/tushenghao/docs/evidence/final-fixes/fix2-sweep/frames/C/frame-000246.png 23 364 327 363 327 362 327 361 327 360 327 359 327 358 327 357 327 356 327 355 327 354 327 353 327 352 327 351 327 350 327 349 327 348 327 347 327 346 327 345 327 344 327 343 327 342 327
real 246-1 src/tushenghao/docs/evidence/final-fixes/fix2-sweep/frames/C/frame-000246.png 37 368 351 369 351 368 351 367 350 368 349 369 349 368 349 367 348 368 347 369 347 368 347 367 346 368 345 369 345 368 345 367 344 368 343 369 343 368 343 367 342 368 341 369 341 368 341 367 340 368 339 369 339 368 338 369 337 369 336 369 335 369 334 369 333 368 333 367 332 368 331 369 331 368 331
real 261-0 src/tushenghao/docs/evidence/final-fixes/fix2-sweep/frames/C/frame-000261.png 22 207 325 206 325 205 325 204 325 203 325 202 325 201 325 200 325 199 325 198 325 197 325 196 325 195 325 194 325 193 325 192 325 191 325 190 325 189 325 188 325 187 325 186 325
real 261-1 src/tushenghao/docs/evidence/final-fixes/fix2-sweep/frames/C/frame-000261.png 20 208 345 209 345 208 345 207 344 208 343 209 343 208 343 207 342 208 341 209 341 209 340 209 339 209 338 209 337 209 336 209 335 208 334 209 333 208 332 209 331
real 278-0 src/tushenghao/docs/evidence/final-fixes/fix2-sweep/frames/C/frame-000278.png 33 200 503 201 503 200 503 199 502 200 501 201 501 200 501 199 500 200 499 201 499 200 499 199 498 200 497 201 497 200 497 199 496 200 495 201 495 201 494 201 493 200 493 199 492 200 491 201 491 201 490 201 489 201 488 201 487 201 486 201 485 201 484 201 483 200 483
real 278-1 src/tushenghao/docs/evidence/final-fixes/fix2-sweep/frames/C/frame-000278.png 15 185 508 186 508 187 508 188 508 189 508 190 508 191 508 192 508 193 508 194 508 195 508 196 507 197 507 198 507 199 507
real 280-0 src/tushenghao/docs/evidence/final-fixes/fix2-sweep/frames/D/frame-000280.png 96 35 446 34 446 34 447 34 448 34 449 34 450 34 451 34 452 34 453 34 454 34 455 34 456 34 457 34 458 34 459 34 460 34 461 33 462 32 462 33 462 34 463 33 464 32 464 33 464 34 465 33 466 32 466 33 466 34 467 33 468 32 468 33 468 34 469 33 470 32 470 33 470 34 471 33 472 32 472 33 472 34 473 33 474 32 474 33 474 34 475 33 476 32 476 33 476 34 477 33 478 32 478 33 478 34 479 33 480 32 480 33 480 34 481 33 482 32 482 33 482 34 483 33 484 32 484 33 484 34 485 33 486 32 486 33 486 34 487 33 488 32 488 33 488 34 489 33 490 32 490 33 491 32 492 33 492 34 493 33 494 32 494 32 495 32 496 32 497 32 498 32 499 32 500 32 501 32 502 32 503 32 504 33 504 34 505 33 506 32 506 33 506
real 280-1 src/tushenghao/docs/evidence/final-fixes/fix2-sweep/frames/D/frame-000280.png 54 36 512 37 512 38 512 39 512 40 512 41 512 42 512 43 512 44 512 45 512 46 512 47 512 48 512 49 512 50 512 51 512 52 512 53 512 54 511 55 511 56 511 57 511 58 511 59 511 60 511 61 511 62 511 63 511 64 511 65 511 66 511 67 511 68 511 69 511 70 511 71 511 72 511 73 511 74 511 75 511 76 511 77 511 78 511 79 511 80 511 81 511 82 511 83 511 84 511 85 511 86 511 87 511 88 511 89 511
real 291-0 src/tushenghao/docs/evidence/final-fixes/fix2-sweep/frames/C/frame-000291.png 19 276 327 275 327 274 327 273 327 272 327 271 327 270 327 269 327 268 327 267 327 266 327 265 327 264 327 263 327 262 327 261 327 260 327 259 327 258 327
real 291-1 src/tushenghao/docs/evidence/final-fixes/fix2-sweep/frames/C/frame-000291.png 49 280 353 281 353 280 353 279 352 280 351 281 351 280 351 279 350 280 349 281 349 280 349 279 348 280 347 281 347 280 347 279 346 280 345 281 345 280 345 279 344 280 343 281 343 280 343 279 342 280 341 281 341 280 341 279 340 280 339 281 339 280 339 279 338 280 337 281 337 280 337 279 336 280 335 281 335 281 334 281 333 280 333 279 332 280 331 281 331 280 331 279 330 280 329 281 329 280 329
real 297-0 src/tushenghao/docs/evidence/final-fixes/fix2-sweep/frames/C/frame-000297.png 26 323 323 322 323 321 323 320 323 319 323 318 323 317 323 316 323 315 323 314 323 313 323 312 323 311 323 310 323 309 323 308 323 307 324 306 323 305 324 304 324 303 324 302 324 301 324 300 324 299 324 298 324
real 297-1 src/tushenghao/docs/evidence/final-fixes/fix2-sweep/frames/C/frame-000297.png 47 330 351 331 351 330 351 329 350 330 349 331 349 330 349 329 348 330 347 331 347 330 347 329 346 330 345 331 345 330 345 329 344 330 343 331 343 330 343 329 342 330 341 331 341 330 341 329 340 330 339 331 339 330 339 329 338 330 337 331 337 330 336 331 335 331 334 331 333 331 332 331 331 330 330 331 329 330 329 329 328 330 327 331 327 330 327 329 326 330 325 331 325 330 325
real 299-0 src/tushenghao/docs/evidence/final-fixes/fix2-sweep/frames/C/frame-000299.png 21 346 323 345 323 344 323 343 323 342 323 341 323 340 323 339 323 338 323 337 323 336 323 335 323 334 323 333 323 332 323 331 323 330 323 329 323 328 323 327 323 326 323
real 299-1 src/tushenghao/docs/evidence/final-fixes/fix2-sweep/frames/C/frame-000299.png 34 350 345 351 345 350 345 349 344 350 343 351 343 351 342 351 341 350 340 351 339 350 338 351 337 351 336 351 335 351 334 351 333 350 333 349 332 350 331 351 331 350 331 349 330 350 329 351 329 350 329 349 328 350 327 351 327 350 327 349 326 350 325 351 325 350 325 349 324
real 300-0 src/tushenghao/docs/evidence/final-fixes/fix2-sweep/frames/C/frame-000300.png 52 361 498 362 497 363 497 362 497 361 496 362 495 363 495 362 495 361 494 362 493 363 493 362 493 361 492 362 491 363 491 362 491 361 490 362 489 363 489 362 489 361 488 362 487 363 487 362 487 361 486 362 485 363 485 362 485 361 484 362 483 363 483 362 483 361 482 362 481 363 481 362 481 361 480 362 479 363 479 362 479 361 478 362 477 363 477 362 477 361 476 362 475 363 475 362 475 361 474 362 473 363 473 362 473
real 300-1 src/tushenghao/docs/evidence/final-fixes/fix2-sweep/frames/C/frame-000300.png 52 308 508 309 508 310 508 311 508 312 508 313 508 314 508 315 508 316 508 317 508 318 508 319 508 320 508 321 508 322 508 323 508 324 508 325 508 326 508 327 508 328 508 329 508 330 508 331 508 332 508 333 508 334 508 335 508 336 508 337 508 338 508 339 508 340 508 341 508 342 508 343 508 344 508 345 507 346 507 347 507 348 507 349 507 350 507 351 507 352 507 353 507 354 507 355 507 356 507 357 507 358 507 359 507
real 305-0 src/tushenghao/docs/evidence/final-fixes/fix2-sweep/frames/C/frame-000305.png 28 413 326 412 326 411 326 410 326 409 326 408 326 407 326 406 326 405 326 404 326 403 326 402 326 401 326 400 326 399 326 398 326 397 326 396 326 395 326 394 326 393 326 392 326 391 326 390 326 389 326 388 326 387 326 386 326
real 305-1 src/tushenghao/docs/evidence/final-fixes/fix2-sweep/frames/C/frame-000305.png 27 414 345 415 345 414 345 413 344 414 343 415 343 414 343 413 342 414 341 415 341 414 341 413 340 414 339 415 339 414 339 413 338 414 337 415 337 414 337 413 336 414 335 415 335 414 334 415 333 414 332 415 331 414 331
real 307-0 src/tushenghao/docs/evidence/final-fixes/fix2-sweep/frames/C/frame-000307.png 27 425 326 424 326 423 326 422 326 421 326 420 326 419 326 418 326 417 326 416 326 415 325 414 325 413 325 412 325 411 325 410 325 409 325 408 325 407 325 406 325 405 325 404 325 403 325 402 325 401 325 400 325 399 325
real 307-1 src/tushenghao/docs/evidence/final-fixes/fix2-sweep/frames/C/frame-000307.png 41 425 355 425 354 425 353 425 352 425 351 425 350 425 349 425 348 425 347 425 346 426 345 427 345 426 345 425 344 426 343 427 343 426 343 425 342 426 341 427 341 426 341 425 340 426 339 427 339 426 339 425 338 426 337 427 337 426 337 425 336 426 335 427 335 426 335 425 334 426 333 427 333 426 333 425 332 426 331 427 331 426 331
real 322-0 src/tushenghao/docs/evidence/final-fixes/fix2-sweep/frames/C/frame-000322.png 103 530 503 531 503 530 503 529 502 530 501 531 501 530 501 529 500 530 499 531 499 530 499 529 498 530 497 531 497 530 497 529 496 530 495 531 495 531 494 531 493 531 492 531 491 531 490 531 489 531 488 531 487 530 487 529 486 530 485 531 485 530 485 529 484 530 483 531 483 530 483 529 482 530 481 531 481 530 481 529 480 530 479 531 479 530 479 529 478 530 477 531 477 530 477 529 476 530 475 531 475 530 475 529 474 530 473 531 473 530 473 529 472 530 471 531 471 530 471 529 470 530 469 531 469 530 469 529 468 530 467 531 467 530 467 529 466 530 465 531 465 530 465 529 464 530 463 531 463 530 463 529 462 530 461 531 461 530 461 529 460 530 459 531 459 530 459 529 458 530 457 531 457 530 457 529 456 530 455 531 455 530 455 529 454 530 453 531 453 530 453 529 452 530 451 531 451 530 451 529 450 530 449 531 449 530 449
real 322-1 src/tushenghao/docs/evidence/final-fixes/fix2-sweep/frames/C/frame-000322.png 23 503 508 504 508 505 508 506 508 507 508 508 508 509 508 510 508 511 508 512 508 513 508 514 508 515 508 516 508 517 508 518 508 519 508 520 508 521 508 522 508 523 508 524 508 525 507
real 332-0 src/tushenghao/docs/evidence/final-fixes/fix2-sweep/frames/C/frame-000332.png 60 653 504 654 503 655 503 654 503 653 502 654 501 655 501 654 501 653 500 654 499 655 499 654 499 653 498 654 497 655 497 654 497 653 496 654 495 655 495 654 495 653 494 654 493 655 493 654 493 653 492 654 491 655 491 654 491 653 490 654 489 655 489 654 489 653 488 654 487 655 487 654 487 653 486 654 485 655 485 654 485 653 484 654 483 655 483 654 483 653 482 654 481 655 481 654 481 653 480 654 479 655 479 654 479 653 478 654 477 655 477 654 477 653 476 654 475 655 475 654 475
real 332-1 src/tushenghao/docs/evidence/final-fixes/fix2-sweep/frames/C/frame-000332.png 49 600 513 601 513 602 513 603 513 604 513 605 513 606 513 607 513 608 513 609 513 610 513 611 513 612 513 613 513 614 513 615 513 616 513 617 513 618 513 619 513 620 513 621 513 622 513 623 513 624 513 625 513 626 513 627 513 628 513 629 513 630 513 631 513 632 513 633 513 634 513 635 513 636 513 637 513 638 513 639 513 640 513 641 513 642 513 643 513 644 513 645 513 646 513 647 513 648 513
real 366-0 src/tushenghao/docs/evidence/final-fixes/fix2-sweep/frames/C/frame-000366.png 110 675 448 676 449 675 450 674 450 675 450 676 451 675 452 674 452 675 452 676 453 675 454 674 454 675 454 676 455 675 456 674 456 675 456 676 457 675 458 674 458 675 458 676 459 675 460 674 460 675 460 676 461 675 462 674 462 675 462 676 463 675 464 674 464 675 464 676 465 675 466 674 466 675 466 676 467 675 468 674 468 675 468 676 469 675 470 674 470 675 470 676 471 675 472 674 472 675 472 676 473 675 474 674 474 675 474 676 475 675 476 674 476 675 476 676 477 675 478 674 478 675 478 676 479 675 480 674 480 675 480 676 481 675 482 674 482 675 482 676 483 675 484 674 484 675 484 676 485 675 486 674 486 675 486 676 487 675 488 674 488 675 488 676 489 675 490 674 490 675 490 676 491 675 492 674 492 675 492 676 493 675 494 674 494 675 494 676 495 675 496 674 496 675 496 676 497 675 498 674 498 675 498 676 499 675 500 674 500 675 500 676 501 675 502 674 502 675 502 676 503
real 366-1 src/tushenghao/docs/evidence/final-fixes/fix2-sweep/frames/C/frame-000366.png 32 678 512 679 512 680 512 681 512 682 512 683 512 684 512 685 512 686 512 687 512 688 512 689 512 690 512 691 512 692 512 693 512 694 512 695 512 696 512 697 512 698 512 699 512 700 512 701 512 702 512 703 512 704 512 705 512 706 512 707 512 708 512 709 512
real 369-0 src/tushenghao/docs/evidence/final-fixes/fix2-sweep/frames/C/frame-000369.png 18 887 322 886 322 885 322 884 322 883 322 882 322 881 322 880 322 879 322 878 322 877 322 876 322 875 322 874 322 873 322 872 322 871 322 870 322
real 369-1 src/tushenghao/docs/evidence/final-fixes/fix2-sweep/frames/C/frame-000369.png 36 893 349 893 348 893 347 893 346 894 345 895 345 894 345 893 344 894 343 895 343 894 343 893 342 894 341 893 340 894 339 895 339 894 339 893 338 894 337 895 337 894 337 893 336 893 335 893 334 893 333 893 332 893 331 893 330 893 329 893 328 893 327 893 326 893 325 893 324 892 324 891 323
real 373-0 src/tushenghao/docs/evidence/final-fixes/fix2-sweep/frames/C/frame-000373.png 27 933 323 932 323 931 323 930 323 929 323 928 323 927 322 926 322 925 322 924 322 923 323 922 323 921 323 920 323 919 323 918 323 917 323 916 323 915 323 914 323 913 323 912 323 911 323 910 323 909 323 908 323 907 323
real 373-1 src/tushenghao/docs/evidence/final-fixes/fix2-sweep/frames/C/frame-000373.png 28 937 343 937 342 937 341 937 340 937 339 936 339 935 338 936 337 937 337 937 336 937 335 936 335 935 334 936 333 937 333 936 333 935 332 936 331 937 331 936 331 935 330 936 329 937 329 936 329 935 328 936 327 937 327 936 327
real 374-0 src/tushenghao/docs/evidence/final-fixes/fix2-sweep/frames/C/frame-000374.png 25 945 323 944 323 943 323 942 323 941 323 940 323 939 323 938 323 937 323 936 323 935 323 934 323 933 323 932 323 931 323 930 323 929 323 928 323 927 323 926 323 925 323 924 323 923 323 922 323 921 323
real 374-1 src/tushenghao/docs/evidence/final-fixes/fix2-sweep/frames/C/frame-000374.png 27 948 341 949 341 949 340 949 339 948 339 947 338 948 337 949 337 949 336 949 335 948 335 947 334 948 333 949 333 948 333 947 332 948 331 949 331 948 331 947 330 948 329 949 329 948 329 947 328 948 327 949 327 948 327
real 376-0 src/tushenghao/docs/evidence/final-fixes/fix2-sweep/frames/C/frame-000376.png 31 972 326 971 325 970 325 969 325 968 325 967 325 966 325 965 324 964 324 963 324 962 324 961 324 960 324 959 324 958 324 957 324 956 324 955 324 954 324 953 324 952 324 951 324 950 324 949 325 948 325 947 325 946 325 945 325 944 325 943 325 942 325
real 376-1 src/tushenghao/docs/evidence/final-fixes/fix2-sweep/frames/C/frame-000376.png 16 975 347 975 346 975 345 975 344 975 343 975 342 975 341 975 340 975 339 975 338 975 337 975 336 975 335 975 334 975 333 975 332
real 377-0 src/tushenghao/docs/evidence/final-fixes/fix2-sweep/frames/C/frame-000377.png 106 795 454 794 454 795 454 796 455 795 456 794 456 795 456 796 457 795 458 794 458 795 458 796 459 795 460 794 460 795 460 796 461 795 462 794 462 795 462 796 463 795 464 794 464 795 464 796 465 795 466 794 466 795 466 796 467 795 468 794 468 795 468 796 469 795 470 794 470 795 470 796 471 795 472 794 472 795 472 796 473 795 474 794 474 795 474 796 475 795 476 794 476 795 476 796 477 795 478 794 478 795 478 796 479 795 480 794 480 795 480 796 481 795 482 794 482 795 482 796 483 795 484 794 484 795 484 796 485 795 486 794 486 795 486 796 487 795 488 794 488 795 488 796 489 795 490 794 490 795 490 796 491 795 492 794 492 795 492 796 493 795 494 794 494 795 494 796 495 795 496 794 496 794 497 794 498 794 499 794 500 795 500 796 501 795 502 794 502 794 503 794 504 795 504 796 505 795 506 794 506 795 506 796 507 795 508 794 508 795 508 796 509
real 377-1 src/tushenghao/docs/evidence/final-fixes/fix2-sweep/frames/C/frame-000377.png 67 798 513 799 513 800 513 801 513 802 513 803 513 804 513 805 513 806 513 807 513 808 513 809 513 810 513 811 513 812 513 813 513 814 513 815 513 816 513 817 513 818 513 819 513 820 513 821 513 822 513 823 513 824 513 825 513 826 513 827 513 828 513 829 513 830 513 831 513 832 513 833 513 834 513 835 513 836 513 837 513 838 513 839 513 840 513 841 513 842 513 843 513 844 513 845 513 846 513 847 513 848 513 849 513 850 513 851 513 852 513 853 513 854 513 855 513 856 513 857 513 858 513 859 513 860 513 861 513 862 513 863 513 864 513
real 382-0 src/tushenghao/docs/evidence/final-fixes/fix2-sweep/frames/D/frame-000382.png 35 1047 510 1048 509 1049 509 1048 509 1047 508 1048 507 1049 507 1048 507 1047 506 1048 505 1049 505 1048 505 1047 504 1048 503 1049 503 1048 503 1047 502 1048 501 1049 501 1049 500 1049 499 1049 498 1049 497 1049 496 1049 495 1049 494 1049 493 1049 492 1049 491 1049 490 1049 489 1049 488 1049 487 1048 487 1047 486
real 382-1 src/tushenghao/docs/evidence/final-fixes/fix2-sweep/frames/D/frame-000382.png 49 993 515 994 515 995 515 996 515 997 515 998 515 999 515 1000 515 1001 515 1002 515 1003 515 1004 515 1005 515 1006 515 1007 515 1008 515 1009 515 1010 515 1011 515 1012 515 1013 515 1014 515 1015 515 1016 515 1017 515 1018 515 1019 515 1020 515 1021 515 1022 515 1023 515 1024 515 1025 515 1026 515 1027 515 1028 515 1029 515 1030 515 1031 515 1032 515 1033 515 1034 515 1035 515 1036 515 1037 515 1038 515 1039 515 1040 515 1041 515
real 383-0 src/tushenghao/docs/evidence/final-fixes/fix2-sweep/frames/C/frame-000383.png 92 1059 506 1060 505 1061 505 1060 505 1059 504 1060 503 1061 503 1060 503 1059 502 1060 501 1061 501 1060 501 1059 500 1060 499 1061 499 1060 499 1059 498 1060 497 1061 497 1060 497 1059 496 1060 495 1061 495 1060 495 1059 494 1060 493 1061 493 1060 493 1059 492 1060 491 1061 491 1060 491 1059 490 1060 489 1061 489 1060 489 1059 488 1060 487 1061 487 1060 487 1059 486 1060 485 1061 485 1060 485 1059 484 1060 483 1061 483 1060 483 1059 482 1060 481 1061 481 1060 481 1059 480 1060 479 1061 479 1060 479 1059 478 1060 477 1061 477 1060 477 1059 476 1060 475 1061 475 1060 475 1059 474 1060 473 1061 473 1060 473 1059 472 1060 471 1061 471 1060 471 1059 470 1060 469 1061 469 1060 469 1059 468 1060 467 1061 467 1060 467 1059 466 1060 465 1061 465 1060 465 1059 464 1060 463 1061 463 1060 463 1059 462 1060 461 1061 461 1060 461
real 383-1 src/tushenghao/docs/evidence/final-fixes/fix2-sweep/frames/C/frame-000383.png 62 993 515 994 515 995 515 996 515 997 515 998 515 999 515 1000 515 1001 515 1002 515 1003 515 1004 515 1005 515 1006 515 1007 515 1008 515 1009 515 1010 515 1011 515 1012 515 1013 515 1014 515 1015 515 1016 515 1017 515 1018 515 1019 515 1020 515 1021 515 1022 515 1023 515 1024 515 1025 515 1026 515 1027 515 1028 515 1029 515 1030 515 1031 515 1032 515 1033 515 1034 515 1035 515 1036 515 1037 515 1038 515 1039 515 1040 515 1041 515 1042 515 1043 515 1044 515 1045 515 1046 515 1047 515 1048 515 1049 515 1050 515 1051 515 1052 515 1053 515 1054 515
real 384-0 src/tushenghao/docs/evidence/final-fixes/fix2-sweep/frames/C/frame-000384.png 21 1064 327 1063 327 1062 327 1061 327 1060 327 1059 327 1058 327 1057 327 1056 327 1055 327 1054 327 1053 327 1052 327 1051 327 1050 327 1049 327 1048 327 1047 327 1046 327 1045 327 1044 327
real 384-1 src/tushenghao/docs/evidence/final-fixes/fix2-sweep/frames/C/frame-000384.png 29 1072 347 1073 347 1072 347 1071 346 1072 345 1073 345 1072 345 1071 344 1072 343 1073 343 1072 343 1071 342 1072 341 1073 341 1072 341 1071 340 1072 339 1073 339 1072 339 1071 338 1072 337 1073 337 1072 337 1071 336 1072 335 1073 335 1072 335 1071 334 1072 333
real 394-0 src/tushenghao/docs/evidence/final-fixes/fix2-sweep/frames/C/frame-000394.png 95 993 462 992 462 993 462 994 463 993 464 992 464 993 464 994 465 993 466 992 466 993 466 994 467 993 468 992 468 993 468 994 469 993 470 992 470 993 470 994 471 993 472 992 472 993 472 994 473 993 474 992 474 993 474 994 475 993 476 992 476 993 476 994 477 993 478 992 478 993 478 994 479 993 480 992 480 993 480 994 481 993 482 992 482 993 482 994 483 993 484 992 484 993 484 994 485 993 486 992 486 993 486 994 487 993 488 992 488 993 488 994 489 993 490 992 490 993 490 994 491 993 492 992 492 993 492 994 493 993 494 992 494 993 494 994 495 993 496 992 496 993 496 994 497 993 498 992 498 992 499 992 500 992 501 992 502 993 502 994 503 993 504 992 504 993 504 994 505 993 506 992 506 993 506 994 507 993 508 992 508 993 508 994 509 993 510 992 510 993 510
real 394-1 src/tushenghao/docs/evidence/final-fixes/fix2-sweep/frames/C/frame-000394.png 66 996 515 997 515 998 515 999 515 1000 515 1001 515 1002 515 1003 515 1004 515 1005 515 1006 515 1007 515 1008 515 1009 515 1010 515 1011 515 1012 515 1013 515 1014 515 1015 515 1016 515 1017 515 1018 515 1019 515 1020 515 1021 515 1022 515 1023 515 1024 515 1025 515 1026 515 1027 515 1028 515 1029 515 1030 515 1031 515 1032 515 1033 515 1034 515 1035 515 1036 515 1037 515 1038 515 1039 515 1040 515 1041 515 1042 515 1043 515 1044 515 1045 515 1046 515 1047 515 1048 515 1049 515 1050 515 1051 515 1052 515 1053 515 1054 515 1055 515 1056 515 1057 515 1058 515 1059 515 1060 515 1061 515
real 395-0 src/tushenghao/docs/evidence/final-fixes/fix2-sweep/frames/C/frame-000395.png 115 1198 511 1199 511 1198 511 1197 510 1198 509 1199 509 1198 509 1197 508 1198 507 1199 507 1198 507 1197 506 1198 505 1199 505 1198 505 1197 504 1198 503 1199 503 1198 503 1197 502 1198 501 1199 501 1198 500 1199 499 1198 499 1197 498 1198 497 1199 497 1198 496 1199 495 1198 495 1197 494 1198 493 1199 493 1198 493 1197 492 1198 491 1199 491 1198 491 1197 490 1198 489 1199 489 1198 489 1197 488 1198 487 1199 487 1198 487 1197 486 1198 485 1199 485 1198 485 1197 484 1198 483 1199 483 1198 483 1197 482 1198 481 1199 481 1198 481 1197 480 1198 479 1199 479 1198 479 1197 478 1198 477 1199 477 1198 477 1197 476 1198 475 1199 475 1198 475 1197 474 1198 473 1199 473 1198 473 1197 472 1198 471 1199 471 1198 471 1197 470 1198 469 1199 469 1198 469 1197 468 1198 467 1199 467 1198 467 1197 466 1198 465 1199 465 1198 465 1197 464 1198 463 1199 463 1198 463 1197 462 1198 461 1199 461 1198 461 1197 460 1198 459 1199 459 1198 459 1197 458 1198 457 1199 457 1198 457 1197 456 1198 455 1199 455 1198 455 1197 454 1198 453 1199 453 1198 453
real 395-1 src/tushenghao/docs/evidence/final-fixes/fix2-sweep/frames/C/frame-000395.png 47 1143 517 1144 517 1145 517 1146 517 1147 517 1148 517 1149 517 1150 517 1151 517 1152 517 1153 517 1154 517 1155 517 1156 517 1157 517 1158 517 1159 517 1160 517 1161 517 1162 517 1163 517 1164 517 1165 517 1166 517 1167 517 1168 517 1169 517 1170 517 1171 517 1172 517 1173 517 1174 517 1175 517 1176 517 1177 517 1178 517 1179 517 1180 517 1181 517 1182 517 1183 517 1184 517 1185 517 1186 517 1187 517 1188 517 1189 517
real 408-0 src/tushenghao/docs/evidence/final-fixes/fix2-sweep/frames/C/frame-000408.png 31 1292 513 1293 513 1292 513 1291 512 1292 511 1293 511 1292 511 1291 510 1292 509 1293 509 1293 508 1293 507 1292 507 1291 506 1292 505 1293 505 1292 505 1291 504 1292 503 1293 503 1293 502 1293 501 1293 500 1293 499 1293 498 1293 497 1293 496 1293 495 1293 494 1293 493 1292 493
real 408-1 src/tushenghao/docs/evidence/final-fixes/fix2-sweep/frames/C/frame-000408.png 61 1227 517 1228 517 1229 517 1230 517 1231 517 1232 517 1233 517 1234 517 1235 517 1236 517 1237 517 1238 517 1239 517 1240 517 1241 517 1242 517 1243 517 1244 517 1245 517 1246 517 1247 517 1248 517 1249 517 1250 517 1251 517 1252 517 1253 517 1254 517 1255 517 1256 517 1257 517 1258 517 1259 517 1260 517 1261 517 1262 518 1263 518 1264 518 1265 518 1266 518 1267 518 1268 518 1269 518 1270 518 1271 518 1272 518 1273 518 1274 518 1275 518 1276 518 1277 518 1278 518 1279 518 1280 518 1281 518 1282 518 1283 518 1284 518 1285 518 1286 517 1287 517
real 409-0 src/tushenghao/docs/evidence/final-fixes/fix2-sweep/frames/C/frame-000409.png 28 1293 328 1292 328 1291 328 1290 328 1289 328 1288 328 1287 328 1286 328 1285 328 1284 328 1283 328 1282 328 1281 328 1280 328 1279 328 1278 328 1277 328 1276 328 1275 328 1274 328 1273 328 1272 328 1271 328 1270 328 1269 328 1268 328 1267 328 1266 328
real 409-1 src/tushenghao/docs/evidence/final-fixes/fix2-sweep/frames/C/frame-000409.png 38 1295 355 1295 354 1295 353 1295 352 1296 351 1295 350 1296 349 1297 349 1296 349 1295 348 1296 347 1297 347 1296 347 1295 346 1296 345 1297 345 1296 345 1295 344 1296 343 1297 343 1296 343 1295 342 1296 341 1297 341 1296 341 1295 340 1295 339 1295 338 1295 337 1295 336 1295 335 1295 334 1295 333 1295 332 1295 331 1295 330 1295 329 1295 328
real 422-0 src/tushenghao/docs/evidence/final-fixes/fix2-sweep/frames/C/frame-000422.png 112 1241 454 1240 454 1241 454 1242 455 1241 456 1240 456 1241 456 1242 457 1241 458 1240 458 1241 458 1242 459 1241 460 1240 460 1241 460 1242 461 1241 462 1240 462 1241 462 1242 463 1241 464 1240 464 1241 464 1242 465 1241 466 1240 466 1241 466 1242 467 1241 468 1240 468 1241 468 1242 469 1241 470 1240 470 1241 470 1242 471 1241 472 1240 472 1241 472 1242 473 1241 474 1240 474 1241 474 1242 475 1241 476 1240 476 1241 476 1242 477 1241 478 1240 478 1241 478 1242 479 1241 480 1240 480 1241 480 1242 481 1241 482 1240 482 1241 482 1242 483 1241 484 1240 484 1241 484 1242 485 1241 486 1240 486 1241 486 1242 487 1241 488 1240 488 1241 488 1242 489 1241 490 1240 490 1241 490 1242 491 1241 492 1240 492 1241 492 1242 493 1241 494 1240 494 1241 494 1242 495 1241 496 1240 496 1241 496 1242 497 1241 498 1240 498 1241 498 1242 499 1241 500 1240 500 1241 500 1242 501 1241 502 1240 502 1241 502 1242 503 1241 504 1240 504 1241 504 1242 505 1241 506 1240 506 1241 506 1242 507 1241 508 1240 508 1241 508 1242 509
real 422-1 src/tushenghao/docs/evidence/final-fixes/fix2-sweep/frames/C/frame-000422.png 51 1247 518 1248 518 1249 518 1250 518 1251 518 1252 518 1253 518 1254 518 1255 518 1256 518 1257 518 1258 518 1259 518 1260 518 1261 518 1262 518 1263 518 1264 518 1265 518 1266 518 1267 518 1268 518 1269 518 1270 518 1271 518 1272 518 1273 518 1274 518 1275 518 1276 518 1277 518 1278 518 1279 518 1280 518 1281 518 1282 518 1283 518 1284 518 1285 518 1286 518 1287 518 1288 518 1289 518 1290 518 1291 518 1292 518 1293 518 1294 518 1295 518 1296 518 1297 518
real 472-0 src/tushenghao/docs/evidence/final-fixes/fix2-sweep/frames/C/frame-000472.png 26 1415 330 1414 330 1413 330 1412 330 1411 330 1410 330 1409 330 1408 330 1407 330 1406 330 1405 330 1404 330 1403 330 1402 330 1401 330 1400 330 1399 330 1398 330 1397 330 1396 330 1395 330 1394 330 1393 330 1392 330 1391 330 1390 330
real 472-1 src/tushenghao/docs/evidence/final-fixes/fix2-sweep/frames/C/frame-000472.png 26 1419 350 1420 349 1421 349 1421 348 1421 347 1421 346 1421 345 1421 344 1421 343 1421 342 1421 341 1421 340 1421 339 1420 339 1419 338 1420 337 1421 337 1420 337 1419 336 1420 335 1421 335 1420 335 1419 334 1420 333 1421 333 1420 333
real 478-0 src/tushenghao/docs/evidence/final-fixes/fix2-sweep/frames/C/frame-000478.png 103 1159 458 1158 458 1159 458 1160 459 1159 460 1158 460 1159 460 1160 461 1159 462 1158 462 1159 462 1160 463 1159 464 1158 464 1159 464 1160 465 1159 466 1158 466 1159 466 1160 467 1159 468 1158 468 1159 468 1160 469 1159 470 1158 470 1159 470 1160 471 1159 472 1158 472 1159 472 1160 473 1159 474 1158 474 1159 474 1160 475 1159 476 1158 476 1159 476 1160 477 1159 478 1158 478 1159 478 1160 479 1159 480 1158 480 1159 480 1160 481 1159 482 1158 482 1159 482 1160 483 1159 484 1158 484 1159 484 1160 485 1159 486 1158 486 1159 486 1160 487 1159 488 1158 488 1159 488 1160 489 1159 490 1158 490 1159 490 1160 491 1159 492 1158 492 1159 492 1160 493 1159 494 1158 494 1159 494 1160 495 1159 496 1158 496 1159 496 1160 497 1159 498 1158 498 1158 499 1158 500 1158 501 1158 502 1158 503 1158 504 1159 505 1158 506 1159 506 1160 507 1159 508 1158 508 1159 508 1160 509 1159 510 1158 510 1159 510 1160 511 1159 512 1158 512 1159 512
real 478-1 src/tushenghao/docs/evidence/final-fixes/fix2-sweep/frames/C/frame-000478.png 64 1162 517 1163 517 1164 517 1165 517 1166 517 1167 517 1168 517 1169 517 1170 517 1171 517 1172 517 1173 517 1174 517 1175 517 1176 517 1177 517 1178 517 1179 517 1180 517 1181 517 1182 517 1183 517 1184 517 1185 517 1186 517 1187 517 1188 517 1189 517 1190 517 1191 517 1192 517 1193 517 1194 517 1195 517 1196 517 1197 517 1198 517 1199 517 1200 517 1201 517 1202 517 1203 517 1204 517 1205 517 1206 517 1207 517 1208 517 1209 517 1210 517 1211 517 1212 517 1213 517 1214 517 1215 517 1216 517 1217 517 1218 517 1219 517 1220 517 1221 517 1222 517 1223 517 1224 517 1225 517
real 480-0 src/tushenghao/docs/evidence/final-fixes/fix2-sweep/frames/C/frame-000480.png 26 1330 513 1331 513 1330 513 1329 512 1330 511 1331 511 1330 511 1329 510 1330 509 1331 509 1331 508 1331 507 1331 506 1331 505 1331 504 1331 503 1331 502 1331 501 1331 500 1331 499 1330 499 1329 498 1330 497 1331 497 1331 496 1331 495
real 480-1 src/tushenghao/docs/evidence/final-fixes/fix2-sweep/frames/C/frame-000480.png 56 1266 518 1267 518 1268 518 1269 518 1270 518 1271 518 1272 518 1273 518 1274 518 1275 518 1276 518 1277 518 1278 518 1279 518 1280 518 1281 518 1282 518 1283 518 1284 518 1285 518 1286 518 1287 518 1288 518 1289 518 1290 518 1291 518 1292 518 1293 518 1294 519 1295 519 1296 519 1297 519 1298 519 1299 519 1300 519 1301 519 1302 519 1303 519 1304 519 1305 519 1306 519 1307 519 1308 519 1309 519 1310 519 1311 519 1312 519 1313 519 1314 519 1315 519 1316 519 1317 519 1318 519 1319 519 1320 519 1321 519
real 511-0 src/tushenghao/docs/evidence/final-fixes/fix2-sweep/frames/C/frame-000511.png 31 958 330 958 331 958 332 958 333 958 334 958 335 958 336 958 337 957 338 956 338 957 338 958 339 957 340 956 340 957 340 958 341 957 342 956 342 957 342 958 343 957 344 956 344 957 344 958 345 957 346 956 346 957 346 958 347 957 348 956 348 957 348
real 511-1 src/tushenghao/docs/evidence/final-fixes/fix2-sweep/frames/C/frame-000511.png 59 1025 328 1024 328 1023 327 1022 327 1021 327 1020 327 1019 327 1018 327 1017 327 1016 327 1015 327 1014 327 1013 327 1012 327 1011 327 1010 327 1009 327 1008 327 1007 327 1006 327 1005 327 1004 327 1003 327 1002 327 1001 327 1000 327 999 327 998 327 997 327 996 327 995 327 994 327 993 327 992 327 991 327 990 327 989 327 988 327 987 327 986 327 985 327 984 327 983 327 982 327 981 327 980 327 979 327 978 327 977 327 976 327 975 327 974 326 973 326 972 326 971 326 970 326 969 326 968 326 967 326
real 512-0 src/tushenghao/docs/evidence/final-fixes/fix2-sweep/frames/C/frame-000512.png 37 1137 515 1137 514 1137 513 1137 512 1137 511 1137 510 1137 509 1137 508 1137 507 1137 506 1138 505 1139 505 1138 505 1137 504 1138 503 1139 503 1138 503 1137 502 1138 501 1139 501 1138 501 1137 500 1138 499 1139 499 1138 499 1137 498 1138 497 1139 497 1138 497 1137 496 1138 495 1139 495 1138 495 1137 494 1138 493 1139 493 1138 493
real 512-1 src/tushenghao/docs/evidence/final-fixes/fix2-sweep/frames/C/frame-000512.png 51 1081 517 1082 517 1083 517 1084 517 1085 517 1086 517 1087 517 1088 517 1089 517 1090 517 1091 517 1092 517 1093 517 1094 517 1095 517 1096 517 1097 517 1098 517 1099 517 1100 517 1101 517 1102 517 1103 517 1104 517 1105 517 1106 517 1107 517 1108 517 1109 517 1110 517 1111 517 1112 517 1113 517 1114 517 1115 517 1116 517 1117 517 1118 517 1119 517 1120 517 1121 517 1122 517 1123 517 1124 517 1125 517 1126 517 1127 517 1128 517 1129 517 1130 517 1131 517
real 515-0 src/tushenghao/docs/evidence/final-fixes/fix2-sweep/frames/C/frame-000515.png 27 1102 511 1103 511 1102 511 1101 510 1102 509 1103 509 1102 509 1101 508 1102 507 1103 507 1102 507 1101 506 1102 505 1103 505 1102 505 1101 504 1102 503 1103 503 1103 502 1103 501 1103 500 1103 499 1103 498 1103 497 1103 496 1103 495 1102 495
real 515-1 src/tushenghao/docs/evidence/final-fixes/fix2-sweep/frames/C/frame-000515.png 35 1059 517 1060 517 1061 517 1062 517 1063 517 1064 517 1065 517 1066 517 1067 517 1068 517 1069 517 1070 517 1071 517 1072 517 1073 517 1074 517 1075 517 1076 517 1077 517 1078 517 1079 517 1080 517 1081 517 1082 517 1083 517 1084 517 1085 517 1086 517 1087 517 1088 517 1089 517 1090 517 1091 517 1092 517 1093 517
real 533-0 src/tushenghao/docs/evidence/final-fixes/fix2-sweep/frames/C/frame-000533.png 26 897 328 896 328 895 328 894 327 893 327 892 327 891 327 890 327 889 327 888 327 887 327 886 327 885 327 884 327 883 327 882 327 881 327 880 327 879 327 878 327 877 327 876 327 875 327 874 327 873 327 872 328
real 533-1 src/tushenghao/docs/evidence/final-fixes/fix2-sweep/frames/C/frame-000533.png 45 902 353 903 353 902 353 901 352 902 351 903 351 902 351 901 350 902 349 903 349 902 349 901 348 902 347 903 347 902 347 901 346 902 345 903 345 902 345 901 344 902 343 903 343 902 343 901 342 902 341 903 341 902 341 901 340 902 339 903 339 902 339 901 338 902 337 903 337 902 336 903 335 902 335 901 334 902 333 903 333 902 333 901 332 902 331 903 331 902 331
real 538-0 src/tushenghao/docs/evidence/final-fixes/fix2-sweep/frames/C/frame-000538.png 110 658 331 657 332 656 332 657 332 658 333 657 334 656 334 657 334 658 335 657 336 656 336 657 337 656 338 657 338 658 339 657 340 656 340 657 340 658 341 657 342 656 342 657 342 658 343 657 344 656 344 657 344 658 345 657 346 656 346 657 346 658 347 657 348 656 348 657 348 658 349 657 350 656 350 657 350 658 351 657 352 656 352 657 352 658 353 657 354 656 354 657 354 658 355 657 356 656 356 657 356 658 357 657 358 656 358 657 358 658 359 657 360 656 360 657 360 658 361 657 362 656 362 657 362 658 363 657 364 656 364 657 364 658 365 657 366 656 366 657 366 658 367 657 368 656 368 657 368 658 369 657 370 656 370 657 370 658 371 657 372 656 372 657 372 658 373 657 374 656 374 657 374 658 375 657 376 656 376 657 376 658 377 657 378 656 378 657 378 658 379 657 380 656 380 657 380 658 381 657 382 656 382 657 382 658 383 657 384 656 384 657 384 658 385 657 386 656 386 657 386
real 538-1 src/tushenghao/docs/evidence/final-fixes/fix2-sweep/frames/C/frame-000538.png 59 722 325 721 325 720 325 719 325 718 325 717 325 716 325 715 325 714 325 713 325 712 325 711 325 710 325 709 325 708 325 707 325 706 325 705 326 704 326 703 326 702 326 701 326 700 326 699 326 698 326 697 326 696 326 695 326 694 326 693 326 692 326 691 326 690 326 689 326 688 326 687 326 686 326 685 326 684 326 683 326 682 326 681 326 680 326 679 326 678 326 677 326 676 326 675 326 674 326 673 326 672 326 671 326 670 326 669 326 668 326 667 326 666 326 665 326 664 326
real 565-0 src/tushenghao/docs/evidence/final-fixes/fix2-sweep/frames/C/frame-000565.png 44 646 509 647 509 647 508 647 507 647 506 647 505 647 504 647 503 647 502 647 501 647 500 648 499 647 498 648 497 649 497 648 497 647 496 648 495 649 495 648 495 647 494 648 493 649 493 648 493 647 492 648 491 649 491 648 491 647 490 648 489 649 489 648 489 647 488 648 487 649 487 648 487 647 486 648 485 649 485 648 485 647 484 648 483 649 483 648 483
real 565-1 src/tushenghao/docs/evidence/final-fixes/fix2-sweep/frames/C/frame-000565.png 61 579 511 580 511 581 511 582 511 583 511 584 511 585 511 586 511 587 511 588 511 589 511 590 511 591 511 592 511 593 511 594 511 595 511 596 511 597 511 598 511 599 511 600 511 601 511 602 511 603 511 604 511 605 511 606 511 607 511 608 511 609 511 610 511 611 511 612 511 613 511 614 511 615 511 616 511 617 511 618 511 619 511 620 511 621 511 622 511 623 511 624 511 625 511 626 511 627 511 628 511 629 511 630 511 631 511 632 511 633 511 634 511 635 511 636 511 637 511 638 511 639 511
real 579-0 src/tushenghao/docs/evidence/final-fixes/fix2-sweep/frames/C/frame-000579.png 19 490 326 489 326 488 326 487 326 486 326 485 326 484 326 483 326 482 326 481 326 480 326 479 326 478 326 477 326 476 326 475 326 474 326 473 326 472 326
real 579-1 src/tushenghao/docs/evidence/final-fixes/fix2-sweep/frames/C/frame-000579.png 42 498 351 499 351 498 351 497 350 498 349 499 349 498 349 497 348 498 347 499 347 498 347 497 346 498 345 499 345 498 345 497 344 498 343 499 343 498 343 497 342 498 341 499 341 498 341 497 340 498 339 499 339 498 339 497 338 498 337 499 337 498 337 497 336 498 335 499 335 499 334 499 333 498 333 497 332 498 331 499 331 498 331 497 330
real 610-0 src/tushenghao/docs/evidence/final-fixes/fix2-sweep/frames/C/frame-000610.png 26 233 323 232 323 231 323 230 323 229 323 228 323 227 323 226 323 225 323 224 323 223 323 222 323 221 323 220 324 219 324 218 324 217 324 216 324 215 324 214 324 213 324 212 324 211 324 210 324 209 324 208 324
real 610-1 src/tushenghao/docs/evidence/final-fixes/fix2-sweep/frames/C/frame-000610.png 53 234 351 235 351 234 351 233 350 234 349 235 349 234 349 233 348 234 347 235 347 234 347 233 346 234 345 235 345 234 345 233 344 234 343 235 343 234 343 233 342 234 341 235 341 234 341 233 340 234 339 235 339 234 339 233 338 234 337 235 337 234 337 233 336 234 335 235 335 234 335 233 334 234 333 235 333 234 332 235 331 234 331 233 330 234 329 235 329 234 329 233 328 234 327 235 327 234 327 233 326 234 325 235 325 234 325
real 614-0 src/tushenghao/docs/evidence/final-fixes/fix2-sweep/frames/C/frame-000614.png 39 66 332 66 333 66 334 66 335 66 336 66 337 66 338 66 339 65 340 64 340 65 340 66 341 65 342 64 342 65 342 66 343 65 344 64 344 65 344 66 345 65 346 64 346 65 346 66 347 65 348 64 348 65 348 66 349 65 350 64 350 65 350 66 351 65 352 64 352 65 352 66 353 65 354 64 354 65 354
real 614-1 src/tushenghao/docs/evidence/final-fixes/fix2-sweep/frames/C/frame-000614.png 57 131 327 130 327 129 327 128 327 127 327 126 327 125 327 124 327 123 327 122 327 121 327 120 327 119 327 118 327 117 327 116 327 115 327 114 327 113 327 112 327 111 327 110 327 109 327 108 328 107 328 106 328 105 328 104 328 103 328 102 328 101 328 100 328 99 328 98 328 97 328 96 328 95 328 94 328 93 328 92 328 91 328 90 328 89 328 88 328 87 328 86 328 85 328 84 328 83 328 82 328 81 328 80 328 79 328 78 328 77 328 76 328 75 328
real 620-0 src/tushenghao/docs/evidence/final-fixes/fix2-sweep/frames/C/frame-000620.png 113 284 503 285 503 284 503 283 502 284 501 285 501 284 501 283 500 284 499 285 499 284 499 283 498 284 497 285 497 284 497 283 496 284 495 285 495 284 495 283 494 284 493 285 493 285 492 285 491 285 490 285 489 285 488 285 487 284 487 283 486 284 485 285 485 284 485 283 484 284 483 285 483 284 483 283 482 284 481 285 481 284 481 283 480 284 479 285 479 284 479 283 478 284 477 285 477 284 477 283 476 284 475 285 475 284 475 283 474 284 473 285 473 284 473 283 472 284 471 285 471 284 471 283 470 284 469 285 469 284 469 283 468 284 467 285 467 284 467 283 466 284 465 285 465 284 465 283 464 284 463 285 463 284 463 283 462 284 461 285 461 284 461 283 460 284 459 285 459 284 459 283 458 284 457 285 457 284 457 283 456 284 455 285 455 284 455 283 454 284 453 285 453 284 453 283 452 284 451 285 451 284 451 283 450 284 449 285 449 284 449 283 448 284 447 285 447 284 447 283 446 284 445 285 445 284 445
real 620-1 src/tushenghao/docs/evidence/final-fixes/fix2-sweep/frames/C/frame-000620.png 15 267 508 268 507 269 507 270 507 271 507 272 507 273 507 274 507 275 507 276 507 277 507 278 507 279 507 280 507 281 507
real 623-0 src/tushenghao/docs/evidence/final-fixes/fix2-sweep/frames/C/frame-000623.png 107 127 334 126 334 127 334 128 335 127 336 126 336 127 336 128 337 127 338 126 338 127 338 128 339 127 340 126 340 127 340 128 341 127 342 126 342 127 342 128 343 127 344 126 344 127 345 126 346 126 347 126 348 126 349 126 350 126 351 126 352 127 353 126 354 127 354 128 355 127 356 126 356 127 356 128 357 127 358 126 358 127 358 128 359 127 360 126 360 127 360 128 361 127 362 126 362 127 362 128 363 127 364 126 364 127 364 128 365 127 366 126 366 127 366 128 367 127 368 126 368 127 368 128 369 127 370 126 370 127 370 128 371 127 372 126 372 127 372 128 373 127 374 126 374 127 374 128 375 127 376 126 376 127 376 128 377 127 378 126 378 127 378 128 379 127 380 126 380 127 380 128 381 127 382 126 382 127 382 128 383 127 384 126 384 127 384 128 385 127 386 126 386 127 386 128 387 127 388 126 388 127 388 128 389 127 390 126 390 127 390 128 391 127 392
real 623-1 src/tushenghao/docs/evidence/final-fixes/fix2-sweep/frames/C/frame-000623.png 28 160 328 159 328 158 328 157 328 156 328 155 328 154 328 153 328 152 328 151 328 150 328 149 328 148 328 147 328 146 328 145 328 144 328 143 328 142 328 141 328 140 328 139 328 138 328 137 328 136 328 135 328 134 328 133 328
real 635-0 src/tushenghao/docs/evidence/final-fixes/fix2-sweep/frames/C/frame-000635.png 31 443 507 443 506 443 505 443 504 443 503 443 502 443 501 443 500 444 499 445 499 444 499 443 498 444 497 445 497 444 497 443 496 444 495 445 495 444 495 443 494 444 493 445 493 444 493 443 492 444 491 445 491 444 491 443 490 444 489 445 489 444 489
real 635-1 src/tushenghao/docs/evidence/final-fixes/fix2-sweep/frames/C/frame-000635.png 52 388 511 389 511 390 511 391 511 392 510 393 510 394 510 395 510 396 510 397 510 398 510 399 510 400 510 401 510 402 510 403 510 404 510 405 510 406 510 407 510 408 510 409 510 410 510 411 510 412 510 413 510 414 510 415 510 416 510 417 510 418 510 419 510 420 510 421 510 422 510 423 510 424 510 425 510 426 510 427 510 428 510 429 510 430 510 431 510 432 510 433 510 434 510 435 510 436 510 437 510 438 510 439 510
real 648-0 src/tushenghao/docs/evidence/final-fixes/fix2-sweep/frames/D/frame-000648.png 30 571 326 570 326 569 326 568 326 567 326 566 326 565 326 564 326 563 326 562 326 561 326 560 326 559 326 558 326 557 326 556 326 555 326 554 326 553 326 552 326 551 326 550 326 549 326 548 326 547 326 546 326 545 326 544 326 543 326 542 326
real 648-1 src/tushenghao/docs/evidence/final-fixes/fix2-sweep/frames/D/frame-000648.png 36 571 348 572 347 573 347 572 347 571 346 572 345 573 345 572 345 571 344 572 343 573 343 572 343 571 342 572 341 573 341 572 341 571 340 572 339 573 339 572 339 571 338 572 337 573 337 572 337 571 336 572 335 573 335 572 335 571 334 572 333 573 333 572 333 571 332 572 331 573 331 572 331
real 659-0 src/tushenghao/docs/evidence/final-fixes/fix2-sweep/frames/C/frame-000659.png 20 609 327 608 327 607 327 606 327 605 327 604 327 603 327 602 327 601 327 600 327 599 327 598 327 597 327 596 327 595 327 594 327 593 327 592 327 591 326 590 326
real 659-1 src/tushenghao/docs/evidence/final-fixes/fix2-sweep/frames/C/frame-000659.png 42 610 355 611 355 610 355 609 354 610 353 611 353 610 353 609 352 610 351 611 351 610 351 609 350 610 349 611 349 610 349 609 348 610 347 611 347 610 347 609 346 610 345 611 345 610 345 609 344 610 343 611 343 610 343 609 342 610 341 611 341 610 341 609 340 610 339 611 339 610 339 609 338 610 337 611 337 610 337 609 336 610 335 611 335
real 661-0 src/tushenghao/docs/evidence/final-fixes/fix2-sweep/frames/C/frame-000661.png 27 594 327 593 327 592 327 591 327 590 327 589 327 588 327 587 327 586 327 585 327 584 327 583 327 582 327 581 327 580 327 579 327 578 327 577 327 576 327 575 327 574 327 573 327 572 327 571 327 570 327 569 327 568 327
real 661-1 src/tushenghao/docs/evidence/final-fixes/fix2-sweep/frames/C/frame-000661.png 42 600 353 599 352 600 351 601 351 600 351 599 350 600 349 601 349 600 349 599 348 600 347 601 347 600 347 599 346 600 345 601 345 600 345 599 344 600 343 601 343 600 343 599 342 600 341 601 341 600 341 599 340 600 339 601 339 600 339 599 338 600 337 601 337 601 336 601 335 600 334 601 333 600 333 599 332 600 331 601 331 600 331 599 330
real 678-0 src/tushenghao/docs/evidence/final-fixes/fix2-sweep/frames/C/frame-000678.png 92 232 440 232 441 232 442 232 443 232 444 232 445 232 446 232 447 232 448 232 449 232 450 232 451 232 452 232 453 232 454 232 455 232 456 232 457 231 458 232 459 232 460 232 461 232 462 232 463 231 464 230 464 231 464 232 465 231 466 230 466 231 466 232 467 231 468 230 468 231 468 232 469 231 470 230 470 231 470 232 471 231 472 230 472 231 472 232 473 231 474 230 474 231 474 232 475 231 476 230 476 231 476 232 477 231 478 230 478 231 478 232 479 231 480 230 480 231 480 232 481 231 482 230 482 231 482 232 483 231 484 230 484 231 484 232 485 231 486 230 486 231 486 232 487 231 488 230 488 231 488 232 489 231 490 230 490 231 491 230 492 230 493 230 494 230 495 230 496 230 497 230 498 231 498 232 499 231 500 230 500 231 500 232 501
real 678-1 src/tushenghao/docs/evidence/final-fixes/fix2-sweep/frames/C/frame-000678.png 65 236 508 237 508 238 508 239 508 240 508 241 508 242 508 243 508 244 508 245 508 246 508 247 508 248 508 249 508 250 508 251 508 252 508 253 508 254 508 255 508 256 508 257 508 258 508 259 508 260 508 261 508 262 508 263 508 264 508 265 508 266 508 267 508 268 508 269 508 270 508 271 508 272 508 273 508 274 508 275 508 276 508 277 508 278 508 279 508 280 507 281 507 282 507 283 507 284 507 285 507 286 507 287 507 288 507 289 507 290 507 291 507 292 507 293 507 294 507 295 507 296 507 297 507 298 507 299 507 300 507
real 679-0 src/tushenghao/docs/evidence/final-fixes/fix2-sweep/frames/C/frame-000679.png 117 412 501 413 501 412 501 411 500 412 499 413 499 412 499 411 498 412 497 413 497 412 497 411 496 412 495 413 495 412 495 411 494 412 493 413 493 412 492 413 491 412 491 411 490 412 489 413 489 412 489 411 488 412 487 413 487 412 487 411 486 412 485 413 485 412 485 411 484 412 483 413 483 412 483 411 482 412 481 413 481 412 481 411 480 412 479 413 479 412 479 411 478 412 477 413 477 412 477 411 476 412 475 413 475 412 475 411 474 412 473 413 473 412 473 411 472 412 471 413 471 412 471 411 470 412 469 413 469 412 469 411 468 412 467 413 467 412 467 411 466 412 465 413 465 412 465 411 464 412 463 413 463 412 463 411 462 412 461 413 461 412 461 411 460 412 459 413 459 412 459 411 458 412 457 413 457 412 457 411 456 412 455 413 455 412 455 411 454 412 453 413 453 412 453 411 452 412 451 413 451 412 451 411 450 412 449 413 449 412 449 411 448 412 447 413 447 412 447 411 446 412 445 413 445 412 445 411 444 412 443 413 443 412 443
real 679-1 src/tushenghao/docs/evidence/final-fixes/fix2-sweep/frames/C/frame-000679.png 26 382 506 383 506 384 506 385 506 386 506 387 506 388 506 389 506 390 506 391 506 392 506 393 506 394 506 395 506 396 506 397 506 398 506 399 506 400 506 401 506 402 506 403 506 404 506 405 506 406 506 407 506
real 695-0 src/tushenghao/docs/evidence/final-fixes/fix2-sweep/frames/C/frame-000695.png 24 549 326 548 326 547 326 546 326 545 326 544 326 543 326 542 326 541 326 540 325 539 325 538 325 537 325 536 325 535 325 534 325 533 325 532 325 531 325 530 325 529 325 528 325 527 325 526 325
real 695-1 src/tushenghao/docs/evidence/final-fixes/fix2-sweep/frames/C/frame-000695.png 24 552 345 553 345 552 345 551 344 552 343 553 343 552 343 551 342 552 341 553 341 552 341 551 340 552 339 553 339 552 339 551 338 552 337 553 337 552 336 553 335 553 334 553 333 553 332 553 331
real 704-0 src/tushenghao/docs/evidence/final-fixes/fix2-sweep/frames/C/frame-000704.png 26 593 327 592 327 591 327 590 327 589 327 588 327 587 327 586 327 585 327 584 327 583 326 582 326 581 326 580 326 579 326 578 326 577 326 576 326 575 326 574 326 573 326 572 326 571 326 570 326 569 326 568 326
real 704-1 src/tushenghao/docs/evidence/final-fixes/fix2-sweep/frames/C/frame-000704.png 40 593 352 594 351 595 351 594 351 593 350 594 349 595 349 594 349 593 348 594 347 595 347 594 347 593 346 594 345 595 345 594 345 593 344 594 343 595 343 594 343 593 342 594 341 595 341 594 341 593 340 594 339 595 339 594 339 593 338 594 337 595 337 594 337 593 336 594 335 595 335 594 335 593 334 594 333 595 333 594 333
real 710-0 src/tushenghao/docs/evidence/final-fixes/fix2-sweep/frames/C/frame-000710.png 28 587 324 586 324 585 324 584 324 583 324 582 324 581 324 580 324 579 324 578 324 577 324 576 324 575 324 574 324 573 324 572 324 571 324 570 324 569 324 568 324 567 324 566 324 565 324 564 324 563 324 562 324 561 324 560 324
real 710-1 src/tushenghao/docs/evidence/final-fixes/fix2-sweep/frames/C/frame-000710.png 29 588 347 589 347 588 347 587 346 588 345 589 345 588 345 587 344 588 343 589 343 588 343 587 342 588 341 589 341 588 341 587 340 588 339 589 339 588 339 587 338 588 337 589 337 589 336 589 335 589 334 589 333 589 332 589 331 588 331
real 716-0 src/tushenghao/docs/evidence/final-fixes/fix2-sweep/frames/C/frame-000716.png 29 598 509 599 509 598 509 597 508 598 507 599 507 598 507 597 506 598 505 599 505 598 505 597 504 598 503 599 503 598 503 597 502 598 501 599 501 598 501 597 500 598 499 599 499 598 499 597 498 598 497 599 497 598 496 599 495 598 495
real 716-1 src/tushenghao/docs/evidence/final-fixes/fix2-sweep/frames/C/frame-000716.png 64 530 511 531 511 532 511 533 511 534 511 535 511 536 511 537 511 538 511 539 511 540 511 541 511 542 511 543 511 544 511 545 511 546 511 547 511 548 511 549 511 550 511 551 511 552 511 553 511 554 511 555 511 556 511 557 511 558 511 559 511 560 511 561 511 562 511 563 511 564 511 565 511 566 511 567 511 568 511 569 511 570 511 571 511 572 511 573 511 574 511 575 511 576 511 577 511 578 511 579 511 580 511 581 511 582 511 583 511 584 511 585 511 586 511 587 511 588 511 589 511 590 511 591 511 592 511 593 511
real 720-0 src/tushenghao/docs/evidence/final-fixes/fix2-sweep/frames/C/frame-000720.png 23 603 325 602 325 601 325 600 325 599 325 598 325 597 325 596 325 595 325 594 325 593 325 592 325 591 325 590 325 589 325 588 325 587 325 586 325 585 325 584 325 583 325 582 325 581 325
real 720-1 src/tushenghao/docs/evidence/final-fixes/fix2-sweep/frames/C/frame-000720.png 50 610 355 611 355 610 355 609 354 610 353 611 353 610 353 609 352 610 351 611 351 610 351 609 350 610 349 611 349 610 349 609 348 610 347 611 347 610 347 609 346 610 345 611 345 610 345 609 344 610 343 611 343 610 343 609 342 610 341 611 341 610 341 609 340 610 339 611 339 611 338 611 337 611 336 611 335 610 335 609 334 610 333 611 333 611 332 611 331 610 331 609 330 610 329 611 329 610 329 609 328
real 754-0 src/tushenghao/docs/evidence/final-fixes/fix2-sweep/frames/C/frame-000754.png 23 650 329 649 329 648 329 647 329 646 329 645 329 644 329 643 329 642 329 641 328 640 328 639 328 638 328 637 328 636 328 635 328 634 328 633 328 632 328 631 328 630 328 629 328 628 328
real 754-1 src/tushenghao/docs/evidence/final-fixes/fix2-sweep/frames/C/frame-000754.png 49 654 355 655 355 654 355 653 354 654 353 655 353 654 353 653 352 654 351 655 351 654 351 653 350 654 349 655 349 654 349 653 348 654 347 655 347 654 347 653 346 654 345 655 345 654 345 653 344 654 343 655 343 654 343 653 342 654 341 655 341 654 341 653 340 654 339 655 339 654 339 653 338 654 337 655 337 654 336 655 335 654 335 653 334 654 333 655 333 654 333 653 332 654 331 655 331 654 331
real 763-0 src/tushenghao/docs/evidence/final-fixes/fix2-sweep/frames/C/frame-000763.png 31 579 511 579 510 579 509 579 508 579 507 579 506 579 505 579 504 580 503 581 503 580 503 579 502 580 501 581 501 580 501 579 500 580 499 581 499 580 499 579 498 580 497 581 497 580 497 579 496 580 495 581 495 580 495 579 494 580 493 581 493 580 493
real 763-1 src/tushenghao/docs/evidence/final-fixes/fix2-sweep/frames/C/frame-000763.png 58 518 513 519 513 520 513 521 513 522 513 523 513 524 513 525 513 526 513 527 513 528 513 529 513 530 513 531 513 532 513 533 513 534 513 535 513 536 513 537 513 538 513 539 513 540 513 541 513 542 513 543 513 544 513 545 513 546 513 547 513 548 513 549 513 550 513 551 513 552 514 553 514 554 514 555 514 556 514 557 514 558 514 559 514 560 514 561 514 562 514 563 514 564 514 565 514 566 514 567 514 568 514 569 514 570 514 571 514 572 514 573 514 574 514 575 514
real 984-0 src/tushenghao/docs/evidence/final-fixes/fix2-sweep/frames/C/frame-000984.png 98 339 507 339 506 339 505 339 504 339 503 339 502 339 501 339 500 340 499 341 499 340 499 339 498 340 497 341 497 340 497 339 496 340 495 341 495 340 495 339 494 340 493 341 493 340 493 339 492 340 491 341 491 340 491 339 490 340 489 341 489 340 489 339 488 340 487 341 487 340 487 339 486 340 485 341 485 340 485 339 484 340 483 341 483 340 483 339 482 340 481 341 481 340 481 339 480 340 479 341 479 340 479 339 478 340 477 341 477 340 477 339 476 340 475 341 475 340 475 339 474 340 473 341 473 340 473 339 472 340 471 341 471 340 471 339 470 340 469 341 469 340 469 339 468 340 467 341 467 341 466 341 465 341 464 341 463 341 462 341 461 341 460 341 459 341 458 341 457 341 456 341 455 341 454 341 453 341 452 341 451 341 450 341 449 341 448 341 447 341 446 341 445 341 444 341 443
real 984-1 src/tushenghao/docs/evidence/final-fixes/fix2-sweep/frames/C/frame-000984.png 57 277 509 278 509 279 509 280 509 281 509 282 509 283 509 284 509 285 509 286 509 287 509 288 509 289 509 290 509 291 509 292 509 293 509 294 509 295 509 296 509 297 509 298 509 299 509 300 509 301 509 302 509 303 509 304 509 305 509 306 509 307 509 308 509 309 509 310 509 311 509 312 509 313 509 314 509 315 509 316 509 317 509 318 509 319 509 320 509 321 509 322 509 323 509 324 509 325 509 326 509 327 509 328 509 329 509 330 509 331 509 332 509 333 509
real 1029-0 src/tushenghao/docs/evidence/final-fixes/fix2-sweep/frames/C/frame-001029.png 114 847 510 848 509 849 509 848 509 847 508 848 507 849 507 848 507 847 506 848 505 849 505 848 505 847 504 848 503 849 503 848 503 847 502 848 501 849 501 848 501 847 500 848 499 849 499 848 499 847 498 848 497 849 497 848 497 847 496 848 495 849 495 848 495 847 494 848 493 849 493 848 493 847 492 848 491 849 491 848 491 847 490 848 489 849 489 848 489 847 488 848 487 849 487 848 487 847 486 848 485 849 485 848 485 847 484 848 483 849 483 848 483 847 482 848 481 849 481 848 481 847 480 848 479 849 479 848 479 847 478 848 477 849 477 848 477 847 476 848 475 849 475 848 475 847 474 848 473 849 473 848 473 847 472 848 471 849 471 848 471 847 470 848 469 849 469 848 469 847 468 848 467 849 467 848 467 847 466 848 465 849 465 848 465 847 464 848 463 849 463 848 463 847 462 848 461 849 461 848 461 847 460 848 459 849 459 848 459 847 458 848 457 849 457 848 457 847 456 848 455 849 455 848 455 847 454 848 453
real 1029-1 src/tushenghao/docs/evidence/final-fixes/fix2-sweep/frames/C/frame-001029.png 62 781 518 782 518 783 518 784 518 785 518 786 518 787 518 788 518 789 518 790 518 791 518 792 518 793 518 794 518 795 518 796 518 797 518 798 518 799 518 800 518 801 519 802 519 803 519 804 519 805 519 806 519 807 519 808 519 809 519 810 519 811 519 812 519 813 519 814 519 815 519 816 519 817 519 818 519 819 519 820 519 821 519 822 519 823 519 824 519 825 519 826 519 827 519 828 519 829 519 830 519 831 519 832 519 833 519 834 519 835 519 836 519 837 519 838 519 839 519 840 519 841 519 842 519
real 1039-0 src/tushenghao/docs/evidence/final-fixes/fix2-sweep/frames/C/frame-001039.png 66 958 513 959 513 958 513 957 512 958 511 959 511 958 511 957 510 958 509 959 509 958 509 957 508 958 507 959 507 958 507 957 506 958 505 959 505 958 504 959 503 958 503 957 502 958 501 959 501 958 500 959 499 958 499 957 498 958 497 959 497 958 496 959 495 958 495 957 494 958 493 959 493 958 493 957 492 958 491 959 491 959 490 959 489 958 488 959 487 959 486 959 485 958 484 959 483 958 482 959 481 958 480 959 479 959 478 959 477 958 476 959 475 959 474 959 473 958 472 959 471 959 470 959 469 958 468 959 467 959 466 959 465
real 1039-1 src/tushenghao/docs/evidence/final-fixes/fix2-sweep/frames/C/frame-001039.png 61 898 521 899 521 900 521 901 521 902 521 903 521 904 521 905 521 906 521 907 521 908 521 909 521 910 521 911 521 912 521 913 521 914 521 915 521 916 521 917 521 918 521 919 521 920 521 921 521 922 521 923 521 924 521 925 521 926 521 927 521 928 521 929 521 930 521 931 521 932 521 933 521 934 521 935 521 936 521 937 521 938 521 939 521 940 521 941 522 942 521 943 521 944 522 945 522 946 522 947 522 948 522 949 521 950 521 951 521 952 521 953 521 954 521 955 521 956 521 957 521 957 520
real 1041-0 src/tushenghao/docs/evidence/final-fixes/fix2-sweep/frames/C/frame-001041.png 25 979 521 979 520 979 519 979 518 979 517 979 516 980 515 981 515 980 515 979 514 980 513 981 513 980 513 979 512 980 511 981 511 980 511 979 510 980 509 981 509 980 509 979 508 980 507 981 507 980 507
real 1041-1 src/tushenghao/docs/evidence/final-fixes/fix2-sweep/frames/C/frame-001041.png 63 913 521 914 521 915 521 916 521 917 521 918 521 919 521 920 521 921 521 922 521 923 521 924 521 925 521 926 521 927 521 928 521 929 521 930 521 931 521 932 521 933 521 934 521 935 521 936 521 937 521 938 521 939 521 940 521 941 521 942 522 943 522 944 522 945 522 946 522 947 522 948 522 949 522 950 522 951 522 952 522 953 522 954 522 955 522 956 522 957 522 958 522 959 522 960 522 961 522 962 522 963 522 964 522 965 522 966 522 967 522 968 522 969 522 970 522 971 522 972 522 973 522 974 522 975 522
real 1043-0 src/tushenghao/docs/evidence/final-fixes/fix2-sweep/frames/C/frame-001043.png 25 1001 519 1001 518 1001 517 1001 516 1002 515 1001 514 1002 513 1003 513 1002 513 1001 512 1002 511 1003 511 1002 511 1001 510 1002 509 1003 509 1002 509 1001 508 1002 507 1003 507 1002 507 1001 506 1002 505 1003 505 1002 505
real 1043-1 src/tushenghao/docs/evidence/final-fixes/fix2-sweep/frames/C/frame-001043.png 58 935 521 936 521 937 521 938 521 939 521 940 521 941 521 942 521 943 521 944 521 945 521 946 521 947 521 948 521 949 522 950 522 951 522 952 522 953 522 954 522 955 522 956 522 957 522 958 522 959 522 960 522 961 522 962 522 963 522 964 522 965 522 966 522 967 522 968 522 969 522 970 522 971 522 972 522 973 522 974 522 975 522 976 522 977 522 978 522 979 522 980 522 981 522 982 522 983 522 984 522 985 522 986 523 987 523 988 523 989 523 990 523 991 523 992 523
real 1047-0 src/tushenghao/docs/evidence/final-fixes/fix2-sweep/frames/C/frame-001047.png 26 1041 338 1040 338 1039 338 1038 338 1037 338 1036 338 1035 338 1034 338 1033 338 1032 338 1031 338 1030 338 1029 338 1028 338 1027 338 1026 338 1025 338 1024 338 1023 338 1022 338 1021 338 1020 338 1019 338 1018 338 1017 338 1016 338
real 1047-1 src/tushenghao/docs/evidence/final-fixes/fix2-sweep/frames/C/frame-001047.png 29 1046 357 1047 357 1046 356 1047 355 1046 354 1047 353 1046 352 1047 351 1046 351 1045 350 1046 349 1047 349 1046 349 1045 348 1046 347 1047 347 1046 347 1045 346 1046 345 1047 345 1046 345 1045 344 1046 343 1047 343 1046 343 1045 342 1046 341 1047 341 1046 341
real 1059-0 src/tushenghao/docs/evidence/final-fixes/fix2-sweep/frames/C/frame-001059.png 24 1172 342 1171 342 1170 342 1169 342 1168 342 1167 342 1166 342 1165 342 1164 342 1163 342 1162 342 1161 342 1160 342 1159 341 1158 341 1157 341 1156 341 1155 341 1154 341 1153 341 1152 341 1151 341 1150 341 1149 341
real 1059-1 src/tushenghao/docs/evidence/final-fixes/fix2-sweep/frames/C/frame-001059.png 26 1175 362 1176 361 1177 361 1177 360 1177 359 1177 358 1177 357 1177 356 1177 355 1177 354 1177 353 1177 352 1177 351 1176 351 1175 350 1176 349 1177 349 1176 349 1175 348 1176 347 1177 347 1176 347 1175 346 1176 345 1177 345 1176 345
real 1062-0 src/tushenghao/docs/evidence/final-fixes/fix2-sweep/frames/C/frame-001062.png 113 1208 521 1209 521 1208 521 1207 520 1208 519 1209 519 1208 519 1207 518 1208 517 1209 517 1208 517 1207 516 1208 515 1209 515 1208 515 1207 514 1208 513 1209 513 1208 513 1207 512 1208 511 1209 511 1208 511 1207 510 1208 509 1209 509 1209 508 1209 507 1208 507 1207 506 1208 505 1209 505 1208 505 1207 504 1208 503 1209 503 1208 503 1207 502 1208 501 1209 501 1208 501 1207 500 1208 499 1209 499 1208 499 1207 498 1208 497 1209 497 1208 497 1207 496 1208 495 1209 495 1208 495 1207 494 1208 493 1209 493 1208 493 1207 492 1208 491 1209 491 1208 491 1207 490 1208 489 1209 489 1208 489 1207 488 1208 487 1209 487 1208 487 1207 486 1208 485 1209 485 1208 485 1207 484 1208 483 1209 483 1208 483 1207 482 1208 481 1209 481 1208 481 1207 480 1208 479 1209 479 1208 479 1207 478 1208 477 1209 477 1208 477 1207 476 1208 475 1209 475 1208 475 1207 474 1208 473 1209 473 1208 473 1207 472 1208 471 1209 471 1208 471 1207 470 1208 469 1209 469 1208 469 1207 468 1208 467 1209 467 1208 467 1207 466 1208 465 1209 465 1208 465
real 1062-1 src/tushenghao/docs/evidence/final-fixes/fix2-sweep/frames/C/frame-001062.png 61 1143 525 1144 525 1145 525 1146 525 1147 525 1148 525 1149 525 1150 525 1151 525 1152 525 1153 525 1154 525 1155 525 1156 525 1157 525 1158 525 1159 525 1160 525 1161 525 1162 525 1163 525 1164 525 1165 526 1166 526 1167 526 1168 526 1169 526 1170 526 1171 526 1172 526 1173 526 1174 526 1175 526 1176 526 1177 526 1178 526 1179 526 1180 526 1181 526 1182 526 1183 526 1184 526 1185 526 1186 526 1187 526 1188 526 1189 526 1190 526 1191 526 1192 526 1193 526 1194 526 1195 526 1196 526 1197 526 1198 526 1199 526 1200 526 1201 526 1202 526 1203 526
real 1098-0 src/tushenghao/docs/evidence/final-fixes/fix2-sweep/frames/C/frame-001098.png 31 1201 523 1201 522 1201 521 1201 520 1201 519 1201 518 1201 517 1201 516 1202 515 1203 515 1202 515 1201 514 1202 513 1203 513 1202 513 1201 512 1202 511 1203 511 1202 511 1201 510 1202 509 1203 509 1202 509 1201 508 1202 507 1203 507 1202 507 1201 506 1202 505 1203 505 1202 505
real 1098-1 src/tushenghao/docs/evidence/final-fixes/fix2-sweep/frames/C/frame-001098.png 36 1162 526 1163 526 1164 526 1165 526 1166 526 1167 526 1168 526 1169 526 1170 526 1171 526 1172 526 1173 526 1174 526 1175 526 1176 526 1177 526 1178 526 1179 526 1180 526 1181 526 1182 526 1183 526 1184 526 1185 526 1186 526 1187 526 1188 526 1189 526 1190 526 1191 526 1192 526 1193 526 1194 526 1195 526 1196 526 1197 526
real 1108-0 src/tushenghao/docs/evidence/final-fixes/fix2-sweep/frames/D/frame-001108.png 39 908 336 908 337 908 338 908 339 908 340 908 341 908 342 908 343 908 344 908 345 907 346 906 346 907 346 908 347 907 348 906 348 907 348 908 349 908 350 908 351 907 352 906 352 907 352 908 353 907 354 906 354 907 354 908 355 907 356 906 356 907 356 908 357 907 358 906 358 907 358 908 359 907 360 906 360 907 360
real 1108-1 src/tushenghao/docs/evidence/final-fixes/fix2-sweep/frames/D/frame-001108.png 58 967 336 966 336 965 336 964 336 963 336 962 336 961 336 960 336 959 336 958 336 957 336 956 336 955 336 954 336 953 336 952 336 951 336 950 336 949 336 948 336 947 336 946 336 945 336 944 336 943 336 942 336 941 336 940 336 939 336 938 336 937 336 936 336 935 336 934 336 933 336 932 336 931 336 930 336 929 336 928 336 927 336 926 336 925 336 924 336 923 336 922 336 921 336 920 336 919 336 918 336 917 336 916 336 915 336 914 336 913 336 912 336 911 336 910 336
real 1111-0 src/tushenghao/docs/evidence/final-fixes/fix2-sweep/frames/C/frame-001111.png 19 1053 339 1052 339 1051 339 1050 339 1049 339 1048 339 1047 339 1046 339 1045 339 1044 339 1043 338 1042 338 1041 338 1040 338 1039 338 1038 338 1037 338 1036 338 1035 338
real 1111-1 src/tushenghao/docs/evidence/final-fixes/fix2-sweep/frames/C/frame-001111.png 46 1062 367 1063 367 1062 367 1061 366 1062 365 1063 365 1062 365 1061 364 1062 363 1063 363 1062 363 1061 362 1062 361 1063 361 1062 361 1061 360 1062 359 1063 359 1062 359 1061 358 1062 357 1063 357 1062 356 1063 355 1062 355 1061 354 1062 353 1063 353 1062 353 1061 352 1062 351 1063 351 1062 350 1063 349 1062 348 1063 347 1062 347 1061 346 1062 345 1063 345 1062 345 1061 344 1062 343 1063 343 1062 343 1061 342
real 1122-0 src/tushenghao/docs/evidence/final-fixes/fix2-sweep/frames/C/frame-001122.png 35 942 515 943 515 942 515 941 514 942 513 943 513 942 513 941 512 942 511 943 511 942 511 941 510 942 509 943 509 942 509 941 508 942 507 943 507 942 507 941 506 942 505 943 505 943 504 943 503 942 503 941 502 942 501 943 501 943 500 943 499 942 498 943 497 942 496 943 495 942 495
real 1122-1 src/tushenghao/docs/evidence/final-fixes/fix2-sweep/frames/C/frame-001122.png 53 885 521 886 521 887 521 888 521 889 521 890 521 891 521 892 521 893 521 894 521 895 521 896 521 897 521 898 521 899 521 900 521 901 521 902 521 903 521 904 521 905 521 906 521 907 521 908 521 909 521 910 521 911 521 912 521 913 521 914 521 915 521 916 521 917 521 918 521 919 521 920 521 921 521 922 521 923 521 924 522 925 522 926 522 927 522 928 522 929 522 930 522 931 522 932 522 933 522 934 522 935 522 936 521 937 521
real 1132-0 src/tushenghao/docs/evidence/final-fixes/fix2-sweep/frames/C/frame-001132.png 112 833 510 834 509 835 509 834 509 833 508 834 507 835 507 834 507 833 506 834 505 835 505 834 505 833 504 834 503 835 503 834 503 833 502 834 501 835 501 834 501 833 500 834 499 835 499 834 499 833 498 834 497 835 497 834 497 833 496 834 495 835 495 834 495 833 494 834 493 835 493 834 493 833 492 834 491 835 491 834 491 833 490 834 489 835 489 834 489 833 488 834 487 835 487 834 487 833 486 834 485 835 485 834 485 833 484 834 483 835 483 834 483 833 482 834 481 835 481 834 481 833 480 834 479 835 479 834 479 833 478 834 477 835 477 834 477 833 476 834 475 835 475 834 475 833 474 834 473 835 473 834 473 833 472 834 471 835 471 834 471 833 470 834 469 835 469 834 469 833 468 834 467 835 467 834 467 833 466 834 465 835 465 834 465 833 464 834 463 835 463 834 463 833 462 834 461 835 461 834 461 833 460 834 459 835 459 834 459 833 458 834 457 835 457 834 457 833 456 834 455 835 455 834 455
real 1132-1 src/tushenghao/docs/evidence/final-fixes/fix2-sweep/frames/C/frame-001132.png 44 785 519 786 519 787 519 788 519 789 519 790 519 791 519 792 519 793 519 794 519 795 519 796 519 797 519 798 519 799 519 800 519 801 519 802 519 803 519 804 519 805 519 806 519 807 519 808 519 809 519 810 519 811 519 812 519 813 519 814 519 815 519 816 519 817 519 818 519 819 519 820 519 821 519 822 519 823 519 824 519 825 519 826 519 827 519 828 519
real 1150-0 src/tushenghao/docs/evidence/final-fixes/fix2-sweep/frames/C/frame-001150.png 30 643 324 642 324 641 324 640 324 639 324 638 324 637 324 636 324 635 324 634 324 633 324 632 324 631 324 630 324 629 324 628 324 627 324 626 324 625 324 624 324 623 324 622 324 621 324 620 324 619 324 618 324 617 324 616 324 615 324 614 324
real 1150-1 src/tushenghao/docs/evidence/final-fixes/fix2-sweep/frames/C/frame-001150.png 53 644 353 645 353 644 353 643 352 644 351 645 351 644 351 643 350 644 349 645 349 644 349 643 348 644 347 645 347 644 347 643 346 644 345 645 345 644 345 643 344 644 343 645 343 644 343 643 342 644 341 645 341 644 341 643 340 644 339 645 339 644 339 643 338 644 337 645 337 645 336 645 335 644 335 643 334 644 333 645 333 644 333 643 332 644 331 645 331 644 331 643 330 644 329 645 329 644 329 643 328 644 327 645 327 644 327
real 1156-0 src/tushenghao/docs/evidence/final-fixes/fix2-sweep/frames/C/frame-001156.png 120 617 508 618 507 619 507 618 507 617 506 618 505 619 505 618 505 617 504 618 503 619 503 618 503 617 502 618 501 619 501 618 501 617 500 618 499 619 499 619 498 619 497 619 496 619 495 618 495 617 494 618 493 619 493 618 492 619 491 618 491 617 490 618 489 619 489 618 488 619 487 618 487 617 486 618 485 619 485 618 485 617 484 618 483 619 483 618 483 617 482 618 481 619 481 618 481 617 480 618 479 619 479 618 479 617 478 618 477 619 477 618 477 617 476 618 475 619 475 618 475 617 474 618 473 619 473 618 473 617 472 618 471 619 471 618 471 617 470 618 469 619 469 618 469 617 468 618 467 619 467 618 467 617 466 618 465 619 465 618 465 617 464 618 463 619 463 618 463 617 462 618 461 619 461 618 461 617 460 618 459 619 459 618 459 617 458 618 457 619 457 618 457 617 456 618 455 619 455 618 455 617 454 618 453 619 453 618 453 617 452 618 451 619 451 618 451 617 450 618 449 619 449 618 449 617 448 618 447 619 447 618 447 617 446 618 445 619 445 618 445
real 1156-1 src/tushenghao/docs/evidence/final-fixes/fix2-sweep/frames/C/frame-001156.png 62 552 511 553 511 554 511 555 511 556 511 557 511 558 511 559 511 560 511 561 511 562 511 563 511 564 511 565 511 566 511 567 511 568 511 569 511 570 511 571 511 572 511 573 511 574 511 575 511 576 511 577 511 578 511 579 511 580 511 581 511 582 511 583 511 584 511 585 511 586 511 587 511 588 511 589 511 590 511 591 511 592 511 593 511 594 511 595 511 596 511 597 511 598 511 599 511 600 511 601 511 602 511 603 511 604 511 605 511 606 511 607 511 608 511 609 511 610 511 611 511 612 511 613 511
real 1160-0 src/tushenghao/docs/evidence/final-fixes/fix2-sweep/frames/C/frame-001160.png 27 602 326 601 326 600 326 599 326 598 326 597 326 596 326 595 326 594 326 593 326 592 326 591 326 590 326 589 326 588 326 587 326 586 326 585 326 584 326 583 326 582 326 581 326 580 326 579 326 578 326 577 326 576 326
real 1160-1 src/tushenghao/docs/evidence/final-fixes/fix2-sweep/frames/C/frame-001160.png 38 604 353 605 353 604 353 603 352 604 351 605 351 604 351 603 350 604 349 605 349 604 349 603 348 604 347 605 347 604 347 603 346 604 345 605 345 604 345 603 344 604 343 605 343 604 343 603 342 604 341 605 341 604 341 603 340 604 339 605 339 605 338 605 337 605 336 605 335 605 334 605 333 605 332 605 331
real 1399-0 src/tushenghao/docs/evidence/final-fixes/fix2-sweep/frames/C/frame-001399.png 28 270 320 269 320 268 320 267 320 266 320 265 320 264 320 263 320 262 320 261 320 260 320 259 320 258 320 257 320 256 320 255 320 254 320 253 320 252 320 251 320 250 320 249 320 248 320 247 320 246 320 245 320 244 320 243 320
real 1399-1 src/tushenghao/docs/evidence/final-fixes/fix2-sweep/frames/C/frame-001399.png 43 273 351 273 350 273 349 273 348 273 347 273 346 273 345 273 344 274 343 275 343 274 343 273 342 274 341 275 341 274 341 273 340 274 339 275 339 274 339 273 338 274 337 275 337 274 337 273 336 274 335 275 335 274 335 273 334 274 333 275 333 274 333 273 332 274 331 275 331 275 330 275 329 275 328 275 327 274 327 273 326 274 325 275 325 274 325
real 1406-0 src/tushenghao/docs/evidence/final-fixes/fix2-sweep/frames/C/frame-001406.png 16 351 322 350 322 349 322 348 322 347 322 346 322 345 322 344 322 343 322 342 322 341 322 340 322 339 322 338 322 337 322 336 322
real 1406-1 src/tushenghao/docs/evidence/final-fixes/fix2-sweep/frames/C/frame-001406.png 22 354 341 355 341 354 341 353 340 354 339 355 339 354 339 353 338 354 337 355 337 354 337 353 336 354 335 355 335 354 334 355 333 355 332 355 331 354 330 355 329 354 328 355 327
real 1414-0 src/tushenghao/docs/evidence/final-fixes/fix2-sweep/frames/C/frame-001414.png 27 442 324 441 324 440 324 439 324 438 324 437 324 436 324 435 324 434 324 433 324 432 324 431 324 430 323 429 324 428 323 427 324 426 323 425 323 424 323 423 323 422 323 421 323 420 323 419 323 418 323 417 323 416 323
real 1414-1 src/tushenghao/docs/evidence/final-fixes/fix2-sweep/frames/C/frame-001414.png 35 446 347 447 347 446 347 445 346 446 345 447 345 446 345 445 344 446 343 447 343 446 343 445 342 446 341 447 341 446 341 445 340 446 339 447 339 446 339 445 338 446 337 447 337 446 336 447 335 446 335 445 334 446 333 447 333 447 332 447 331 446 331 445 330 446 329 447 329 446 329
real 1442-0 src/tushenghao/docs/evidence/final-fixes/fix2-sweep/frames/C/frame-001442.png 26 752 332 751 332 750 332 749 331 748 331 747 331 746 331 745 331 744 331 743 331 742 331 741 331 740 331 739 330 738 330 737 330 736 330 735 330 734 330 733 330 732 330 731 330 730 330 729 330 728 330 727 330
real 1442-1 src/tushenghao/docs/evidence/final-fixes/fix2-sweep/frames/C/frame-001442.png 45 754 357 755 357 754 357 753 356 754 355 755 355 754 355 753 354 754 353 755 353 754 353 753 352 754 351 755 351 754 351 753 350 754 349 755 349 754 349 753 348 754 347 755 347 754 347 753 346 754 345 755 345 754 345 753 344 754 343 755 343 754 343 753 342 754 341 755 341 754 340 755 339 754 339 753 338 754 337 755 337 754 337 753 336 754 335 755 335 754 335
real 1455-0 src/tushenghao/docs/evidence/final-fixes/fix2-sweep/frames/C/frame-001455.png 26 897 335 896 336 895 335 894 335 893 335 892 335 891 335 890 335 889 334 888 334 887 334 886 334 885 334 884 334 883 334 882 334 881 334 880 334 879 334 878 334 877 334 876 334 875 334 874 334 873 334 872 334
real 1455-1 src/tushenghao/docs/evidence/final-fixes/fix2-sweep/frames/C/frame-001455.png 40 899 365 899 364 899 363 899 362 899 361 899 360 899 359 899 358 899 357 899 356 899 355 899 354 900 353 901 353 900 353 899 352 900 351 901 351 900 351 899 350 900 349 901 349 900 349 899 348 900 347 901 347 900 347 899 346 900 345 901 345 900 345 899 344 900 343 901 343 900 343 899 342 900 341 901 341 900 341 899 340
real 1462-0 src/tushenghao/docs/evidence/final-fixes/fix2-sweep/frames/C/frame-001462.png 31 973 519 973 518 973 517 973 516 973 515 973 514 973 513 973 512 974 511 975 511 974 511 973 510 974 509 975 509 974 509 973 508 974 507 975 507 974 507 973 506 974 505 975 505 974 505 973 504 974 503 975 503 974 503 973 502 974 501 975 501 974 501
real 1462-1 src/tushenghao/docs/evidence/final-fixes/fix2-sweep/frames/C/frame-001462.png 58 912 521 913 521 914 521 915 521 916 521 917 521 918 521 919 521 920 521 921 521 922 521 923 521 924 521 925 521 926 521 927 521 928 521 929 521 930 521 931 521 932 521 933 521 934 521 935 521 936 521 937 521 938 521 939 521 940 521 941 521 942 522 943 522 944 522 945 522 946 522 947 522 948 522 949 522 950 522 951 522 952 522 953 522 954 522 955 522 956 522 957 522 958 522 959 522 960 522 961 522 962 522 963 522 964 522 965 522 966 522 967 522 968 522 969 522
real 1488-0 src/tushenghao/docs/evidence/final-fixes/fix2-sweep/frames/C/frame-001488.png 25 1032 338 1031 338 1030 338 1029 338 1028 338 1027 338 1026 338 1025 338 1024 338 1023 338 1022 338 1021 338 1020 338 1019 338 1018 338 1017 338 1016 338 1015 338 1014 338 1013 338 1012 338 1011 338 1010 338 1009 338 1008 338
real 1488-1 src/tushenghao/docs/evidence/final-fixes/fix2-sweep/frames/C/frame-001488.png 53 1036 367 1037 367 1036 367 1035 366 1036 365 1037 365 1036 365 1035 364 1036 363 1037 363 1036 363 1035 362 1036 361 1037 361 1036 361 1035 360 1036 359 1037 359 1036 359 1035 358 1036 357 1037 357 1036 357 1035 356 1036 355 1037 355 1036 355 1035 354 1036 353 1037 353 1036 353 1035 352 1036 351 1037 351 1036 351 1035 350 1036 349 1037 349 1036 349 1035 348 1036 347 1037 347 1037 346 1037 345 1036 345 1035 344 1036 343 1037 343 1036 343 1035 342 1036 341 1037 341 1036 341
real 1489-0 src/tushenghao/docs/evidence/final-fixes/fix2-sweep/frames/C/frame-001489.png 25 1032 338 1031 338 1030 338 1029 338 1028 338 1027 338 1026 338 1025 338 1024 338 1023 338 1022 338 1021 338 1020 338 1019 338 1018 338 1017 338 1016 338 1015 338 1014 338 1013 338 1012 338 1011 338 1010 338 1009 338 1008 338
real 1489-1 src/tushenghao/docs/evidence/final-fixes/fix2-sweep/frames/C/frame-001489.png 53 1036 367 1037 367 1036 367 1035 366 1036 365 1037 365 1036 365 1035 364 1036 363 1037 363 1036 363 1035 362 1036 361 1037 361 1036 361 1035 360 1036 359 1037 359 1036 359 1035 358 1036 357 1037 357 1036 357 1035 356 1036 355 1037 355 1036 355 1035 354 1036 353 1037 353 1036 353 1035 352 1036 351 1037 351 1036 351 1035 350 1036 349 1037 349 1036 349 1035 348 1036 347 1037 347 1037 346 1037 345 1036 345 1035 344 1036 343 1037 343 1036 343 1035 342 1036 341 1037 341 1036 341
real 1490-0 src/tushenghao/docs/evidence/final-fixes/fix2-sweep/frames/C/frame-001490.png 25 1032 338 1031 338 1030 338 1029 338 1028 338 1027 338 1026 338 1025 338 1024 338 1023 338 1022 338 1021 338 1020 338 1019 338 1018 338 1017 338 1016 338 1015 338 1014 338 1013 338 1012 338 1011 338 1010 338 1009 338 1008 338
real 1490-1 src/tushenghao/docs/evidence/final-fixes/fix2-sweep/frames/C/frame-001490.png 34 1036 363 1037 363 1036 363 1035 362 1036 361 1037 361 1036 361 1035 360 1036 359 1037 359 1036 359 1035 358 1036 357 1037 357 1036 357 1035 356 1036 355 1037 355 1036 355 1035 354 1036 353 1037 353 1036 353 1035 352 1036 351 1037 351 1037 350 1037 349 1037 348 1037 347 1037 346 1037 345 1037 344 1037 343
real 1491-0 src/tushenghao/docs/evidence/final-fixes/fix2-sweep/frames/C/frame-001491.png 25 1032 338 1031 338 1030 338 1029 338 1028 338 1027 338 1026 338 1025 338 1024 338 1023 338 1022 338 1021 338 1020 338 1019 338 1018 338 1017 338 1016 338 1015 338 1014 338 1013 338 1012 338 1011 338 1010 338 1009 338 1008 338
real 1491-1 src/tushenghao/docs/evidence/final-fixes/fix2-sweep/frames/C/frame-001491.png 34 1036 363 1037 363 1036 363 1035 362 1036 361 1037 361 1036 361 1035 360 1036 359 1037 359 1036 359 1035 358 1036 357 1037 357 1036 357 1035 356 1036 355 1037 355 1036 355 1035 354 1036 353 1037 353 1036 353 1035 352 1036 351 1037 351 1037 350 1037 349 1037 348 1037 347 1037 346 1037 345 1037 344 1037 343
real 1500-0 src/tushenghao/docs/evidence/final-fixes/fix2-sweep/frames/C/frame-001500.png 27 1012 338 1011 338 1010 338 1009 338 1008 338 1007 338 1006 338 1005 338 1004 338 1003 338 1002 338 1001 338 1000 338 999 338 998 338 997 338 996 338 995 338 994 338 993 338 992 338 991 338 990 338 989 338 988 338 987 338 986 338
real 1500-1 src/tushenghao/docs/evidence/final-fixes/fix2-sweep/frames/C/frame-001500.png 49 1016 365 1017 365 1016 365 1015 364 1016 363 1017 363 1016 363 1015 362 1016 361 1017 361 1016 361 1015 360 1016 359 1017 359 1016 359 1015 358 1016 357 1017 357 1016 357 1015 356 1016 355 1017 355 1016 355 1015 354 1016 353 1017 353 1016 353 1015 352 1016 351 1017 351 1016 351 1015 350 1016 349 1017 349 1017 348 1017 347 1016 347 1015 346 1016 345 1017 345 1016 345 1015 344 1016 343 1017 343 1016 343 1015 342 1016 341 1017 341 1016 341
real 1528-0 src/tushenghao/docs/evidence/final-fixes/fix2-sweep/frames/C/frame-001528.png 27 728 332 727 332 726 332 725 331 724 331 723 331 722 331 721 331 720 331 719 330 718 330 717 330 716 330 715 330 714 330 713 330 712 330 711 330 710 330 709 330 708 330 707 330 706 330 705 330 704 330 703 330 702 330
real 1528-1 src/tushenghao/docs/evidence/final-fixes/fix2-sweep/frames/C/frame-001528.png 36 730 357 731 357 730 357 729 356 730 355 731 355 730 355 729 354 730 353 731 353 730 353 729 352 730 351 731 351 730 351 729 350 730 349 731 349 730 349 729 348 730 347 731 347 730 347 729 346 730 345 731 345 730 344 731 343 730 343 729 342 730 341 731 341 730 340 731 339 730 339 729 338
real 1536-0 src/tushenghao/docs/evidence/final-fixes/fix2-sweep/frames/C/frame-001536.png 30 640 330 639 329 638 329 637 329 636 329 635 329 634 329 633 328 632 328 631 328 630 328 629 328 628 328 627 328 626 328 625 328 624 328 623 328 622 328 621 328 620 328 619 328 618 328 617 328 616 328 615 328 614 328 613 328 612 328 611 328
real 1536-1 src/tushenghao/docs/evidence/final-fixes/fix2-sweep/frames/C/frame-001536.png 24 642 349 643 349 642 349 641 348 642 347 643 347 642 347 641 346 642 345 643 345 642 345 641 344 642 343 643 343 642 343 641 342 642 341 643 341 642 340 643 339 643 338 643 337 643 336 643 335
real 1552-0 src/tushenghao/docs/evidence/final-fixes/fix2-sweep/frames/C/frame-001552.png 27 459 324 458 324 457 324 456 324 455 324 454 324 453 324 452 324 451 324 450 324 449 324 448 324 447 324 446 324 445 324 444 324 443 324 442 324 441 324 440 324 439 324 438 324 437 324 436 324 435 324 434 324 433 324
real 1552-1 src/tushenghao/docs/evidence/final-fixes/fix2-sweep/frames/C/frame-001552.png 49 464 351 465 351 464 351 463 350 464 349 465 349 464 349 463 348 464 347 465 347 464 347 463 346 464 345 465 345 464 345 463 344 464 343 465 343 464 343 463 342 464 341 465 341 464 341 463 340 464 339 465 339 464 339 463 338 464 337 465 337 465 336 465 335 464 335 463 334 464 333 465 333 464 333 463 332 464 331 465 331 464 331 463 330 464 329 465 329 464 329 463 328 464 327 465 327 464 327
real 1573-0 src/tushenghao/docs/evidence/final-fixes/fix2-sweep/frames/D/frame-001573.png 30 227 320 226 320 225 320 224 320 223 320 222 320 221 320 220 320 219 320 218 320 217 320 216 320 215 320 214 320 213 320 212 320 211 320 210 320 209 320 208 320 207 320 206 320 205 320 204 320 203 320 202 320 201 320 200 320 199 320 198 320
real 1573-1 src/tushenghao/docs/evidence/final-fixes/fix2-sweep/frames/D/frame-001573.png 41 229 349 229 348 229 347 229 346 229 345 229 344 229 343 229 342 229 341 229 340 230 339 231 339 230 339 229 338 230 337 231 337 230 337 229 336 230 335 231 335 230 335 229 334 230 333 231 333 230 333 229 332 230 331 231 331 230 331 229 330 230 329 231 329 230 329 229 328 230 327 231 327 230 327 229 326 230 325 231 325 230 325
real 1666-0 src/tushenghao/docs/evidence/final-fixes/fix2-sweep/frames/C/frame-001666.png 30 231 320 230 320 229 320 228 320 227 320 226 320 225 320 224 320 223 320 222 320 221 320 220 320 219 320 218 320 217 320 216 320 215 320 214 320 213 319 212 319 211 319 210 319 209 319 208 319 207 319 206 319 205 320 204 319 203 320 202 320
real 1666-1 src/tushenghao/docs/evidence/final-fixes/fix2-sweep/frames/C/frame-001666.png 41 232 343 233 343 232 343 231 342 232 341 233 341 232 341 231 340 232 339 233 339 232 339 231 338 232 337 233 337 232 337 231 336 232 335 233 335 232 335 231 334 232 333 233 333 232 333 231 332 232 331 233 331 232 331 231 330 232 329 233 329 232 328 233 327 232 327 231 326 232 325 233 325 232 325 231 324 232 323 233 323 232 323
real 1669-0 src/tushenghao/docs/evidence/final-fixes/fix2-sweep/frames/C/frame-001669.png 28 262 320 261 320 260 320 259 320 258 320 257 320 256 320 255 320 254 320 253 320 252 320 251 320 250 320 249 320 248 320 247 320 246 320 245 320 244 320 243 320 242 320 241 320 240 320 239 320 238 320 237 320 236 320 235 320
real 1669-1 src/tushenghao/docs/evidence/final-fixes/fix2-sweep/frames/C/frame-001669.png 41 266 343 267 343 266 343 265 342 266 341 267 341 266 341 265 340 266 339 267 339 266 339 265 338 266 337 267 337 266 337 265 336 266 335 267 335 266 335 265 334 266 333 267 333 266 333 265 332 266 331 267 331 266 331 265 330 266 329 267 329 267 328 267 327 266 327 265 326 266 325 267 325 266 325 265 324 266 323 267 323 266 323
real 1673-0 src/tushenghao/docs/evidence/final-fixes/fix2-sweep/frames/C/frame-001673.png 19 303 321 302 321 301 321 300 321 299 321 298 321 297 321 296 321 295 321 294 321 293 320 292 320 291 320 290 320 289 320 288 320 287 320 286 320 285 320
real 1673-1 src/tushenghao/docs/evidence/final-fixes/fix2-sweep/frames/C/frame-001673.png 46 312 347 313 347 312 347 311 346 312 345 313 345 312 345 311 344 312 343 313 343 312 343 311 342 312 341 313 341 312 341 311 340 312 339 313 339 312 339 311 338 312 337 313 337 312 337 311 336 312 335 313 335 312 335 311 334 312 333 313 333 312 333 311 332 312 331 313 331 312 331 311 330 312 329 313 329 313 328 313 327 312 327 311 326 312 325 313 325 312 325 311 324
synthetic C-r0-a0-s0-0-0 build/block3-C-v1/C-r0-a0-s0.png 55 641 463 641 464 641 465 641 466 641 467 641 468 641 469 641 470 641 471 641 472 641 473 641 474 641 475 641 476 641 477 641 478 641 479 641 480 641 481 641 482 641 483 641 484 641 485 641 486 641 487 641 488 641 489 641 490 641 491 641 492 641 493 641 494 641 495 641 496 641 497 641 498 641 499 641 500 641 501 641 502 641 503 641 504 641 505 641 506 641 507 641 508 641 509 641 510 641 511 641 512 641 513 641 514 641 515 641 516 641 517
synthetic C-r0-a0-s0-0-1 build/block3-C-v1/C-r0-a0-s0.png 55 697 461 696 461 695 461 694 461 693 461 692 461 691 461 690 461 689 461 688 461 687 461 686 461 685 461 684 461 683 461 682 461 681 461 680 461 679 461 678 461 677 461 676 461 675 461 674 461 673 461 672 461 671 461 670 461 669 461 668 461 667 461 666 461 665 461 664 461 663 461 662 461 661 461 660 461 659 461 658 461 657 461 656 461 655 461 654 461 653 461 652 461 651 461 650 461 649 461 648 461 647 461 646 461 645 461 644 461 643 461
synthetic C-r0-a0-s0-1-0 build/block3-C-v1/C-r0-a0-s0.png 23 797 461 796 461 795 461 794 461 793 461 792 461 791 461 790 461 789 461 788 461 787 461 786 461 785 461 784 461 783 461 782 461 781 461 780 461 779 461 778 461 777 461 776 461 775 461
synthetic C-r0-a0-s0-1-1 build/block3-C-v1/C-r0-a0-s0.png 23 799 485 799 484 799 483 799 482 799 481 799 480 799 479 799 478 799 477 799 476 799 475 799 474 799 473 799 472 799 471 799 470 799 469 799 468 799 467 799 466 799 465 799 464 799 463
synthetic C-r0-a0-s0-2-0 build/block3-C-v1/C-r0-a0-s0.png 55 799 617 799 616 799 615 799 614 799 613 799 612 799 611 799 610 799 609 799 608 799 607 799 606 799 605 799 604 799 603 799 602 799 601 799 600 799 599 799 598 799 597 799 596 799 595 799 594 799 593 799 592 799 591 799 590 799 589 799 588 799 587 799 586 799 585 799 584 799 583 799 582 799 581 799 580 799 579 799 578 799 577 799 576 799 575 799 574 799 573 799 572 799 571 799 570 799 569 799 568 799 567 799 566 799 565 799 564 799 563
synthetic C-r0-a0-s0-2-1 build/block3-C-v1/C-r0-a0-s0.png 55 743 619 744 619 745 619 746 619 747 619 748 619 749 619 750 619 751 619 752 619 753 619 754 619 755 619 756 619 757 619 758 619 759 619 760 619 761 619 762 619 763 619 764 619 765 619 766 619 767 619 768 619 769 619 770 619 771 619 772 619 773 619 774 619 775 619 776 619 777 619 778 619 779 619 780 619 781 619 782 619 783 619 784 619 785 619 786 619 787 619 788 619 789 619 790 619 791 619 792 619 793 619 794 619 795 619 796 619 797 619
synthetic C-r0-a0-s0-3-0 build/block3-C-v1/C-r0-a0-s0.png 55 641 563 641 564 641 565 641 566 641 567 641 568 641 569 641 570 641 571 641 572 641 573 641 574 641 575 641 576 641 577 641 578 641 579 641 580 641 581 641 582 641 583 641 584 641 585 641 586 641 587 641 588 641 589 641 590 641 591 641 592 641 593 641 594 641 595 641 596 641 597 641 598 641 599 641 600 641 601 641 602 641 603 641 604 641 605 641 606 641 607 641 608 641 609 641 610 641 611 641 612 641 613 641 614 641 615 641 616 641 617
synthetic C-r0-a0-s0-3-1 build/block3-C-v1/C-r0-a0-s0.png 55 643 619 644 619 645 619 646 619 647 619 648 619 649 619 650 619 651 619 652 619 653 619 654 619 655 619 656 619 657 619 658 619 659 619 660 619 661 619 662 619 663 619 664 619 665 619 666 619 667 619 668 619 669 619 670 619 671 619 672 619 673 619 674 619 675 619 676 619 677 619 678 619 679 619 680 619 681 619 682 619 683 619 684 619 685 619 686 619 687 619 688 619 689 619 690 619 691 619 692 619 693 619 694 619 695 619 696 619 697 619
synthetic C-r0-a0-s11-0-0 build/block3-C-v1/C-r0-a0-s11.png 55 641 463 641 464 641 465 641 466 641 467 641 468 641 469 641 470 641 471 641 472 641 473 641 474 641 475 641 476 641 477 641 478 641 479 641 480 641 481 641 482 641 483 641 484 641 485 641 486 641 487 641 488 641 489 641 490 641 491 641 492 641 493 641 494 641 495 641 496 641 497 641 498 641 499 641 500 641 501 641 502 641 503 641 504 641 505 641 506 641 507 641 508 641 509 641 510 641 511 641 512 641 513 641 514 641 515 641 516 641 517
synthetic C-r0-a0-s11-0-1 build/block3-C-v1/C-r0-a0-s11.png 55 697 461 696 461 695 461 694 461 693 461 692 461 691 461 690 461 689 461 688 461 687 461 686 461 685 461 684 461 683 461 682 461 681 461 680 461 679 461 678 461 677 461 676 461 675 461 674 461 673 461 672 461 671 461 670 461 669 461 668 461 667 461 666 461 665 461 664 461 663 461 662 461 661 461 660 461 659 461 658 461 657 461 656 461 655 461 654 461 653 461 652 461 651 461 650 461 649 461 648 461 647 461 646 461 645 461 644 461 643 461
synthetic C-r0-a0-s11-1-0 build/block3-C-v1/C-r0-a0-s11.png 23 797 461 796 461 795 461 794 461 793 461 792 461 791 461 790 461 789 461 788 461 787 461 786 461 785 461 784 461 783 461 782 461 781 461 780 461 779 461 778 461 777 461 776 461 775 461
synthetic C-r0-a0-s11-1-1 build/block3-C-v1/C-r0-a0-s11.png 23 799 485 799 484 799 483 799 482 799 481 799 480 799 479 799 478 799 477 799 476 799 475 799 474 799 473 799 472 799 471 799 470 799 469 799 468 799 467 799 466 799 465 799 464 799 463
synthetic C-r0-a0-s11-2-0 build/block3-C-v1/C-r0-a0-s11.png 55 799 617 799 616 799 615 799 614 799 613 799 612 799 611 799 610 799 609 799 608 799 607 799 606 799 605 799 604 799 603 799 602 799 601 799 600 799 599 799 598 799 597 799 596 799 595 799 594 799 593 799 592 799 591 799 590 799 589 799 588 799 587 799 586 799 585 799 584 799 583 799 582 799 581 799 580 799 579 799 578 799 577 799 576 799 575 799 574 799 573 799 572 799 571 799 570 799 569 799 568 799 567 799 566 799 565 799 564 799 563
synthetic C-r0-a0-s11-2-1 build/block3-C-v1/C-r0-a0-s11.png 55 743 619 744 619 745 619 746 619 747 619 748 619 749 619 750 619 751 619 752 619 753 619 754 619 755 619 756 619 757 619 758 619 759 619 760 619 761 619 762 619 763 619 764 619 765 619 766 619 767 619 768 619 769 619 770 619 771 619 772 619 773 619 774 619 775 619 776 619 777 619 778 619 779 619 780 619 781 619 782 619 783 619 784 619 785 619 786 619 787 619 788 619 789 619 790 619 791 619 792 619 793 619 794 619 795 619 796 619 797 619
synthetic C-r0-a0-s11-3-0 build/block3-C-v1/C-r0-a0-s11.png 55 641 563 641 564 641 565 641 566 641 567 641 568 641 569 641 570 641 571 641 572 641 573 641 574 641 575 641 576 641 577 641 578 641 579 641 580 641 581 641 582 641 583 641 584 641 585 641 586 641 587 641 588 641 589 641 590 641 591 641 592 641 593 641 594 641 595 641 596 641 597 641 598 641 599 641 600 641 601 641 602 641 603 641 604 641 605 641 606 641 607 641 608 641 609 641 610 641 611 641 612 641 613 641 614 641 615 641 616 641 617
synthetic C-r0-a0-s11-3-1 build/block3-C-v1/C-r0-a0-s11.png 55 643 619 644 619 645 619 646 619 647 619 648 619 649 619 650 619 651 619 652 619 653 619 654 619 655 619 656 619 657 619 658 619 659 619 660 619 661 619 662 619 663 619 664 619 665 619 666 619 667 619 668 619 669 619 670 619 671 619 672 619 673 619 674 619 675 619 676 619 677 619 678 619 679 619 680 619 681 619 682 619 683 619 684 619 685 619 686 619 687 619 688 619 689 619 690 619 691 619 692 619 693 619 694 619 695 619 696 619 697 619
synthetic C-r0-a0-s22-0-0 build/block3-C-v1/C-r0-a0-s22.png 55 641 463 641 464 641 465 641 466 641 467 641 468 641 469 641 470 641 471 641 472 641 473 641 474 641 475 641 476 641 477 641 478 641 479 641 480 641 481 641 482 641 483 641 484 641 485 641 486 641 487 641 488 641 489 641 490 641 491 641 492 641 493 641 494 641 495 641 496 641 497 641 498 641 499 641 500 641 501 641 502 641 503 641 504 641 505 641 506 641 507 641 508 641 509 641 510 641 511 641 512 641 513 641 514 641 515 641 516 641 517
synthetic C-r0-a0-s22-0-1 build/block3-C-v1/C-r0-a0-s22.png 55 697 461 696 461 695 461 694 461 693 461 692 461 691 461 690 461 689 461 688 461 687 461 686 461 685 461 684 461 683 461 682 461 681 461 680 461 679 461 678 461 677 461 676 461 675 461 674 461 673 461 672 461 671 461 670 461 669 461 668 461 667 461 666 461 665 461 664 461 663 461 662 461 661 461 660 461 659 461 658 461 657 461 656 461 655 461 654 461 653 461 652 461 651 461 650 461 649 461 648 461 647 461 646 461 645 461 644 461 643 461
synthetic C-r0-a0-s22-1-0 build/block3-C-v1/C-r0-a0-s22.png 23 797 461 796 461 795 461 794 461 793 461 792 461 791 461 790 461 789 461 788 461 787 461 786 461 785 461 784 461 783 461 782 461 781 461 780 461 779 461 778 461 777 461 776 461 775 461
synthetic C-r0-a0-s22-1-1 build/block3-C-v1/C-r0-a0-s22.png 23 799 485 799 484 799 483 799 482 799 481 799 480 799 479 799 478 799 477 799 476 799 475 799 474 799 473 799 472 799 471 799 470 799 469 799 468 799 467 799 466 799 465 799 464 799 463
synthetic C-r0-a0-s22-2-0 build/block3-C-v1/C-r0-a0-s22.png 55 799 617 799 616 799 615 799 614 799 613 799 612 799 611 799 610 799 609 799 608 799 607 799 606 799 605 799 604 799 603 799 602 799 601 799 600 799 599 799 598 799 597 799 596 799 595 799 594 799 593 799 592 799 591 799 590 799 589 799 588 799 587 799 586 799 585 799 584 799 583 799 582 799 581 799 580 799 579 799 578 799 577 799 576 799 575 799 574 799 573 799 572 799 571 799 570 799 569 799 568 799 567 799 566 799 565 799 564 799 563
synthetic C-r0-a0-s22-2-1 build/block3-C-v1/C-r0-a0-s22.png 55 743 619 744 619 745 619 746 619 747 619 748 619 749 619 750 619 751 619 752 619 753 619 754 619 755 619 756 619 757 619 758 619 759 619 760 619 761 619 762 619 763 619 764 619 765 619 766 619 767 619 768 619 769 619 770 619 771 619 772 619 773 619 774 619 775 619 776 619 777 619 778 619 779 619 780 619 781 619 782 619 783 619 784 619 785 619 786 619 787 619 788 619 789 619 790 619 791 619 792 619 793 619 794 619 795 619 796 619 797 619
synthetic C-r0-a0-s22-3-0 build/block3-C-v1/C-r0-a0-s22.png 55 641 563 641 564 641 565 641 566 641 567 641 568 641 569 641 570 641 571 641 572 641 573 641 574 641 575 641 576 641 577 641 578 641 579 641 580 641 581 641 582 641 583 641 584 641 585 641 586 641 587 641 588 641 589 641 590 641 591 641 592 641 593 641 594 641 595 641 596 641 597 641 598 641 599 641 600 641 601 641 602 641 603 641 604 641 605 641 606 641 607 641 608 641 609 641 610 641 611 641 612 641 613 641 614 641 615 641 616 641 617
synthetic C-r0-a0-s22-3-1 build/block3-C-v1/C-r0-a0-s22.png 55 643 619 644 619 645 619 646 619 647 619 648 619 649 619 650 619 651 619 652 619 653 619 654 619 655 619 656 619 657 619 658 619 659 619 660 619 661 619 662 619 663 619 664 619 665 619 666 619 667 619 668 619 669 619 670 619 671 619 672 619 673 619 674 619 675 619 676 619 677 619 678 619 679 619 680 619 681 619 682 619 683 619 684 619 685 619 686 619 687 619 688 619 689 619 690 619 691 619 692 619 693 619 694 619 695 619 696 619 697 619
synthetic C-r0-a0-s33-0-0 build/block3-C-v1/C-r0-a0-s33.png 55 641 463 641 464 641 465 641 466 641 467 641 468 641 469 641 470 641 471 641 472 641 473 641 474 641 475 641 476 641 477 641 478 641 479 641 480 641 481 641 482 641 483 641 484 641 485 641 486 641 487 641 488 641 489 641 490 641 491 641 492 641 493 641 494 641 495 641 496 641 497 641 498 641 499 641 500 641 501 641 502 641 503 641 504 641 505 641 506 641 507 641 508 641 509 641 510 641 511 641 512 641 513 641 514 641 515 641 516 641 517
synthetic C-r0-a0-s33-0-1 build/block3-C-v1/C-r0-a0-s33.png 55 697 461 696 461 695 461 694 461 693 461 692 461 691 461 690 461 689 461 688 461 687 461 686 461 685 461 684 461 683 461 682 461 681 461 680 461 679 461 678 461 677 461 676 461 675 461 674 461 673 461 672 461 671 461 670 461 669 461 668 461 667 461 666 461 665 461 664 461 663 461 662 461 661 461 660 461 659 461 658 461 657 461 656 461 655 461 654 461 653 461 652 461 651 461 650 461 649 461 648 461 647 461 646 461 645 461 644 461 643 461
synthetic C-r0-a0-s33-1-0 build/block3-C-v1/C-r0-a0-s33.png 23 797 461 796 461 795 461 794 461 793 461 792 461 791 461 790 461 789 461 788 461 787 461 786 461 785 461 784 461 783 461 782 461 781 461 780 461 779 461 778 461 777 461 776 461 775 461
synthetic C-r0-a0-s33-1-1 build/block3-C-v1/C-r0-a0-s33.png 23 799 485 799 484 799 483 799 482 799 481 799 480 799 479 799 478 799 477 799 476 799 475 799 474 799 473 799 472 799 471 799 470 799 469 799 468 799 467 799 466 799 465 799 464 799 463
synthetic C-r0-a0-s33-2-0 build/block3-C-v1/C-r0-a0-s33.png 55 799 617 799 616 799 615 799 614 799 613 799 612 799 611 799 610 799 609 799 608 799 607 799 606 799 605 799 604 799 603 799 602 799 601 799 600 799 599 799 598 799 597 799 596 799 595 799 594 799 593 799 592 799 591 799 590 799 589 799 588 799 587 799 586 799 585 799 584 799 583 799 582 799 581 799 580 799 579 799 578 799 577 799 576 799 575 799 574 799 573 799 572 799 571 799 570 799 569 799 568 799 567 799 566 799 565 799 564 799 563
synthetic C-r0-a0-s33-2-1 build/block3-C-v1/C-r0-a0-s33.png 55 743 619 744 619 745 619 746 619 747 619 748 619 749 619 750 619 751 619 752 619 753 619 754 619 755 619 756 619 757 619 758 619 759 619 760 619 761 619 762 619 763 619 764 619 765 619 766 619 767 619 768 619 769 619 770 619 771 619 772 619 773 619 774 619 775 619 776 619 777 619 778 619 779 619 780 619 781 619 782 619 783 619 784 619 785 619 786 619 787 619 788 619 789 619 790 619 791 619 792 619 793 619 794 619 795 619 796 619 797 619
synthetic C-r0-a0-s33-3-0 build/block3-C-v1/C-r0-a0-s33.png 55 641 563 641 564 641 565 641 566 641 567 641 568 641 569 641 570 641 571 641 572 641 573 641 574 641 575 641 576 641 577 641 578 641 579 641 580 641 581 641 582 641 583 641 584 641 585 641 586 641 587 641 588 641 589 641 590 641 591 641 592 641 593 641 594 641 595 641 596 641 597 641 598 641 599 641 600 641 601 641 602 641 603 641 604 641 605 641 606 641 607 641 608 641 609 641 610 641 611 641 612 641 613 641 614 641 615 641 616 641 617
synthetic C-r0-a0-s33-3-1 build/block3-C-v1/C-r0-a0-s33.png 55 643 619 644 619 645 619 646 619 647 619 648 619 649 619 650 619 651 619 652 619 653 619 654 619 655 619 656 619 657 619 658 619 659 619 660 619 661 619 662 619 663 619 664 619 665 619 666 619 667 619 668 619 669 619 670 619 671 619 672 619 673 619 674 619 675 619 676 619 677 619 678 619 679 619 680 619 681 619 682 619 683 619 684 619 685 619 686 619 687 619 688 619 689 619 690 619 691 619 692 619 693 619 694 619 695 619 696 619 697 619
synthetic C-r0-a0-s44-0-0 build/block3-C-v1/C-r0-a0-s44.png 55 641 463 641 464 641 465 641 466 641 467 641 468 641 469 641 470 641 471 641 472 641 473 641 474 641 475 641 476 641 477 641 478 641 479 641 480 641 481 641 482 641 483 641 484 641 485 641 486 641 487 641 488 641 489 641 490 641 491 641 492 641 493 641 494 641 495 641 496 641 497 641 498 641 499 641 500 641 501 641 502 641 503 641 504 641 505 641 506 641 507 641 508 641 509 641 510 641 511 641 512 641 513 641 514 641 515 641 516 641 517
synthetic C-r0-a0-s44-0-1 build/block3-C-v1/C-r0-a0-s44.png 55 697 461 696 461 695 461 694 461 693 461 692 461 691 461 690 461 689 461 688 461 687 461 686 461 685 461 684 461 683 461 682 461 681 461 680 461 679 461 678 461 677 461 676 461 675 461 674 461 673 461 672 461 671 461 670 461 669 461 668 461 667 461 666 461 665 461 664 461 663 461 662 461 661 461 660 461 659 461 658 461 657 461 656 461 655 461 654 461 653 461 652 461 651 461 650 461 649 461 648 461 647 461 646 461 645 461 644 461 643 461
synthetic C-r0-a0-s44-1-0 build/block3-C-v1/C-r0-a0-s44.png 23 797 461 796 461 795 461 794 461 793 461 792 461 791 461 790 461 789 461 788 461 787 461 786 461 785 461 784 461 783 461 782 461 781 461 780 461 779 461 778 461 777 461 776 461 775 461
synthetic C-r0-a0-s44-1-1 build/block3-C-v1/C-r0-a0-s44.png 23 799 485 799 484 799 483 799 482 799 481 799 480 799 479 799 478 799 477 799 476 799 475 799 474 799 473 799 472 799 471 799 470 799 469 799 468 799 467 799 466 799 465 799 464 799 463
synthetic C-r0-a0-s44-2-0 build/block3-C-v1/C-r0-a0-s44.png 55 799 617 799 616 799 615 799 614 799 613 799 612 799 611 799 610 799 609 799 608 799 607 799 606 799 605 799 604 799 603 799 602 799 601 799 600 799 599 799 598 799 597 799 596 799 595 799 594 799 593 799 592 799 591 799 590 799 589 799 588 799 587 799 586 799 585 799 584 799 583 799 582 799 581 799 580 799 579 799 578 799 577 799 576 799 575 799 574 799 573 799 572 799 571 799 570 799 569 799 568 799 567 799 566 799 565 799 564 799 563
synthetic C-r0-a0-s44-2-1 build/block3-C-v1/C-r0-a0-s44.png 55 743 619 744 619 745 619 746 619 747 619 748 619 749 619 750 619 751 619 752 619 753 619 754 619 755 619 756 619 757 619 758 619 759 619 760 619 761 619 762 619 763 619 764 619 765 619 766 619 767 619 768 619 769 619 770 619 771 619 772 619 773 619 774 619 775 619 776 619 777 619 778 619 779 619 780 619 781 619 782 619 783 619 784 619 785 619 786 619 787 619 788 619 789 619 790 619 791 619 792 619 793 619 794 619 795 619 796 619 797 619
synthetic C-r0-a0-s44-3-0 build/block3-C-v1/C-r0-a0-s44.png 55 641 563 641 564 641 565 641 566 641 567 641 568 641 569 641 570 641 571 641 572 641 573 641 574 641 575 641 576 641 577 641 578 641 579 641 580 641 581 641 582 641 583 641 584 641 585 641 586 641 587 641 588 641 589 641 590 641 591 641 592 641 593 641 594 641 595 641 596 641 597 641 598 641 599 641 600 641 601 641 602 641 603 641 604 641 605 641 606 641 607 641 608 641 609 641 610 641 611 641 612 641 613 641 614 641 615 641 616 641 617
synthetic C-r0-a0-s44-3-1 build/block3-C-v1/C-r0-a0-s44.png 55 643 619 644 619 645 619 646 619 647 619 648 619 649 619 650 619 651 619 652 619 653 619 654 619 655 619 656 619 657 619 658 619 659 619 660 619 661 619 662 619 663 619 664 619 665 619 666 619 667 619 668 619 669 619 670 619 671 619 672 619 673 619 674 619 675 619 676 619 677 619 678 619 679 619 680 619 681 619 682 619 683 619 684 619 685 619 686 619 687 619 688 619 689 619 690 619 691 619 692 619 693 619 694 619 695 619 696 619 697 619
synthetic C-r2-a0-s0-0-0 build/block3-C-v1/C-r2-a0-s0.png 55 641 463 641 464 641 465 641 466 641 467 641 468 641 469 641 470 641 471 641 472 641 473 641 474 641 475 641 476 641 477 641 478 641 479 641 480 641 481 641 482 641 483 641 484 641 485 641 486 641 487 641 488 641 489 641 490 641 491 641 492 641 493 641 494 641 495 641 496 641 497 641 498 641 499 641 500 641 501 641 502 641 503 641 504 641 505 641 506 641 507 641 508 641 509 641 510 641 511 641 512 641 513 641 514 641 515 641 516 641 517
synthetic C-r2-a0-s0-0-1 build/block3-C-v1/C-r2-a0-s0.png 55 697 461 696 461 695 461 694 461 693 461 692 461 691 461 690 461 689 461 688 461 687 461 686 461 685 461 684 461 683 461 682 461 681 461 680 461 679 461 678 461 677 461 676 461 675 461 674 461 673 461 672 461 671 461 670 461 669 461 668 461 667 461 666 461 665 461 664 461 663 461 662 461 661 461 660 461 659 461 658 461 657 461 656 461 655 461 654 461 653 461 652 461 651 461 650 461 649 461 648 461 647 461 646 461 645 461 644 461 643 461
synthetic C-r2-a0-s0-1-0 build/block3-C-v1/C-r2-a0-s0.png 23 797 461 796 461 795 461 794 461 793 461 792 461 791 461 790 461 789 461 788 461 787 461 786 461 785 461 784 461 783 461 782 461 781 461 780 461 779 461 778 461 777 461 776 461 775 461
synthetic C-r2-a0-s0-1-1 build/block3-C-v1/C-r2-a0-s0.png 23 799 485 799 484 799 483 799 482 799 481 799 480 799 479 799 478 799 477 799 476 799 475 799 474 799 473 799 472 799 471 799 470 799 469 799 468 799 467 799 466 799 465 799 464 799 463
synthetic C-r2-a0-s0-2-0 build/block3-C-v1/C-r2-a0-s0.png 55 799 617 799 616 799 615 799 614 799 613 799 612 799 611 799 610 799 609 799 608 799 607 799 606 799 605 799 604 799 603 799 602 799 601 799 600 799 599 799 598 799 597 799 596 799 595 799 594 799 593 799 592 799 591 799 590 799 589 799 588 799 587 799 586 799 585 799 584 799 583 799 582 799 581 799 580 799 579 799 578 799 577 799 576 799 575 799 574 799 573 799 572 799 571 799 570 799 569 799 568 799 567 799 566 799 565 799 564 799 563
synthetic C-r2-a0-s0-2-1 build/block3-C-v1/C-r2-a0-s0.png 55 743 619 744 619 745 619 746 619 747 619 748 619 749 619 750 619 751 619 752 619 753 619 754 619 755 619 756 619 757 619 758 619 759 619 760 619 761 619 762 619 763 619 764 619 765 619 766 619 767 619 768 619 769 619 770 619 771 619 772 619 773 619 774 619 775 619 776 619 777 619 778 619 779 619 780 619 781 619 782 619 783 619 784 619 785 619 786 619 787 619 788 619 789 619 790 619 791 619 792 619 793 619 794 619 795 619 796 619 797 619
synthetic C-r2-a0-s0-3-0 build/block3-C-v1/C-r2-a0-s0.png 55 641 563 641 564 641 565 641 566 641 567 641 568 641 569 641 570 641 571 641 572 641 573 641 574 641 575 641 576 641 577 641 578 641 579 641 580 641 581 641 582 641 583 641 584 641 585 641 586 641 587 641 588 641 589 641 590 641 591 641 592 641 593 641 594 641 595 641 596 641 597 641 598 641 599 641 600 641 601 641 602 641 603 641 604 641 605 641 606 641 607 641 608 641 609 641 610 641 611 641 612 641 613 641 614 641 615 641 616 641 617
synthetic C-r2-a0-s0-3-1 build/block3-C-v1/C-r2-a0-s0.png 55 643 619 644 619 645 619 646 619 647 619 648 619 649 619 650 619 651 619 652 619 653 619 654 619 655 619 656 619 657 619 658 619 659 619 660 619 661 619 662 619 663 619 664 619 665 619 666 619 667 619 668 619 669 619 670 619 671 619 672 619 673 619 674 619 675 619 676 619 677 619 678 619 679 619 680 619 681 619 682 619 683 619 684 619 685 619 686 619 687 619 688 619 689 619 690 619 691 619 692 619 693 619 694 619 695 619 696 619 697 619
synthetic C-r2-a0-s11-0-0 build/block3-C-v1/C-r2-a0-s11.png 55 641 463 641 464 641 465 641 466 641 467 641 468 641 469 641 470 641 471 641 472 641 473 641 474 641 475 641 476 641 477 641 478 641 479 641 480 641 481 641 482 641 483 641 484 641 485 641 486 641 487 641 488 641 489 641 490 641 491 641 492 641 493 641 494 641 495 641 496 641 497 641 498 641 499 641 500 641 501 641 502 641 503 641 504 641 505 641 506 641 507 641 508 641 509 641 510 641 511 641 512 641 513 641 514 641 515 641 516 641 517
synthetic C-r2-a0-s11-0-1 build/block3-C-v1/C-r2-a0-s11.png 55 697 461 696 461 695 461 694 461 693 461 692 461 691 461 690 461 689 461 688 461 687 461 686 461 685 461 684 461 683 461 682 461 681 461 680 461 679 461 678 461 677 461 676 461 675 461 674 461 673 461 672 461 671 461 670 461 669 461 668 461 667 461 666 461 665 461 664 461 663 461 662 461 661 461 660 461 659 461 658 461 657 461 656 461 655 461 654 461 653 461 652 461 651 461 650 461 649 461 648 461 647 461 646 461 645 461 644 461 643 461
synthetic C-r2-a0-s11-1-0 build/block3-C-v1/C-r2-a0-s11.png 23 797 461 796 461 795 461 794 461 793 461 792 461 791 461 790 461 789 461 788 461 787 461 786 461 785 461 784 461 783 461 782 461 781 461 780 461 779 461 778 461 777 461 776 461 775 461
synthetic C-r2-a0-s11-1-1 build/block3-C-v1/C-r2-a0-s11.png 23 799 485 799 484 799 483 799 482 799 481 799 480 799 479 799 478 799 477 799 476 799 475 799 474 799 473 799 472 799 471 799 470 799 469 799 468 799 467 799 466 799 465 799 464 799 463
synthetic C-r2-a0-s11-2-0 build/block3-C-v1/C-r2-a0-s11.png 55 799 617 799 616 799 615 799 614 799 613 799 612 799 611 799 610 799 609 799 608 799 607 799 606 799 605 799 604 799 603 799 602 799 601 799 600 799 599 799 598 799 597 799 596 799 595 799 594 799 593 799 592 799 591 799 590 799 589 799 588 799 587 799 586 799 585 799 584 799 583 799 582 799 581 799 580 799 579 799 578 799 577 799 576 799 575 799 574 799 573 799 572 799 571 799 570 799 569 799 568 799 567 799 566 799 565 799 564 799 563
synthetic C-r2-a0-s11-2-1 build/block3-C-v1/C-r2-a0-s11.png 55 743 619 744 619 745 619 746 619 747 619 748 619 749 619 750 619 751 619 752 619 753 619 754 619 755 619 756 619 757 619 758 619 759 619 760 619 761 619 762 619 763 619 764 619 765 619 766 619 767 619 768 619 769 619 770 619 771 619 772 619 773 619 774 619 775 619 776 619 777 619 778 619 779 619 780 619 781 619 782 619 783 619 784 619 785 619 786 619 787 619 788 619 789 619 790 619 791 619 792 619 793 619 794 619 795 619 796 619 797 619
synthetic C-r2-a0-s11-3-0 build/block3-C-v1/C-r2-a0-s11.png 55 641 563 641 564 641 565 641 566 641 567 641 568 641 569 641 570 641 571 641 572 641 573 641 574 641 575 641 576 641 577 641 578 641 579 641 580 641 581 641 582 641 583 641 584 641 585 641 586 641 587 641 588 641 589 641 590 641 591 641 592 641 593 641 594 641 595 641 596 641 597 641 598 641 599 641 600 641 601 641 602 641 603 641 604 641 605 641 606 641 607 641 608 641 609 641 610 641 611 641 612 641 613 641 614 641 615 641 616 641 617
synthetic C-r2-a0-s11-3-1 build/block3-C-v1/C-r2-a0-s11.png 55 643 619 644 619 645 619 646 619 647 619 648 619 649 619 650 619 651 619 652 619 653 619 654 619 655 619 656 619 657 619 658 619 659 619 660 619 661 619 662 619 663 619 664 619 665 619 666 619 667 619 668 619 669 619 670 619 671 619 672 619 673 619 674 619 675 619 676 619 677 619 678 619 679 619 680 619 681 619 682 619 683 619 684 619 685 619 686 619 687 619 688 619 689 619 690 619 691 619 692 619 693 619 694 619 695 619 696 619 697 619
synthetic C-r2-a0-s22-0-0 build/block3-C-v1/C-r2-a0-s22.png 55 641 463 641 464 641 465 641 466 641 467 641 468 641 469 641 470 641 471 641 472 641 473 641 474 641 475 641 476 641 477 641 478 641 479 641 480 641 481 641 482 641 483 641 484 641 485 641 486 641 487 641 488 641 489 641 490 641 491 641 492 641 493 641 494 641 495 641 496 641 497 641 498 641 499 641 500 641 501 641 502 641 503 641 504 641 505 641 506 641 507 641 508 641 509 641 510 641 511 641 512 641 513 641 514 641 515 641 516 641 517
synthetic C-r2-a0-s22-0-1 build/block3-C-v1/C-r2-a0-s22.png 55 697 461 696 461 695 461 694 461 693 461 692 461 691 461 690 461 689 461 688 461 687 461 686 461 685 461 684 461 683 461 682 461 681 461 680 461 679 461 678 461 677 461 676 461 675 461 674 461 673 461 672 461 671 461 670 461 669 461 668 461 667 461 666 461 665 461 664 461 663 461 662 461 661 461 660 461 659 461 658 461 657 461 656 461 655 461 654 461 653 461 652 461 651 461 650 461 649 461 648 461 647 461 646 461 645 461 644 461 643 461
synthetic C-r2-a0-s22-1-0 build/block3-C-v1/C-r2-a0-s22.png 23 797 461 796 461 795 461 794 461 793 461 792 461 791 461 790 461 789 461 788 461 787 461 786 461 785 461 784 461 783 461 782 461 781 461 780 461 779 461 778 461 777 461 776 461 775 461
synthetic C-r2-a0-s22-1-1 build/block3-C-v1/C-r2-a0-s22.png 23 799 485 799 484 799 483 799 482 799 481 799 480 799 479 799 478 799 477 799 476 799 475 799 474 799 473 799 472 799 471 799 470 799 469 799 468 799 467 799 466 799 465 799 464 799 463
synthetic C-r2-a0-s22-2-0 build/block3-C-v1/C-r2-a0-s22.png 55 799 617 799 616 799 615 799 614 799 613 799 612 799 611 799 610 799 609 799 608 799 607 799 606 799 605 799 604 799 603 799 602 799 601 799 600 799 599 799 598 799 597 799 596 799 595 799 594 799 593 799 592 799 591 799 590 799 589 799 588 799 587 799 586 799 585 799 584 799 583 799 582 799 581 799 580 799 579 799 578 799 577 799 576 799 575 799 574 799 573 799 572 799 571 799 570 799 569 799 568 799 567 799 566 799 565 799 564 799 563
synthetic C-r2-a0-s22-2-1 build/block3-C-v1/C-r2-a0-s22.png 55 743 619 744 619 745 619 746 619 747 619 748 619 749 619 750 619 751 619 752 619 753 619 754 619 755 619 756 619 757 619 758 619 759 619 760 619 761 619 762 619 763 619 764 619 765 619 766 619 767 619 768 619 769 619 770 619 771 619 772 619 773 619 774 619 775 619 776 619 777 619 778 619 779 619 780 619 781 619 782 619 783 619 784 619 785 619 786 619 787 619 788 619 789 619 790 619 791 619 792 619 793 619 794 619 795 619 796 619 797 619
synthetic C-r2-a0-s22-3-0 build/block3-C-v1/C-r2-a0-s22.png 55 641 563 641 564 641 565 641 566 641 567 641 568 641 569 641 570 641 571 641 572 641 573 641 574 641 575 641 576 641 577 641 578 641 579 641 580 641 581 641 582 641 583 641 584 641 585 641 586 641 587 641 588 641 589 641 590 641 591 641 592 641 593 641 594 641 595 641 596 641 597 641 598 641 599 641 600 641 601 641 602 641 603 641 604 641 605 641 606 641 607 641 608 641 609 641 610 641 611 641 612 641 613 641 614 641 615 641 616 641 617
synthetic C-r2-a0-s22-3-1 build/block3-C-v1/C-r2-a0-s22.png 55 643 619 644 619 645 619 646 619 647 619 648 619 649 619 650 619 651 619 652 619 653 619 654 619 655 619 656 619 657 619 658 619 659 619 660 619 661 619 662 619 663 619 664 619 665 619 666 619 667 619 668 619 669 619 670 619 671 619 672 619 673 619 674 619 675 619 676 619 677 619 678 619 679 619 680 619 681 619 682 619 683 619 684 619 685 619 686 619 687 619 688 619 689 619 690 619 691 619 692 619 693 619 694 619 695 619 696 619 697 619
synthetic C-r2-a0-s33-0-0 build/block3-C-v1/C-r2-a0-s33.png 55 641 463 641 464 641 465 641 466 641 467 641 468 641 469 641 470 641 471 641 472 641 473 641 474 641 475 641 476 641 477 641 478 641 479 641 480 641 481 641 482 641 483 641 484 641 485 641 486 641 487 641 488 641 489 641 490 641 491 641 492 641 493 641 494 641 495 641 496 641 497 641 498 641 499 641 500 641 501 641 502 641 503 641 504 641 505 641 506 641 507 641 508 641 509 641 510 641 511 641 512 641 513 641 514 641 515 641 516 641 517
synthetic C-r2-a0-s33-0-1 build/block3-C-v1/C-r2-a0-s33.png 55 697 461 696 461 695 461 694 461 693 461 692 461 691 461 690 461 689 461 688 461 687 461 686 461 685 461 684 461 683 461 682 461 681 461 680 461 679 461 678 461 677 461 676 461 675 461 674 461 673 461 672 461 671 461 670 461 669 461 668 461 667 461 666 461 665 461 664 461 663 461 662 461 661 461 660 461 659 461 658 461 657 461 656 461 655 461 654 461 653 461 652 461 651 461 650 461 649 461 648 461 647 461 646 461 645 461 644 461 643 461
synthetic C-r2-a0-s33-1-0 build/block3-C-v1/C-r2-a0-s33.png 23 797 461 796 461 795 461 794 461 793 461 792 461 791 461 790 461 789 461 788 461 787 461 786 461 785 461 784 461 783 461 782 461 781 461 780 461 779 461 778 461 777 461 776 461 775 461
synthetic C-r2-a0-s33-1-1 build/block3-C-v1/C-r2-a0-s33.png 23 799 485 799 484 799 483 799 482 799 481 799 480 799 479 799 478 799 477 799 476 799 475 799 474 799 473 799 472 799 471 799 470 799 469 799 468 799 467 799 466 799 465 799 464 799 463
synthetic C-r2-a0-s33-2-0 build/block3-C-v1/C-r2-a0-s33.png 55 799 617 799 616 799 615 799 614 799 613 799 612 799 611 799 610 799 609 799 608 799 607 799 606 799 605 799 604 799 603 799 602 799 601 799 600 799 599 799 598 799 597 799 596 799 595 799 594 799 593 799 592 799 591 799 590 799 589 799 588 799 587 799 586 799 585 799 584 799 583 799 582 799 581 799 580 799 579 799 578 799 577 799 576 799 575 799 574 799 573 799 572 799 571 799 570 799 569 799 568 799 567 799 566 799 565 799 564 799 563
synthetic C-r2-a0-s33-2-1 build/block3-C-v1/C-r2-a0-s33.png 55 743 619 744 619 745 619 746 619 747 619 748 619 749 619 750 619 751 619 752 619 753 619 754 619 755 619 756 619 757 619 758 619 759 619 760 619 761 619 762 619 763 619 764 619 765 619 766 619 767 619 768 619 769 619 770 619 771 619 772 619 773 619 774 619 775 619 776 619 777 619 778 619 779 619 780 619 781 619 782 619 783 619 784 619 785 619 786 619 787 619 788 619 789 619 790 619 791 619 792 619 793 619 794 619 795 619 796 619 797 619
synthetic C-r2-a0-s33-3-0 build/block3-C-v1/C-r2-a0-s33.png 55 641 563 641 564 641 565 641 566 641 567 641 568 641 569 641 570 641 571 641 572 641 573 641 574 641 575 641 576 641 577 641 578 641 579 641 580 641 581 641 582 641 583 641 584 641 585 641 586 641 587 641 588 641 589 641 590 641 591 641 592 641 593 641 594 641 595 641 596 641 597 641 598 641 599 641 600 641 601 641 602 641 603 641 604 641 605 641 606 641 607 641 608 641 609 641 610 641 611 641 612 641 613 641 614 641 615 641 616 641 617
synthetic C-r2-a0-s33-3-1 build/block3-C-v1/C-r2-a0-s33.png 55 643 619 644 619 645 619 646 619 647 619 648 619 649 619 650 619 651 619 652 619 653 619 654 619 655 619 656 619 657 619 658 619 659 619 660 619 661 619 662 619 663 619 664 619 665 619 666 619 667 619 668 619 669 619 670 619 671 619 672 619 673 619 674 619 675 619 676 619 677 619 678 619 679 619 680 619 681 619 682 619 683 619 684 619 685 619 686 619 687 619 688 619 689 619 690 619 691 619 692 619 693 619 694 619 695 619 696 619 697 619
synthetic C-r2-a0-s44-0-0 build/block3-C-v1/C-r2-a0-s44.png 55 641 463 641 464 641 465 641 466 641 467 641 468 641 469 641 470 641 471 641 472 641 473 641 474 641 475 641 476 641 477 641 478 641 479 641 480 641 481 641 482 641 483 641 484 641 485 641 486 641 487 641 488 641 489 641 490 641 491 641 492 641 493 641 494 641 495 641 496 641 497 641 498 641 499 641 500 641 501 641 502 641 503 641 504 641 505 641 506 641 507 641 508 641 509 641 510 641 511 641 512 641 513 641 514 641 515 641 516 641 517
synthetic C-r2-a0-s44-0-1 build/block3-C-v1/C-r2-a0-s44.png 55 697 461 696 461 695 461 694 461 693 461 692 461 691 461 690 461 689 461 688 461 687 461 686 461 685 461 684 461 683 461 682 461 681 461 680 461 679 461 678 461 677 461 676 461 675 461 674 461 673 461 672 461 671 461 670 461 669 461 668 461 667 461 666 461 665 461 664 461 663 461 662 461 661 461 660 461 659 461 658 461 657 461 656 461 655 461 654 461 653 461 652 461 651 461 650 461 649 461 648 461 647 461 646 461 645 461 644 461 643 461
synthetic C-r2-a0-s44-1-0 build/block3-C-v1/C-r2-a0-s44.png 23 797 461 796 461 795 461 794 461 793 461 792 461 791 461 790 461 789 461 788 461 787 461 786 461 785 461 784 461 783 461 782 461 781 461 780 461 779 461 778 461 777 461 776 461 775 461
synthetic C-r2-a0-s44-1-1 build/block3-C-v1/C-r2-a0-s44.png 23 799 485 799 484 799 483 799 482 799 481 799 480 799 479 799 478 799 477 799 476 799 475 799 474 799 473 799 472 799 471 799 470 799 469 799 468 799 467 799 466 799 465 799 464 799 463
synthetic C-r2-a0-s44-2-0 build/block3-C-v1/C-r2-a0-s44.png 55 799 617 799 616 799 615 799 614 799 613 799 612 799 611 799 610 799 609 799 608 799 607 799 606 799 605 799 604 799 603 799 602 799 601 799 600 799 599 799 598 799 597 799 596 799 595 799 594 799 593 799 592 799 591 799 590 799 589 799 588 799 587 799 586 799 585 799 584 799 583 799 582 799 581 799 580 799 579 799 578 799 577 799 576 799 575 799 574 799 573 799 572 799 571 799 570 799 569 799 568 799 567 799 566 799 565 799 564 799 563
synthetic C-r2-a0-s44-2-1 build/block3-C-v1/C-r2-a0-s44.png 55 743 619 744 619 745 619 746 619 747 619 748 619 749 619 750 619 751 619 752 619 753 619 754 619 755 619 756 619 757 619 758 619 759 619 760 619 761 619 762 619 763 619 764 619 765 619 766 619 767 619 768 619 769 619 770 619 771 619 772 619 773 619 774 619 775 619 776 619 777 619 778 619 779 619 780 619 781 619 782 619 783 619 784 619 785 619 786 619 787 619 788 619 789 619 790 619 791 619 792 619 793 619 794 619 795 619 796 619 797 619
synthetic C-r2-a0-s44-3-0 build/block3-C-v1/C-r2-a0-s44.png 55 641 563 641 564 641 565 641 566 641 567 641 568 641 569 641 570 641 571 641 572 641 573 641 574 641 575 641 576 641 577 641 578 641 579 641 580 641 581 641 582 641 583 641 584 641 585 641 586 641 587 641 588 641 589 641 590 641 591 641 592 641 593 641 594 641 595 641 596 641 597 641 598 641 599 641 600 641 601 641 602 641 603 641 604 641 605 641 606 641 607 641 608 641 609 641 610 641 611 641 612 641 613 641 614 641 615 641 616 641 617
synthetic C-r2-a0-s44-3-1 build/block3-C-v1/C-r2-a0-s44.png 55 643 619 644 619 645 619 646 619 647 619 648 619 649 619 650 619 651 619 652 619 653 619 654 619 655 619 656 619 657 619 658 619 659 619 660 619 661 619 662 619 663 619 664 619 665 619 666 619 667 619 668 619 669 619 670 619 671 619 672 619 673 619 674 619 675 619 676 619 677 619 678 619 679 619 680 619 681 619 682 619 683 619 684 619 685 619 686 619 687 619 688 619 689 619 690 619 691 619 692 619 693 619 694 619 695 619 696 619 697 619
